#
# There is insufficient memory for the Java Runtime Environment to continue.
# Native memory allocation (mmap) failed to map 33554432 bytes. Error detail: G1 virtual space
# Possible reasons:
#   The system is out of physical RAM or swap space
#   This process is running with CompressedOops enabled, and the Java Heap may be blocking the growth of the native heap
# Possible solutions:
#   Reduce memory load on the system
#   Increase physical memory or swap space
#   Check if swap backing store is full
#   Decrease Java heap size (-Xmx/-Xms)
#   Decrease number of Java threads
#   Decrease Java thread stack sizes (-Xss)
#   Set larger code cache with -XX:ReservedCodeCacheSize=
#   JVM is running with Unscaled Compressed Oops mode in which the Java heap is
#     placed in the first 4GB address space. The Java Heap base address is the
#     maximum limit for the native heap growth. Please use -XX:HeapBaseMinAddress
#     to set the Java Heap base and to place the Java Heap above 4GB virtual address.
# This output file may be truncated or incomplete.
#
#  Out of Memory Error (os_windows.cpp:3828), pid=4612, tid=2732
#
# JRE version: OpenJDK Runtime Environment (21.0.4) (build 21.0.4+-12508038-b607.1)
# Java VM: OpenJDK 64-Bit Server VM (21.0.4+-12508038-b607.1, mixed mode, tiered, compressed oops, compressed class ptrs, g1 gc, windows-amd64)
# No core dump will be written. Minidumps are not enabled by default on client versions of Windows
#

---------------  S U M M A R Y ------------

Command Line: --add-opens=java.base/java.util=ALL-UNNAMED --add-opens=java.base/java.lang=ALL-UNNAMED --add-opens=java.base/java.lang.invoke=ALL-UNNAMED --add-opens=java.prefs/java.util.prefs=ALL-UNNAMED --add-exports=jdk.compiler/com.sun.tools.javac.api=ALL-UNNAMED --add-exports=jdk.compiler/com.sun.tools.javac.util=ALL-UNNAMED --add-opens=java.base/java.nio.charset=ALL-UNNAMED --add-opens=java.base/java.net=ALL-UNNAMED --add-opens=java.base/java.util.concurrent.atomic=ALL-UNNAMED -Xmx2048m -Dfile.encoding=UTF-8 -Duser.country=GB -Duser.language=en -Duser.variant -javaagent:C:\Users\rumaa\.gradle\wrapper\dists\gradle-8.10.2-bin\a04bxjujx95o3nb99gddekhwo\gradle-8.10.2\lib\agents\gradle-instrumentation-agent-8.10.2.jar org.gradle.launcher.daemon.bootstrap.GradleDaemon 8.10.2

Host: 11th Gen Intel(R) Core(TM) i5-1145G7 @ 2.60GHz, 8 cores, 15G,  Windows 11 , 64 bit Build 22621 (10.0.22621.4391)
Time: Mon Jan 13 21:27:14 2025 Bangladesh Standard Time elapsed time: 242.121560 seconds (0d 0h 4m 2s)

---------------  T H R E A D  ---------------

Current thread (0x000001fac2126890):  VMThread "VM Thread"          [id=2732, stack(0x000000cb09000000,0x000000cb09100000) (1024K)]

Stack: [0x000000cb09000000,0x000000cb09100000]
Native frames: (J=compiled Java code, j=interpreted, Vv=VM code, C=native code)
V  [jvm.dll+0x6ce539]
V  [jvm.dll+0x85bf03]
V  [jvm.dll+0x85e45e]
V  [jvm.dll+0x85eb43]
V  [jvm.dll+0x27dd06]
V  [jvm.dll+0x6cada5]
V  [jvm.dll+0x6bf27a]
V  [jvm.dll+0x3541fb]
V  [jvm.dll+0x35be36]
V  [jvm.dll+0x3adbc6]
V  [jvm.dll+0x3ade98]
V  [jvm.dll+0x32691c]
V  [jvm.dll+0x3269a7]
V  [jvm.dll+0x36c78c]
V  [jvm.dll+0x36af3e]
V  [jvm.dll+0x326071]
V  [jvm.dll+0x36a650]
V  [jvm.dll+0x8648c8]
V  [jvm.dll+0x865c44]
V  [jvm.dll+0x866180]
V  [jvm.dll+0x866413]
V  [jvm.dll+0x804418]
V  [jvm.dll+0x6cce0d]
C  [ucrtbase.dll+0x29333]
C  [KERNEL32.DLL+0x1259d]
C  [ntdll.dll+0x5af38]

VM_Operation (0x000000cb0a6f9000): G1CollectForAllocation, mode: safepoint, requested by thread 0x000001fac834eff0


---------------  P R O C E S S  ---------------

Threads class SMR info:
_java_thread_list=0x000001face3f1690, length=33, elements={
0x000001faa87fd7b0, 0x000001fac2243f00, 0x000001fac2247980, 0x000001fac2248810,
0x000001fac2249360, 0x000001fac22535b0, 0x000001fac2226fd0, 0x000001fac222ab70,
0x000001fac2254400, 0x000001fac22262b0, 0x000001fac2227660, 0x000001fac2226940,
0x000001fac2224870, 0x000001fac2224f00, 0x000001fac8349aa0, 0x000001fac834a130,
0x000001fac834a7c0, 0x000001fac834bb70, 0x000001fac834c200, 0x000001fac834e2d0,
0x000001fac2227cf0, 0x000001fac8349410, 0x000001fac834ae50, 0x000001fac834dc40,
0x000001fac834eff0, 0x000001fac834c890, 0x000001fac834cf20, 0x000001fac834b4e0,
0x000001fac8348d80, 0x000001fac8348060, 0x000001fac834e960, 0x000001facd219200,
0x000001facd21b2d0
}

Java Threads: ( => current thread )
  0x000001faa87fd7b0 JavaThread "main"                              [_thread_blocked, id=11420, stack(0x000000cb08900000,0x000000cb08a00000) (1024K)]
  0x000001fac2243f00 JavaThread "Reference Handler"          daemon [_thread_blocked, id=8296, stack(0x000000cb09100000,0x000000cb09200000) (1024K)]
  0x000001fac2247980 JavaThread "Finalizer"                  daemon [_thread_blocked, id=11716, stack(0x000000cb09200000,0x000000cb09300000) (1024K)]
  0x000001fac2248810 JavaThread "Signal Dispatcher"          daemon [_thread_blocked, id=6160, stack(0x000000cb09300000,0x000000cb09400000) (1024K)]
  0x000001fac2249360 JavaThread "Attach Listener"            daemon [_thread_blocked, id=16008, stack(0x000000cb09400000,0x000000cb09500000) (1024K)]
  0x000001fac22535b0 JavaThread "Service Thread"             daemon [_thread_blocked, id=5420, stack(0x000000cb09500000,0x000000cb09600000) (1024K)]
  0x000001fac2226fd0 JavaThread "Monitor Deflation Thread"   daemon [_thread_blocked, id=6156, stack(0x000000cb09600000,0x000000cb09700000) (1024K)]
  0x000001fac222ab70 JavaThread "C2 CompilerThread0"         daemon [_thread_blocked, id=4332, stack(0x000000cb09700000,0x000000cb09800000) (1024K)]
  0x000001fac2254400 JavaThread "C1 CompilerThread0"         daemon [_thread_blocked, id=12628, stack(0x000000cb09800000,0x000000cb09900000) (1024K)]
  0x000001fac22262b0 JavaThread "Common-Cleaner"             daemon [_thread_blocked, id=8220, stack(0x000000cb09900000,0x000000cb09a00000) (1024K)]
  0x000001fac2227660 JavaThread "Notification Thread"        daemon [_thread_blocked, id=11964, stack(0x000000cb09a00000,0x000000cb09b00000) (1024K)]
  0x000001fac2226940 JavaThread "Daemon health stats"               [_thread_blocked, id=7752, stack(0x000000cb0a300000,0x000000cb0a400000) (1024K)]
  0x000001fac2224870 JavaThread "Incoming local TCP Connector on port 3557"        [_thread_in_native, id=15388, stack(0x000000cb0a400000,0x000000cb0a500000) (1024K)]
  0x000001fac2224f00 JavaThread "Daemon periodic checks"            [_thread_blocked, id=9416, stack(0x000000cb0a500000,0x000000cb0a600000) (1024K)]
  0x000001fac8349aa0 JavaThread "Cache worker for journal cache (C:\Users\rumaa\.gradle\caches\journal-1)"        [_thread_blocked, id=2108, stack(0x000000cb0ad00000,0x000000cb0ae00000) (1024K)]
  0x000001fac834a130 JavaThread "File lock request listener"        [_thread_in_native, id=14752, stack(0x000000cb0ae00000,0x000000cb0af00000) (1024K)]
  0x000001fac834a7c0 JavaThread "Cache worker for file hash cache (C:\Users\rumaa\.gradle\caches\8.10.2\fileHashes)"        [_thread_blocked, id=2888, stack(0x000000cb0af00000,0x000000cb0b000000) (1024K)]
  0x000001fac834bb70 JavaThread "File watcher server"        daemon [_thread_blocked, id=13636, stack(0x000000cb0b400000,0x000000cb0b500000) (1024K)]
  0x000001fac834c200 JavaThread "File watcher consumer"      daemon [_thread_blocked, id=13924, stack(0x000000cb0b500000,0x000000cb0b600000) (1024K)]
  0x000001fac834e2d0 JavaThread "Cache worker for file content cache (C:\Users\rumaa\.gradle\caches\8.10.2\fileContent)"        [_thread_blocked, id=14728, stack(0x000000cb0b600000,0x000000cb0b700000) (1024K)]
  0x000001fac2227cf0 JavaThread "Memory manager"                    [_thread_blocked, id=16576, stack(0x000000cb0d000000,0x000000cb0d100000) (1024K)]
  0x000001fac8349410 JavaThread "Daemon Thread 2"                   [_thread_blocked, id=5212, stack(0x000000cb08600000,0x000000cb08700000) (1024K)]
  0x000001fac834ae50 JavaThread "Handler for socket connection from /127.0.0.1:3557 to /127.0.0.1:4163"        [_thread_in_native, id=13684, stack(0x000000cb08700000,0x000000cb08800000) (1024K)]
  0x000001fac834dc40 JavaThread "Cancel handler"                    [_thread_blocked, id=8844, stack(0x000000cb08800000,0x000000cb08900000) (1024K)]
  0x000001fac834eff0 JavaThread "Daemon worker Thread 2"            [_thread_blocked, id=14968, stack(0x000000cb0a600000,0x000000cb0a700000) (1024K)]
  0x000001fac834c890 JavaThread "Asynchronous log dispatcher for DefaultDaemonConnection: socket connection from /127.0.0.1:3557 to /127.0.0.1:4163"        [_thread_blocked, id=6896, stack(0x000000cb0a700000,0x000000cb0a800000) (1024K)]
  0x000001fac834cf20 JavaThread "Stdin handler"                     [_thread_blocked, id=10048, stack(0x000000cb0a800000,0x000000cb0a900000) (1024K)]
  0x000001fac834b4e0 JavaThread "Daemon client event forwarder"        [_thread_blocked, id=4672, stack(0x000000cb0a900000,0x000000cb0aa00000) (1024K)]
  0x000001fac8348d80 JavaThread "Cache worker for file hash cache (C:\Users\rumaa\AndroidStudioProjects\donate\.gradle\8.10.2\fileHashes)"        [_thread_blocked, id=6168, stack(0x000000cb0aa00000,0x000000cb0ab00000) (1024K)]
  0x000001fac8348060 JavaThread "Cache worker for Build Output Cleanup Cache (C:\Users\rumaa\AndroidStudioProjects\donate\.gradle\buildOutputCleanup)"        [_thread_blocked, id=8768, stack(0x000000cb0ab00000,0x000000cb0ac00000) (1024K)]
  0x000001fac834e960 JavaThread "Cache worker for checksums cache (C:\Users\rumaa\AndroidStudioProjects\donate\.gradle\8.10.2\checksums)"        [_thread_blocked, id=9232, stack(0x000000cb0ac00000,0x000000cb0ad00000) (1024K)]
  0x000001facd219200 JavaThread "Cache worker for cache directory md-rule (C:\Users\rumaa\.gradle\caches\8.10.2\md-rule)"        [_thread_blocked, id=2712, stack(0x000000cb0b000000,0x000000cb0b100000) (1024K)]
  0x000001facd21b2d0 JavaThread "Cache worker for cache directory md-supplier (C:\Users\rumaa\.gradle\caches\8.10.2\md-supplier)"        [_thread_blocked, id=11000, stack(0x000000cb0b100000,0x000000cb0b200000) (1024K)]
Total: 33

Other Threads:
=>0x000001fac2126890 VMThread "VM Thread"                           [id=2732, stack(0x000000cb09000000,0x000000cb09100000) (1024K)]
  0x000001fac21c0280 WatcherThread "VM Periodic Task Thread"        [id=1200, stack(0x000000cb08f00000,0x000000cb09000000) (1024K)]
  0x000001faaaab2d90 WorkerThread "GC Thread#0"                     [id=13104, stack(0x000000cb08a00000,0x000000cb08b00000) (1024K)]
  0x000001fac297bed0 WorkerThread "GC Thread#1"                     [id=12060, stack(0x000000cb09d00000,0x000000cb09e00000) (1024K)]
  0x000001fac2d306a0 WorkerThread "GC Thread#2"                     [id=5648, stack(0x000000cb09e00000,0x000000cb09f00000) (1024K)]
  0x000001fac2d30a40 WorkerThread "GC Thread#3"                     [id=9420, stack(0x000000cb09f00000,0x000000cb0a000000) (1024K)]
  0x000001fac2d784d0 WorkerThread "GC Thread#4"                     [id=11168, stack(0x000000cb0a000000,0x000000cb0a100000) (1024K)]
  0x000001fac2aca3e0 WorkerThread "GC Thread#5"                     [id=14440, stack(0x000000cb0a100000,0x000000cb0a200000) (1024K)]
  0x000001fac8280d50 WorkerThread "GC Thread#6"                     [id=5232, stack(0x000000cb09c00000,0x000000cb09d00000) (1024K)]
  0x000001fac8282aa0 WorkerThread "GC Thread#7"                     [id=2228, stack(0x000000cb0a200000,0x000000cb0a300000) (1024K)]
  0x000001faaaac3d70 ConcurrentGCThread "G1 Main Marker"            [id=8336, stack(0x000000cb08b00000,0x000000cb08c00000) (1024K)]
  0x000001faaaac59f0 WorkerThread "G1 Conc#0"                       [id=2748, stack(0x000000cb08c00000,0x000000cb08d00000) (1024K)]
  0x000001fac8281880 WorkerThread "G1 Conc#1"                       [id=11584, stack(0x000000cb09b00000,0x000000cb09c00000) (1024K)]
  0x000001faaab0eb00 ConcurrentGCThread "G1 Refine#0"               [id=4036, stack(0x000000cb08d00000,0x000000cb08e00000) (1024K)]
  0x000001fac201da50 ConcurrentGCThread "G1 Service"                [id=4016, stack(0x000000cb08e00000,0x000000cb08f00000) (1024K)]
Total: 15

Threads with active compile tasks:
Total: 0

VM state: at safepoint (normal execution)

VM Mutex/Monitor currently owned by a thread:  ([mutex/lock_event])
[0x00007ffbfd0e72f8] Threads_lock - owner thread: 0x000001fac2126890
[0x00007ffbfd0e73f8] Heap_lock - owner thread: 0x000001fac834eff0

Heap address: 0x0000000080000000, size: 2048 MB, Compressed Oops mode: 32-bit

CDS archive(s) not mapped
Compressed class space mapped at: 0x0000000100000000-0x0000000140000000, reserved size: 1073741824
Narrow klass base: 0x0000000000000000, Narrow klass shift: 3, Narrow klass range: 0x140000000

GC Precious Log:
 CardTable entry size: 512
 Card Set container configuration: InlinePtr #cards 5 size 8 Array Of Cards #cards 12 size 40 Howl #buckets 4 coarsen threshold 1843 Howl Bitmap #cards 512 size 80 coarsen threshold 460 Card regions per heap region 1 cards per card region 2048
 CPUs: 8 total, 8 available
 Memory: 16064M
 Large Page Support: Disabled
 NUMA Support: Disabled
 Compressed Oops: Enabled (32-bit)
 Heap Region Size: 1M
 Heap Min Capacity: 8M
 Heap Initial Capacity: 252M
 Heap Max Capacity: 2G
 Pre-touch: Disabled
 Parallel Workers: 8
 Concurrent Workers: 2
 Concurrent Refinement Workers: 8
 Periodic GC: Disabled

Heap:
 garbage-first heap   total 162816K, used 106284K [0x0000000080000000, 0x0000000100000000)
  region size 1024K, 3 young (3072K), 3 survivors (3072K)
 Metaspace       used 105597K, committed 107776K, reserved 1179648K
  class space    used 14412K, committed 15552K, reserved 1048576K

Heap Regions: E=young(eden), S=young(survivor), O=old, HS=humongous(starts), HC=humongous(continues), CS=collection set, F=free, TAMS=top-at-mark-start, PB=parsable bottom
|   0|0x0000000080000000, 0x0000000080100000, 0x0000000080100000|100%| O|  |TAMS 0x0000000080100000| PB 0x0000000080000000| Untracked 
|   1|0x0000000080100000, 0x0000000080200000, 0x0000000080200000|100%| O|  |TAMS 0x0000000080200000| PB 0x0000000080100000| Untracked 
|   2|0x0000000080200000, 0x0000000080300000, 0x0000000080300000|100%|HS|  |TAMS 0x0000000080300000| PB 0x0000000080200000| Complete 
|   3|0x0000000080300000, 0x0000000080400000, 0x0000000080400000|100%|HC|  |TAMS 0x0000000080400000| PB 0x0000000080300000| Complete 
|   4|0x0000000080400000, 0x0000000080500000, 0x0000000080500000|100%|HC|  |TAMS 0x0000000080500000| PB 0x0000000080400000| Complete 
|   5|0x0000000080500000, 0x0000000080600000, 0x0000000080600000|100%|HC|  |TAMS 0x0000000080600000| PB 0x0000000080500000| Complete 
|   6|0x0000000080600000, 0x0000000080700000, 0x0000000080700000|100%| O|  |TAMS 0x0000000080700000| PB 0x0000000080600000| Untracked 
|   7|0x0000000080700000, 0x0000000080800000, 0x0000000080800000|100%| O|  |TAMS 0x0000000080800000| PB 0x0000000080700000| Untracked 
|   8|0x0000000080800000, 0x0000000080900000, 0x0000000080900000|100%| O|  |TAMS 0x0000000080900000| PB 0x0000000080800000| Untracked 
|   9|0x0000000080900000, 0x0000000080a00000, 0x0000000080a00000|100%|HS|  |TAMS 0x0000000080a00000| PB 0x0000000080900000| Complete 
|  10|0x0000000080a00000, 0x0000000080b00000, 0x0000000080b00000|100%| O|  |TAMS 0x0000000080b00000| PB 0x0000000080a00000| Untracked 
|  11|0x0000000080b00000, 0x0000000080c00000, 0x0000000080c00000|100%| O|  |TAMS 0x0000000080c00000| PB 0x0000000080b00000| Untracked 
|  12|0x0000000080c00000, 0x0000000080ceac60, 0x0000000080d00000| 91%| O|  |TAMS 0x0000000080ceac60| PB 0x0000000080c00000| Untracked 
|  13|0x0000000080d00000, 0x0000000080e00000, 0x0000000080e00000|100%| O|  |TAMS 0x0000000080e00000| PB 0x0000000080d00000| Untracked 
|  14|0x0000000080e00000, 0x0000000080f00000, 0x0000000080f00000|100%| O|  |TAMS 0x0000000080f00000| PB 0x0000000080e00000| Untracked 
|  15|0x0000000080f00000, 0x0000000081000000, 0x0000000081000000|100%| O|  |TAMS 0x0000000081000000| PB 0x0000000080f00000| Untracked 
|  16|0x0000000081000000, 0x0000000081100000, 0x0000000081100000|100%| O|  |TAMS 0x0000000081100000| PB 0x0000000081000000| Untracked 
|  17|0x0000000081100000, 0x0000000081200000, 0x0000000081200000|100%| O|  |TAMS 0x0000000081200000| PB 0x0000000081100000| Untracked 
|  18|0x0000000081200000, 0x0000000081300000, 0x0000000081300000|100%| O|  |TAMS 0x0000000081300000| PB 0x0000000081200000| Untracked 
|  19|0x0000000081300000, 0x0000000081400000, 0x0000000081400000|100%| O|  |TAMS 0x0000000081400000| PB 0x0000000081300000| Untracked 
|  20|0x0000000081400000, 0x0000000081500000, 0x0000000081500000|100%| O|  |TAMS 0x0000000081500000| PB 0x0000000081400000| Untracked 
|  21|0x0000000081500000, 0x0000000081600000, 0x0000000081600000|100%| O|  |TAMS 0x0000000081600000| PB 0x0000000081500000| Untracked 
|  22|0x0000000081600000, 0x0000000081700000, 0x0000000081700000|100%| O|  |TAMS 0x0000000081700000| PB 0x0000000081600000| Untracked 
|  23|0x0000000081700000, 0x0000000081800000, 0x0000000081800000|100%| O|  |TAMS 0x0000000081800000| PB 0x0000000081700000| Untracked 
|  24|0x0000000081800000, 0x0000000081900000, 0x0000000081900000|100%| O|  |TAMS 0x0000000081900000| PB 0x0000000081800000| Untracked 
|  25|0x0000000081900000, 0x0000000081a00000, 0x0000000081a00000|100%| O|  |TAMS 0x0000000081a00000| PB 0x0000000081900000| Untracked 
|  26|0x0000000081a00000, 0x0000000081b00000, 0x0000000081b00000|100%| O|  |TAMS 0x0000000081b00000| PB 0x0000000081a00000| Untracked 
|  27|0x0000000081b00000, 0x0000000081c00000, 0x0000000081c00000|100%| O|  |TAMS 0x0000000081c00000| PB 0x0000000081b00000| Untracked 
|  28|0x0000000081c00000, 0x0000000081d00000, 0x0000000081d00000|100%| O|  |TAMS 0x0000000081d00000| PB 0x0000000081c00000| Untracked 
|  29|0x0000000081d00000, 0x0000000081e00000, 0x0000000081e00000|100%| O|  |TAMS 0x0000000081e00000| PB 0x0000000081d00000| Untracked 
|  30|0x0000000081e00000, 0x0000000081f00000, 0x0000000081f00000|100%| O|  |TAMS 0x0000000081f00000| PB 0x0000000081e00000| Untracked 
|  31|0x0000000081f00000, 0x0000000082000000, 0x0000000082000000|100%| O|  |TAMS 0x0000000082000000| PB 0x0000000081f00000| Untracked 
|  32|0x0000000082000000, 0x0000000082100000, 0x0000000082100000|100%| O|  |TAMS 0x0000000082100000| PB 0x0000000082000000| Untracked 
|  33|0x0000000082100000, 0x0000000082200000, 0x0000000082200000|100%| O|  |TAMS 0x0000000082200000| PB 0x0000000082100000| Untracked 
|  34|0x0000000082200000, 0x0000000082300000, 0x0000000082300000|100%| O|  |TAMS 0x0000000082300000| PB 0x0000000082200000| Untracked 
|  35|0x0000000082300000, 0x0000000082400000, 0x0000000082400000|100%| O|  |TAMS 0x0000000082400000| PB 0x0000000082300000| Untracked 
|  36|0x0000000082400000, 0x0000000082500000, 0x0000000082500000|100%| O|  |TAMS 0x0000000082500000| PB 0x0000000082400000| Untracked 
|  37|0x0000000082500000, 0x0000000082600000, 0x0000000082600000|100%| O|  |TAMS 0x0000000082600000| PB 0x0000000082500000| Untracked 
|  38|0x0000000082600000, 0x0000000082700000, 0x0000000082700000|100%| O|  |TAMS 0x0000000082700000| PB 0x0000000082600000| Untracked 
|  39|0x0000000082700000, 0x0000000082800000, 0x0000000082800000|100%|HS|  |TAMS 0x0000000082800000| PB 0x0000000082700000| Complete 
|  40|0x0000000082800000, 0x0000000082900000, 0x0000000082900000|100%| O|  |TAMS 0x0000000082800000| PB 0x0000000082800000| Untracked 
|  41|0x0000000082900000, 0x0000000082a00000, 0x0000000082a00000|100%| O|  |TAMS 0x0000000082a00000| PB 0x0000000082900000| Untracked 
|  42|0x0000000082a00000, 0x0000000082b00000, 0x0000000082b00000|100%| O|  |TAMS 0x0000000082b00000| PB 0x0000000082a00000| Untracked 
|  43|0x0000000082b00000, 0x0000000082c00000, 0x0000000082c00000|100%| O|  |TAMS 0x0000000082c00000| PB 0x0000000082b00000| Untracked 
|  44|0x0000000082c00000, 0x0000000082d00000, 0x0000000082d00000|100%| O|  |TAMS 0x0000000082d00000| PB 0x0000000082c00000| Untracked 
|  45|0x0000000082d00000, 0x0000000082e00000, 0x0000000082e00000|100%|HS|  |TAMS 0x0000000082e00000| PB 0x0000000082d00000| Complete 
|  46|0x0000000082e00000, 0x0000000082f00000, 0x0000000082f00000|100%|HS|  |TAMS 0x0000000082f00000| PB 0x0000000082e00000| Complete 
|  47|0x0000000082f00000, 0x0000000083000000, 0x0000000083000000|100%| O|  |TAMS 0x0000000083000000| PB 0x0000000082f00000| Untracked 
|  48|0x0000000083000000, 0x0000000083100000, 0x0000000083100000|100%|HS|  |TAMS 0x0000000083100000| PB 0x0000000083000000| Complete 
|  49|0x0000000083100000, 0x0000000083200000, 0x0000000083200000|100%|HS|  |TAMS 0x0000000083200000| PB 0x0000000083100000| Complete 
|  50|0x0000000083200000, 0x0000000083300000, 0x0000000083300000|100%| O|  |TAMS 0x0000000083300000| PB 0x0000000083200000| Untracked 
|  51|0x0000000083300000, 0x0000000083400000, 0x0000000083400000|100%|HS|  |TAMS 0x0000000083400000| PB 0x0000000083300000| Complete 
|  52|0x0000000083400000, 0x0000000083500000, 0x0000000083500000|100%|HS|  |TAMS 0x0000000083500000| PB 0x0000000083400000| Complete 
|  53|0x0000000083500000, 0x0000000083600000, 0x0000000083600000|100%| O|  |TAMS 0x0000000083600000| PB 0x0000000083500000| Untracked 
|  54|0x0000000083600000, 0x0000000083700000, 0x0000000083700000|100%| O|  |TAMS 0x0000000083700000| PB 0x0000000083600000| Untracked 
|  55|0x0000000083700000, 0x0000000083800000, 0x0000000083800000|100%| O|  |TAMS 0x0000000083800000| PB 0x0000000083700000| Untracked 
|  56|0x0000000083800000, 0x0000000083900000, 0x0000000083900000|100%| O|  |TAMS 0x0000000083900000| PB 0x0000000083800000| Untracked 
|  57|0x0000000083900000, 0x0000000083a00000, 0x0000000083a00000|100%| O|  |TAMS 0x0000000083a00000| PB 0x0000000083900000| Untracked 
|  58|0x0000000083a00000, 0x0000000083b00000, 0x0000000083b00000|100%| O|  |TAMS 0x0000000083b00000| PB 0x0000000083a00000| Untracked 
|  59|0x0000000083b00000, 0x0000000083c00000, 0x0000000083c00000|100%| O|  |TAMS 0x0000000083c00000| PB 0x0000000083b00000| Untracked 
|  60|0x0000000083c00000, 0x0000000083d00000, 0x0000000083d00000|100%| O|  |TAMS 0x0000000083d00000| PB 0x0000000083c00000| Untracked 
|  61|0x0000000083d00000, 0x0000000083e00000, 0x0000000083e00000|100%| O|  |TAMS 0x0000000083e00000| PB 0x0000000083d00000| Untracked 
|  62|0x0000000083e00000, 0x0000000083f00000, 0x0000000083f00000|100%| O|  |TAMS 0x0000000083f00000| PB 0x0000000083e00000| Untracked 
|  63|0x0000000083f00000, 0x0000000084000000, 0x0000000084000000|100%| O|  |TAMS 0x0000000083f00000| PB 0x0000000083f00000| Untracked 
|  64|0x0000000084000000, 0x0000000084100000, 0x0000000084100000|100%| O|  |TAMS 0x0000000084100000| PB 0x0000000084000000| Untracked 
|  65|0x0000000084100000, 0x0000000084200000, 0x0000000084200000|100%| O|  |TAMS 0x0000000084200000| PB 0x0000000084100000| Untracked 
|  66|0x0000000084200000, 0x0000000084300000, 0x0000000084300000|100%| O|  |TAMS 0x0000000084300000| PB 0x0000000084200000| Untracked 
|  67|0x0000000084300000, 0x0000000084400000, 0x0000000084400000|100%| O|  |TAMS 0x0000000084400000| PB 0x0000000084300000| Untracked 
|  68|0x0000000084400000, 0x0000000084500000, 0x0000000084500000|100%| O|  |TAMS 0x0000000084500000| PB 0x0000000084400000| Untracked 
|  69|0x0000000084500000, 0x0000000084600000, 0x0000000084600000|100%| O|  |TAMS 0x0000000084600000| PB 0x0000000084500000| Untracked 
|  70|0x0000000084600000, 0x0000000084700000, 0x0000000084700000|100%| O|  |TAMS 0x0000000084700000| PB 0x0000000084600000| Untracked 
|  71|0x0000000084700000, 0x0000000084800000, 0x0000000084800000|100%| O|  |TAMS 0x0000000084800000| PB 0x0000000084700000| Untracked 
|  72|0x0000000084800000, 0x0000000084900000, 0x0000000084900000|100%| O|  |TAMS 0x0000000084900000| PB 0x0000000084800000| Untracked 
|  73|0x0000000084900000, 0x0000000084a00000, 0x0000000084a00000|100%| O|  |TAMS 0x0000000084a00000| PB 0x0000000084900000| Untracked 
|  74|0x0000000084a00000, 0x0000000084b00000, 0x0000000084b00000|100%| O|  |TAMS 0x0000000084b00000| PB 0x0000000084a00000| Untracked 
|  75|0x0000000084b00000, 0x0000000084c00000, 0x0000000084c00000|100%| O|  |TAMS 0x0000000084c00000| PB 0x0000000084b00000| Untracked 
|  76|0x0000000084c00000, 0x0000000084d00000, 0x0000000084d00000|100%| O|  |TAMS 0x0000000084d00000| PB 0x0000000084c00000| Untracked 
|  77|0x0000000084d00000, 0x0000000084e00000, 0x0000000084e00000|100%| O|  |TAMS 0x0000000084e00000| PB 0x0000000084d00000| Untracked 
|  78|0x0000000084e00000, 0x0000000084f00000, 0x0000000084f00000|100%| O|  |TAMS 0x0000000084f00000| PB 0x0000000084e00000| Untracked 
|  79|0x0000000084f00000, 0x0000000085000000, 0x0000000085000000|100%| O|  |TAMS 0x0000000085000000| PB 0x0000000084f00000| Untracked 
|  80|0x0000000085000000, 0x0000000085100000, 0x0000000085100000|100%| O|  |TAMS 0x0000000085100000| PB 0x0000000085000000| Untracked 
|  81|0x0000000085100000, 0x0000000085200000, 0x0000000085200000|100%| O|  |TAMS 0x0000000085200000| PB 0x0000000085100000| Untracked 
|  82|0x0000000085200000, 0x0000000085300000, 0x0000000085300000|100%| O|  |TAMS 0x0000000085200000| PB 0x0000000085200000| Untracked 
|  83|0x0000000085300000, 0x0000000085400000, 0x0000000085400000|100%| O|  |TAMS 0x0000000085400000| PB 0x0000000085300000| Untracked 
|  84|0x0000000085400000, 0x0000000085500000, 0x0000000085500000|100%| O|  |TAMS 0x0000000085500000| PB 0x0000000085400000| Untracked 
|  85|0x0000000085500000, 0x0000000085600000, 0x0000000085600000|100%| O|  |TAMS 0x0000000085600000| PB 0x0000000085500000| Untracked 
|  86|0x0000000085600000, 0x0000000085700000, 0x0000000085700000|100%| O|  |TAMS 0x0000000085700000| PB 0x0000000085600000| Untracked 
|  87|0x0000000085700000, 0x0000000085800000, 0x0000000085800000|100%| O|  |TAMS 0x0000000085800000| PB 0x0000000085700000| Untracked 
|  88|0x0000000085800000, 0x0000000085900000, 0x0000000085900000|100%| O|  |TAMS 0x0000000085900000| PB 0x0000000085800000| Untracked 
|  89|0x0000000085900000, 0x0000000085a00000, 0x0000000085a00000|100%| O|  |TAMS 0x0000000085a00000| PB 0x0000000085900000| Untracked 
|  90|0x0000000085a00000, 0x0000000085b00000, 0x0000000085b00000|100%| O|  |TAMS 0x0000000085b00000| PB 0x0000000085a00000| Untracked 
|  91|0x0000000085b00000, 0x0000000085c00000, 0x0000000085c00000|100%| O|  |TAMS 0x0000000085c00000| PB 0x0000000085b00000| Untracked 
|  92|0x0000000085c00000, 0x0000000085d00000, 0x0000000085d00000|100%| O|  |TAMS 0x0000000085d00000| PB 0x0000000085c00000| Untracked 
|  93|0x0000000085d00000, 0x0000000085e00000, 0x0000000085e00000|100%| O|  |TAMS 0x0000000085e00000| PB 0x0000000085d00000| Untracked 
|  94|0x0000000085e00000, 0x0000000085f00000, 0x0000000085f00000|100%| O|  |TAMS 0x0000000085e4bc40| PB 0x0000000085e00000| Untracked 
|  95|0x0000000085f00000, 0x0000000086000000, 0x0000000086000000|100%| O|  |TAMS 0x0000000085f00000| PB 0x0000000085f00000| Untracked 
|  96|0x0000000086000000, 0x0000000086000000, 0x0000000086100000|  0%| F|  |TAMS 0x0000000086000000| PB 0x0000000086000000| Untracked 
|  97|0x0000000086100000, 0x0000000086100000, 0x0000000086200000|  0%| F|  |TAMS 0x0000000086100000| PB 0x0000000086100000| Untracked 
|  98|0x0000000086200000, 0x0000000086200000, 0x0000000086300000|  0%| F|  |TAMS 0x0000000086200000| PB 0x0000000086200000| Untracked 
|  99|0x0000000086300000, 0x0000000086300000, 0x0000000086400000|  0%| F|  |TAMS 0x0000000086300000| PB 0x0000000086300000| Untracked 
| 100|0x0000000086400000, 0x0000000086400000, 0x0000000086500000|  0%| F|  |TAMS 0x0000000086400000| PB 0x0000000086400000| Untracked 
| 101|0x0000000086500000, 0x0000000086500000, 0x0000000086600000|  0%| F|  |TAMS 0x0000000086500000| PB 0x0000000086500000| Untracked 
| 102|0x0000000086600000, 0x0000000086600000, 0x0000000086700000|  0%| F|  |TAMS 0x0000000086600000| PB 0x0000000086600000| Untracked 
| 103|0x0000000086700000, 0x0000000086800000, 0x0000000086800000|100%| O|  |TAMS 0x0000000086700000| PB 0x0000000086700000| Untracked 
| 104|0x0000000086800000, 0x0000000086900000, 0x0000000086900000|100%| O|  |TAMS 0x0000000086800000| PB 0x0000000086800000| Untracked 
| 105|0x0000000086900000, 0x000000008694da20, 0x0000000086a00000| 30%| O|  |TAMS 0x0000000086900000| PB 0x0000000086900000| Untracked 
| 106|0x0000000086a00000, 0x0000000086a00000, 0x0000000086b00000|  0%| F|  |TAMS 0x0000000086a00000| PB 0x0000000086a00000| Untracked 
| 107|0x0000000086b00000, 0x0000000086b00000, 0x0000000086c00000|  0%| F|  |TAMS 0x0000000086b00000| PB 0x0000000086b00000| Untracked 
| 108|0x0000000086c00000, 0x0000000086c00000, 0x0000000086d00000|  0%| F|  |TAMS 0x0000000086c00000| PB 0x0000000086c00000| Untracked 
| 109|0x0000000086d00000, 0x0000000086d00000, 0x0000000086e00000|  0%| F|  |TAMS 0x0000000086d00000| PB 0x0000000086d00000| Untracked 
| 110|0x0000000086e00000, 0x0000000086e00000, 0x0000000086f00000|  0%| F|  |TAMS 0x0000000086e00000| PB 0x0000000086e00000| Untracked 
| 111|0x0000000086f00000, 0x0000000086f00000, 0x0000000087000000|  0%| F|  |TAMS 0x0000000086f00000| PB 0x0000000086f00000| Untracked 
| 112|0x0000000087000000, 0x0000000087092b60, 0x0000000087100000| 57%| S|CS|TAMS 0x0000000087000000| PB 0x0000000087000000| Complete 
| 113|0x0000000087100000, 0x0000000087200000, 0x0000000087200000|100%| S|CS|TAMS 0x0000000087100000| PB 0x0000000087100000| Complete 
| 114|0x0000000087200000, 0x0000000087300000, 0x0000000087300000|100%| S|CS|TAMS 0x0000000087200000| PB 0x0000000087200000| Complete 
| 115|0x0000000087300000, 0x0000000087300000, 0x0000000087400000|  0%| F|  |TAMS 0x0000000087300000| PB 0x0000000087300000| Untracked 
| 116|0x0000000087400000, 0x0000000087400000, 0x0000000087500000|  0%| F|  |TAMS 0x0000000087400000| PB 0x0000000087400000| Untracked 
| 117|0x0000000087500000, 0x0000000087500000, 0x0000000087600000|  0%| F|  |TAMS 0x0000000087500000| PB 0x0000000087500000| Untracked 
| 118|0x0000000087600000, 0x0000000087600000, 0x0000000087700000|  0%| F|  |TAMS 0x0000000087600000| PB 0x0000000087600000| Untracked 
| 119|0x0000000087700000, 0x0000000087700000, 0x0000000087800000|  0%| F|  |TAMS 0x0000000087700000| PB 0x0000000087700000| Untracked 
| 120|0x0000000087800000, 0x0000000087800000, 0x0000000087900000|  0%| F|  |TAMS 0x0000000087800000| PB 0x0000000087800000| Untracked 
| 121|0x0000000087900000, 0x0000000087900000, 0x0000000087a00000|  0%| F|  |TAMS 0x0000000087900000| PB 0x0000000087900000| Untracked 
| 122|0x0000000087a00000, 0x0000000087a00000, 0x0000000087b00000|  0%| F|  |TAMS 0x0000000087a00000| PB 0x0000000087a00000| Untracked 
| 123|0x0000000087b00000, 0x0000000087b00000, 0x0000000087c00000|  0%| F|  |TAMS 0x0000000087b00000| PB 0x0000000087b00000| Untracked 
| 124|0x0000000087c00000, 0x0000000087c00000, 0x0000000087d00000|  0%| F|  |TAMS 0x0000000087c00000| PB 0x0000000087c00000| Untracked 
| 125|0x0000000087d00000, 0x0000000087d00000, 0x0000000087e00000|  0%| F|  |TAMS 0x0000000087d00000| PB 0x0000000087d00000| Untracked 
| 126|0x0000000087e00000, 0x0000000087e00000, 0x0000000087f00000|  0%| F|  |TAMS 0x0000000087e00000| PB 0x0000000087e00000| Untracked 
| 127|0x0000000087f00000, 0x0000000087f00000, 0x0000000088000000|  0%| F|  |TAMS 0x0000000087f00000| PB 0x0000000087f00000| Untracked 
| 128|0x0000000088000000, 0x0000000088000000, 0x0000000088100000|  0%| F|  |TAMS 0x0000000088000000| PB 0x0000000088000000| Untracked 
| 129|0x0000000088100000, 0x0000000088100000, 0x0000000088200000|  0%| F|  |TAMS 0x0000000088100000| PB 0x0000000088100000| Untracked 
| 130|0x0000000088200000, 0x0000000088200000, 0x0000000088300000|  0%| F|  |TAMS 0x0000000088200000| PB 0x0000000088200000| Untracked 
| 131|0x0000000088300000, 0x0000000088300000, 0x0000000088400000|  0%| F|  |TAMS 0x0000000088300000| PB 0x0000000088300000| Untracked 
| 132|0x0000000088400000, 0x0000000088400000, 0x0000000088500000|  0%| F|  |TAMS 0x0000000088400000| PB 0x0000000088400000| Untracked 
| 133|0x0000000088500000, 0x0000000088500000, 0x0000000088600000|  0%| F|  |TAMS 0x0000000088500000| PB 0x0000000088500000| Untracked 
| 134|0x0000000088600000, 0x0000000088600000, 0x0000000088700000|  0%| F|  |TAMS 0x0000000088600000| PB 0x0000000088600000| Untracked 
| 135|0x0000000088700000, 0x0000000088700000, 0x0000000088800000|  0%| F|  |TAMS 0x0000000088700000| PB 0x0000000088700000| Untracked 
| 136|0x0000000088800000, 0x0000000088800000, 0x0000000088900000|  0%| F|  |TAMS 0x0000000088800000| PB 0x0000000088800000| Untracked 
| 137|0x0000000088900000, 0x0000000088900000, 0x0000000088a00000|  0%| F|  |TAMS 0x0000000088900000| PB 0x0000000088900000| Untracked 
| 138|0x0000000088a00000, 0x0000000088a00000, 0x0000000088b00000|  0%| F|  |TAMS 0x0000000088a00000| PB 0x0000000088a00000| Untracked 
| 139|0x0000000088b00000, 0x0000000088b00000, 0x0000000088c00000|  0%| F|  |TAMS 0x0000000088b00000| PB 0x0000000088b00000| Untracked 
| 140|0x0000000088c00000, 0x0000000088c00000, 0x0000000088d00000|  0%| F|  |TAMS 0x0000000088c00000| PB 0x0000000088c00000| Untracked 
| 141|0x0000000088d00000, 0x0000000088d00000, 0x0000000088e00000|  0%| F|  |TAMS 0x0000000088d00000| PB 0x0000000088d00000| Untracked 
| 142|0x0000000088e00000, 0x0000000088e00000, 0x0000000088f00000|  0%| F|  |TAMS 0x0000000088e00000| PB 0x0000000088e00000| Untracked 
| 143|0x0000000088f00000, 0x0000000088f00000, 0x0000000089000000|  0%| F|  |TAMS 0x0000000088f00000| PB 0x0000000088f00000| Untracked 
| 144|0x0000000089000000, 0x0000000089000000, 0x0000000089100000|  0%| F|  |TAMS 0x0000000089000000| PB 0x0000000089000000| Untracked 
| 221|0x000000008dd00000, 0x000000008dd00000, 0x000000008de00000|  0%| F|  |TAMS 0x000000008dd00000| PB 0x000000008dd00000| Untracked 
| 222|0x000000008de00000, 0x000000008de00000, 0x000000008df00000|  0%| F|  |TAMS 0x000000008de00000| PB 0x000000008de00000| Untracked 
| 223|0x000000008df00000, 0x000000008df00000, 0x000000008e000000|  0%| F|  |TAMS 0x000000008df00000| PB 0x000000008df00000| Untracked 
| 224|0x000000008e000000, 0x000000008e000000, 0x000000008e100000|  0%| F|  |TAMS 0x000000008e000000| PB 0x000000008e000000| Untracked 
| 225|0x000000008e100000, 0x000000008e100000, 0x000000008e200000|  0%| F|  |TAMS 0x000000008e100000| PB 0x000000008e100000| Untracked 
| 226|0x000000008e200000, 0x000000008e200000, 0x000000008e300000|  0%| F|  |TAMS 0x000000008e200000| PB 0x000000008e200000| Untracked 
| 227|0x000000008e300000, 0x000000008e300000, 0x000000008e400000|  0%| F|  |TAMS 0x000000008e300000| PB 0x000000008e300000| Untracked 
| 228|0x000000008e400000, 0x000000008e400000, 0x000000008e500000|  0%| F|  |TAMS 0x000000008e400000| PB 0x000000008e400000| Untracked 
| 229|0x000000008e500000, 0x000000008e500000, 0x000000008e600000|  0%| F|  |TAMS 0x000000008e500000| PB 0x000000008e500000| Untracked 
| 251|0x000000008fb00000, 0x000000008fb00000, 0x000000008fc00000|  0%| F|  |TAMS 0x000000008fb00000| PB 0x000000008fb00000| Untracked 
|2044|0x00000000ffc00000, 0x00000000ffd00000, 0x00000000ffd00000|100%| O|  |TAMS 0x00000000ffd00000| PB 0x00000000ffc00000| Untracked 
|2045|0x00000000ffd00000, 0x00000000ffe00000, 0x00000000ffe00000|100%| O|  |TAMS 0x00000000ffe00000| PB 0x00000000ffd00000| Untracked 
|2046|0x00000000ffe00000, 0x00000000fff00000, 0x00000000fff00000|100%| O|  |TAMS 0x00000000fff00000| PB 0x00000000ffe00000| Untracked 
|2047|0x00000000fff00000, 0x00000000fff00000, 0x0000000100000000|  0%| F|  |TAMS 0x00000000fff00000| PB 0x00000000fff00000| Untracked 

Card table byte_map: [0x000001fabd2c0000,0x000001fabd6c0000] _byte_map_base: 0x000001fabcec0000

Marking Bits: (CMBitMap*) 0x000001faaaab3490
 Bits: [0x000001fabd6c0000, 0x000001fabf6c0000)

Polling page: 0x000001faa8a20000

Metaspace:

Usage:
  Non-class:     89.05 MB used.
      Class:     14.07 MB used.
       Both:    103.12 MB used.

Virtual space:
  Non-class space:      128.00 MB reserved,      90.06 MB ( 70%) committed,  2 nodes.
      Class space:        1.00 GB reserved,      15.19 MB (  1%) committed,  1 nodes.
             Both:        1.12 GB reserved,     105.25 MB (  9%) committed. 

Chunk freelists:
   Non-Class:  5.95 MB
       Class:  695.00 KB
        Both:  6.63 MB

MaxMetaspaceSize: unlimited
CompressedClassSpaceSize: 1.00 GB
Initial GC threshold: 21.00 MB
Current GC threshold: 172.50 MB
CDS: off
 - commit_granule_bytes: 65536.
 - commit_granule_words: 8192.
 - virtual_space_node_default_size: 8388608.
 - enlarge_chunks_in_place: 1.
 - use_allocation_guard: 0.


Internal statistics:

num_allocs_failed_limit: 6.
num_arena_births: 4078.
num_arena_deaths: 0.
num_vsnodes_births: 3.
num_vsnodes_deaths: 0.
num_space_committed: 1684.
num_space_uncommitted: 0.
num_chunks_returned_to_freelist: 6.
num_chunks_taken_from_freelist: 8560.
num_chunk_merges: 6.
num_chunk_splits: 5532.
num_chunks_enlarged: 3492.
num_inconsistent_stats: 0.

CodeHeap 'non-profiled nmethods': size=120000Kb used=8323Kb max_used=8323Kb free=111676Kb
 bounds [0x000001fab5660000, 0x000001fab5e90000, 0x000001fabcb90000]
CodeHeap 'profiled nmethods': size=120000Kb used=22158Kb max_used=22158Kb free=97841Kb
 bounds [0x000001faadb90000, 0x000001faaf140000, 0x000001fab50c0000]
CodeHeap 'non-nmethods': size=5760Kb used=2329Kb max_used=2386Kb free=3430Kb
 bounds [0x000001fab50c0000, 0x000001fab5330000, 0x000001fab5660000]
 total_blobs=13059 nmethods=12215 adapters=748
 compilation: enabled
              stopped_count=0, restarted_count=0
 full_count=0

Compilation events (20 events):
Event: 242.049 Thread 0x000001fac222ab70 14308       4       java.util.concurrent.TimeUnit::convert (73 bytes)
Event: 242.051 Thread 0x000001fac222ab70 nmethod 14308 0x000001fab5e7e110 code [0x000001fab5e7e2a0, 0x000001fab5e7e430]
Event: 242.051 Thread 0x000001fac2254400 14310       3       org.gradle.internal.serialize.AbstractSerializer::<init> (5 bytes)
Event: 242.051 Thread 0x000001fac2254400 nmethod 14310 0x000001faaf131190 code [0x000001faaf131320, 0x000001faaf131488]
Event: 242.054 Thread 0x000001fac2254400 14311       3       org.gradle.internal.typeconversion.NotationParserBuilder::converter (13 bytes)
Event: 242.054 Thread 0x000001fac2254400 nmethod 14311 0x000001faaf131590 code [0x000001faaf131740, 0x000001faaf131918]
Event: 242.057 Thread 0x000001fac2254400 14312       3       org.gradle.api.internal.provider.MappingProvider::beforeRead (1 bytes)
Event: 242.057 Thread 0x000001fac2254400 nmethod 14312 0x000001faaf131a10 code [0x000001faaf131ba0, 0x000001faaf131ca8]
Event: 242.057 Thread 0x000001fac2254400 14313       3       org.gradle.api.internal.provider.MappingProvider::mapValue (37 bytes)
Event: 242.057 Thread 0x000001fac2254400 nmethod 14313 0x000001faaf131d10 code [0x000001faaf131f20, 0x000001faaf1325e0]
Event: 242.063 Thread 0x000001fac222ab70 14314       4       org.gradle.internal.hash.Hashing::newHasher (9 bytes)
Event: 242.064 Thread 0x000001fac2254400 14315       3       sun.nio.fs.WindowsPath::getName (47 bytes)
Event: 242.064 Thread 0x000001fac2254400 nmethod 14315 0x000001faaf132810 code [0x000001faaf132a00, 0x000001faaf133018]
Event: 242.076 Thread 0x000001fac2254400 14316       3       org.gradle.api.internal.artifacts.configurations.DefaultConfigurationContainer_Decorated::getStore (40 bytes)
Event: 242.077 Thread 0x000001fac2254400 nmethod 14316 0x000001faaf133210 code [0x000001faaf1333e0, 0x000001faaf133778]
Event: 242.081 Thread 0x000001fac2254400 14317       1       org.gradle.internal.event.DefaultListenerManager::access$700 (5 bytes)
Event: 242.081 Thread 0x000001fac2254400 nmethod 14317 0x000001fab5e7e590 code [0x000001fab5e7e720, 0x000001fab5e7e7d0]
Event: 242.085 Thread 0x000001fac222ab70 nmethod 14314 0x000001fab5e7e890 code [0x000001fab5e7eae0, 0x000001fab5e7fbd0]
Event: 242.086 Thread 0x000001fac222ab70 14318       4       java.util.AbstractCollection::toArray (144 bytes)
Event: 242.094 Thread 0x000001fac222ab70 nmethod 14318 0x000001fab5e80310 code [0x000001fab5e804e0, 0x000001fab5e80aa8]

GC Heap History (20 events):
Event: 15.893 GC heap after
{Heap after GC invocations=37 (full 0):
 garbage-first heap   total 128000K, used 76736K [0x0000000080000000, 0x0000000100000000)
  region size 1024K, 4 young (4096K), 4 survivors (4096K)
 Metaspace       used 90650K, committed 92672K, reserved 1179648K
  class space    used 12422K, committed 13440K, reserved 1048576K
}
Event: 16.494 GC heap before
{Heap before GC invocations=37 (full 0):
 garbage-first heap   total 128000K, used 115648K [0x0000000080000000, 0x0000000100000000)
  region size 1024K, 42 young (43008K), 4 survivors (4096K)
 Metaspace       used 93801K, committed 95808K, reserved 1179648K
  class space    used 12880K, committed 13888K, reserved 1048576K
}
Event: 16.500 GC heap after
{Heap after GC invocations=38 (full 0):
 garbage-first heap   total 153600K, used 77954K [0x0000000080000000, 0x0000000100000000)
  region size 1024K, 6 young (6144K), 6 survivors (6144K)
 Metaspace       used 93801K, committed 95808K, reserved 1179648K
  class space    used 12880K, committed 13888K, reserved 1048576K
}
Event: 17.462 GC heap before
{Heap before GC invocations=38 (full 0):
 garbage-first heap   total 153600K, used 138370K [0x0000000080000000, 0x0000000100000000)
  region size 1024K, 65 young (66560K), 6 survivors (6144K)
 Metaspace       used 98940K, committed 100992K, reserved 1179648K
  class space    used 13598K, committed 14592K, reserved 1048576K
}
Event: 17.471 GC heap after
{Heap after GC invocations=39 (full 0):
 garbage-first heap   total 153600K, used 81795K [0x0000000080000000, 0x0000000100000000)
  region size 1024K, 8 young (8192K), 8 survivors (8192K)
 Metaspace       used 98940K, committed 100992K, reserved 1179648K
  class space    used 13598K, committed 14592K, reserved 1048576K
}
Event: 18.291 GC heap before
{Heap before GC invocations=39 (full 0):
 garbage-first heap   total 153600K, used 136067K [0x0000000080000000, 0x0000000100000000)
  region size 1024K, 61 young (62464K), 8 survivors (8192K)
 Metaspace       used 101440K, committed 103488K, reserved 1179648K
  class space    used 13949K, committed 14976K, reserved 1048576K
}
Event: 18.302 GC heap after
{Heap after GC invocations=40 (full 0):
 garbage-first heap   total 153600K, used 87275K [0x0000000080000000, 0x0000000100000000)
  region size 1024K, 8 young (8192K), 8 survivors (8192K)
 Metaspace       used 101440K, committed 103488K, reserved 1179648K
  class space    used 13949K, committed 14976K, reserved 1048576K
}
Event: 18.759 GC heap before
{Heap before GC invocations=40 (full 0):
 garbage-first heap   total 153600K, used 136427K [0x0000000080000000, 0x0000000100000000)
  region size 1024K, 56 young (57344K), 8 survivors (8192K)
 Metaspace       used 101987K, committed 104128K, reserved 1179648K
  class space    used 14050K, committed 15104K, reserved 1048576K
}
Event: 18.769 GC heap after
{Heap after GC invocations=41 (full 0):
 garbage-first heap   total 153600K, used 91527K [0x0000000080000000, 0x0000000100000000)
  region size 1024K, 6 young (6144K), 6 survivors (6144K)
 Metaspace       used 101987K, committed 104128K, reserved 1179648K
  class space    used 14050K, committed 15104K, reserved 1048576K
}
Event: 19.085 GC heap before
{Heap before GC invocations=42 (full 0):
 garbage-first heap   total 155648K, used 135559K [0x0000000080000000, 0x0000000100000000)
  region size 1024K, 50 young (51200K), 6 survivors (6144K)
 Metaspace       used 102094K, committed 104192K, reserved 1179648K
  class space    used 14065K, committed 15104K, reserved 1048576K
}
Event: 19.092 GC heap after
{Heap after GC invocations=43 (full 0):
 garbage-first heap   total 155648K, used 93944K [0x0000000080000000, 0x0000000100000000)
  region size 1024K, 5 young (5120K), 5 survivors (5120K)
 Metaspace       used 102094K, committed 104192K, reserved 1179648K
  class space    used 14065K, committed 15104K, reserved 1048576K
}
Event: 19.371 GC heap before
{Heap before GC invocations=43 (full 0):
 garbage-first heap   total 155648K, used 139000K [0x0000000080000000, 0x0000000100000000)
  region size 1024K, 50 young (51200K), 5 survivors (5120K)
 Metaspace       used 102319K, committed 104384K, reserved 1179648K
  class space    used 14093K, committed 15104K, reserved 1048576K
}
Event: 19.378 GC heap after
{Heap after GC invocations=44 (full 0):
 garbage-first heap   total 155648K, used 94340K [0x0000000080000000, 0x0000000100000000)
  region size 1024K, 5 young (5120K), 5 survivors (5120K)
 Metaspace       used 102319K, committed 104384K, reserved 1179648K
  class space    used 14093K, committed 15104K, reserved 1048576K
}
Event: 19.752 GC heap before
{Heap before GC invocations=44 (full 0):
 garbage-first heap   total 155648K, used 139396K [0x0000000080000000, 0x0000000100000000)
  region size 1024K, 50 young (51200K), 5 survivors (5120K)
 Metaspace       used 102907K, committed 105024K, reserved 1179648K
  class space    used 14168K, committed 15232K, reserved 1048576K
}
Event: 19.758 GC heap after
{Heap after GC invocations=45 (full 0):
 garbage-first heap   total 155648K, used 96184K [0x0000000080000000, 0x0000000100000000)
  region size 1024K, 4 young (4096K), 4 survivors (4096K)
 Metaspace       used 102907K, committed 105024K, reserved 1179648K
  class space    used 14168K, committed 15232K, reserved 1048576K
}
Event: 34.560 GC heap before
{Heap before GC invocations=46 (full 0):
 garbage-first heap   total 162816K, used 140216K [0x0000000080000000, 0x0000000100000000)
  region size 1024K, 48 young (49152K), 4 survivors (4096K)
 Metaspace       used 104865K, committed 107072K, reserved 1179648K
  class space    used 14406K, committed 15552K, reserved 1048576K
}
Event: 34.563 GC heap after
{Heap after GC invocations=47 (full 0):
 garbage-first heap   total 162816K, used 98549K [0x0000000080000000, 0x0000000100000000)
  region size 1024K, 3 young (3072K), 3 survivors (3072K)
 Metaspace       used 104865K, committed 107072K, reserved 1179648K
  class space    used 14406K, committed 15552K, reserved 1048576K
}
Event: 35.111 GC heap before
{Heap before GC invocations=47 (full 0):
 garbage-first heap   total 162816K, used 148725K [0x0000000080000000, 0x0000000100000000)
  region size 1024K, 53 young (54272K), 3 survivors (3072K)
 Metaspace       used 105351K, committed 107520K, reserved 1179648K
  class space    used 14407K, committed 15552K, reserved 1048576K
}
Event: 35.121 GC heap after
{Heap after GC invocations=48 (full 0):
 garbage-first heap   total 162816K, used 103642K [0x0000000080000000, 0x0000000100000000)
  region size 1024K, 7 young (7168K), 7 survivors (7168K)
 Metaspace       used 105351K, committed 107520K, reserved 1179648K
  class space    used 14407K, committed 15552K, reserved 1048576K
}
Event: 242.105 GC heap before
{Heap before GC invocations=48 (full 0):
 garbage-first heap   total 162816K, used 145626K [0x0000000080000000, 0x0000000100000000)
  region size 1024K, 48 young (49152K), 7 survivors (7168K)
 Metaspace       used 105597K, committed 107776K, reserved 1179648K
  class space    used 14412K, committed 15552K, reserved 1048576K
}

Dll operation events (3 events):
Event: 0.010 Loaded shared library C:\Program Files\Android\Android Studio\jbr\bin\java.dll
Event: 0.017 Loaded shared library C:\Program Files\Android\Android Studio\jbr\bin\zip.dll
Event: 0.557 Loaded shared library C:\Program Files\Android\Android Studio\jbr\bin\verify.dll

Deoptimization events (20 events):
Event: 35.378 Thread 0x000001fac834cf20 Uncommon trap: trap_request=0xffffffc6 fr.pc=0x000001fab5a0e010 relative=0x0000000000000870
Event: 35.378 Thread 0x000001fac834cf20 Uncommon trap: reason=bimorphic_or_optimized_type_check action=maybe_recompile pc=0x000001fab5a0e010 method=java.util.stream.MatchOps$MatchOp.evaluateSequential(Ljava/util/stream/PipelineHelper;Ljava/util/Spliterator;)Ljava/lang/Boolean; @ 14 c2
Event: 35.378 Thread 0x000001fac834cf20 DEOPT PACKING pc=0x000001fab5a0e010 sp=0x000000cb0a9fc4d0
Event: 35.378 Thread 0x000001fac834cf20 DEOPT UNPACKING pc=0x000001fab5117da2 sp=0x000000cb0a9fc3f8 mode 2
Event: 35.432 Thread 0x000001fac2225c20 Uncommon trap: trap_request=0xffffff45 fr.pc=0x000001fab5ab6e24 relative=0x0000000000000084
Event: 35.432 Thread 0x000001fac2225c20 Uncommon trap: reason=unstable_if action=reinterpret pc=0x000001fab5ab6e24 method=org.gradle.internal.logging.slf4j.OutputEventListenerBackedLogger.isLevelAtMost(Lorg/gradle/api/logging/LogLevel;)Z @ 11 c2
Event: 35.432 Thread 0x000001fac2225c20 DEOPT PACKING pc=0x000001fab5ab6e24 sp=0x000000cb0a6fe8f0
Event: 35.432 Thread 0x000001fac2225c20 DEOPT UNPACKING pc=0x000001fab5117da2 sp=0x000000cb0a6fe880 mode 2
Event: 35.438 Thread 0x000001fac9d64f60 Uncommon trap: trap_request=0xffffff45 fr.pc=0x000001fab59c276c relative=0x00000000000001ac
Event: 35.438 Thread 0x000001fac9d64f60 Uncommon trap: reason=unstable_if action=reinterpret pc=0x000001fab59c276c method=com.esotericsoftware.kryo.io.Input.require(I)I @ 180 c2
Event: 35.438 Thread 0x000001fac9d64f60 DEOPT PACKING pc=0x000001fab59c276c sp=0x000000cb0a7ff1b0
Event: 35.438 Thread 0x000001fac9d64f60 DEOPT UNPACKING pc=0x000001fab5117da2 sp=0x000000cb0a7ff158 mode 2
Event: 242.014 Thread 0x000001fac834eff0 Uncommon trap: trap_request=0xffffffde fr.pc=0x000001fab5c53598 relative=0x0000000000000598
Event: 242.014 Thread 0x000001fac834eff0 Uncommon trap: reason=class_check action=maybe_recompile pc=0x000001fab5c53598 method=org.gradle.cache.internal.LockOnDemandCrossProcessCacheAccess.incrementLockCount()V @ 97 c2
Event: 242.014 Thread 0x000001fac834eff0 DEOPT PACKING pc=0x000001fab5c53598 sp=0x000000cb0a6fa8c0
Event: 242.014 Thread 0x000001fac834eff0 DEOPT UNPACKING pc=0x000001fab5117da2 sp=0x000000cb0a6fa870 mode 2
Event: 242.020 Thread 0x000001fac834eff0 Uncommon trap: trap_request=0xffffffc6 fr.pc=0x000001fab5a0e010 relative=0x0000000000000870
Event: 242.020 Thread 0x000001fac834eff0 Uncommon trap: reason=bimorphic_or_optimized_type_check action=maybe_recompile pc=0x000001fab5a0e010 method=java.util.stream.MatchOps$MatchOp.evaluateSequential(Ljava/util/stream/PipelineHelper;Ljava/util/Spliterator;)Ljava/lang/Boolean; @ 14 c2
Event: 242.020 Thread 0x000001fac834eff0 DEOPT PACKING pc=0x000001fab5a0e010 sp=0x000000cb0a6fc050
Event: 242.020 Thread 0x000001fac834eff0 DEOPT UNPACKING pc=0x000001fab5117da2 sp=0x000000cb0a6fbf78 mode 2

Classes loaded (20 events):
Event: 19.909 Loading class com/sun/jmx/mbeanserver/StandardMBeanSupport
Event: 19.909 Loading class com/sun/jmx/mbeanserver/StandardMBeanSupport done
Event: 19.909 Loading class com/sun/jmx/mbeanserver/StandardMBeanIntrospector
Event: 19.909 Loading class com/sun/jmx/mbeanserver/StandardMBeanIntrospector done
Event: 19.910 Loading class sun/reflect/misc/MethodUtil
Event: 19.911 Loading class sun/reflect/misc/MethodUtil done
Event: 19.911 Loading class sun/reflect/misc/MethodUtil$1
Event: 19.911 Loading class sun/reflect/misc/MethodUtil$1 done
Event: 20.016 Loading class java/time/Clock
Event: 20.016 Loading class java/time/InstantSource
Event: 20.016 Loading class java/time/InstantSource done
Event: 20.016 Loading class java/time/Clock done
Event: 20.016 Loading class java/time/Instant$1
Event: 20.016 Loading class java/time/Instant$1 done
Event: 20.061 Loading class java/util/concurrent/CompletableFuture$AsyncRun
Event: 20.061 Loading class java/util/concurrent/CompletableFuture$AsyncRun done
Event: 20.062 Loading class java/util/concurrent/ForkJoinTask$Aux
Event: 20.062 Loading class java/util/concurrent/ForkJoinTask$Aux done
Event: 34.415 Loading class jdk/internal/math/FormattedFPDecimal
Event: 34.416 Loading class jdk/internal/math/FormattedFPDecimal done

Classes unloaded (0 events):
No events

Classes redefined (0 events):
No events

Internal exceptions (20 events):
Event: 35.317 Thread 0x000001facd21e750 Exception <a 'sun/nio/fs/WindowsException'{0x0000000088ba8ef0}> (0x0000000088ba8ef0) 
thrown [s\src\hotspot\share\prims\jni.cpp, line 535]
Event: 35.327 Thread 0x000001facd21e750 Exception <a 'sun/nio/fs/WindowsException'{0x0000000088aa5b18}> (0x0000000088aa5b18) 
thrown [s\src\hotspot\share\prims\jni.cpp, line 535]
Event: 35.365 Thread 0x000001fac834cf20 Exception <a 'sun/nio/fs/WindowsException'{0x00000000889567f8}> (0x00000000889567f8) 
thrown [s\src\hotspot\share\prims\jni.cpp, line 535]
Event: 35.468 Thread 0x000001fac9d67d50 Exception <a 'sun/nio/fs/WindowsException'{0x0000000088395d18}> (0x0000000088395d18) 
thrown [s\src\hotspot\share\prims\jni.cpp, line 535]
Event: 35.468 Thread 0x000001fac9d67d50 Exception <a 'sun/nio/fs/WindowsException'{0x0000000088396820}> (0x0000000088396820) 
thrown [s\src\hotspot\share\prims\jni.cpp, line 535]
Event: 35.468 Thread 0x000001fac9d67d50 Exception <a 'sun/nio/fs/WindowsException'{0x0000000088397370}> (0x0000000088397370) 
thrown [s\src\hotspot\share\prims\jni.cpp, line 535]
Event: 35.469 Thread 0x000001fac9d67d50 Exception <a 'sun/nio/fs/WindowsException'{0x00000000883a1be0}> (0x00000000883a1be0) 
thrown [s\src\hotspot\share\prims\jni.cpp, line 535]
Event: 35.469 Thread 0x000001fac9d67d50 Exception <a 'sun/nio/fs/WindowsException'{0x00000000883a2708}> (0x00000000883a2708) 
thrown [s\src\hotspot\share\prims\jni.cpp, line 535]
Event: 35.469 Thread 0x000001fac9d67d50 Exception <a 'sun/nio/fs/WindowsException'{0x00000000883a3290}> (0x00000000883a3290) 
thrown [s\src\hotspot\share\prims\jni.cpp, line 535]
Event: 35.470 Thread 0x000001fac9d67d50 Exception <a 'sun/nio/fs/WindowsException'{0x00000000883ad600}> (0x00000000883ad600) 
thrown [s\src\hotspot\share\prims\jni.cpp, line 535]
Event: 35.470 Thread 0x000001fac9d67d50 Exception <a 'sun/nio/fs/WindowsException'{0x00000000883ae110}> (0x00000000883ae110) 
thrown [s\src\hotspot\share\prims\jni.cpp, line 535]
Event: 35.470 Thread 0x000001fac9d67d50 Exception <a 'sun/nio/fs/WindowsException'{0x00000000883aec78}> (0x00000000883aec78) 
thrown [s\src\hotspot\share\prims\jni.cpp, line 535]
Event: 35.471 Thread 0x000001fac9d67d50 Exception <a 'sun/nio/fs/WindowsException'{0x00000000883b2d88}> (0x00000000883b2d88) 
thrown [s\src\hotspot\share\prims\jni.cpp, line 535]
Event: 35.471 Thread 0x000001fac9d67d50 Exception <a 'sun/nio/fs/WindowsException'{0x00000000883b38b8}> (0x00000000883b38b8) 
thrown [s\src\hotspot\share\prims\jni.cpp, line 535]
Event: 35.471 Thread 0x000001fac9d67d50 Exception <a 'sun/nio/fs/WindowsException'{0x00000000883b4448}> (0x00000000883b4448) 
thrown [s\src\hotspot\share\prims\jni.cpp, line 535]
Event: 35.471 Thread 0x000001fac9d67d50 Exception <a 'sun/nio/fs/WindowsException'{0x00000000883b99e0}> (0x00000000883b99e0) 
thrown [s\src\hotspot\share\prims\jni.cpp, line 535]
Event: 242.057 Thread 0x000001fac834eff0 Exception <a 'sun/nio/fs/WindowsException'{0x0000000087a345b0}> (0x0000000087a345b0) 
thrown [s\src\hotspot\share\prims\jni.cpp, line 535]
Event: 242.058 Thread 0x000001fac834eff0 Exception <a 'sun/nio/fs/WindowsException'{0x0000000087a39108}> (0x0000000087a39108) 
thrown [s\src\hotspot\share\prims\jni.cpp, line 535]
Event: 242.059 Thread 0x000001fac834eff0 Exception <a 'sun/nio/fs/WindowsException'{0x0000000087a3a5c8}> (0x0000000087a3a5c8) 
thrown [s\src\hotspot\share\prims\jni.cpp, line 535]
Event: 242.059 Thread 0x000001fac834eff0 Exception <a 'sun/nio/fs/WindowsException'{0x0000000087a3b680}> (0x0000000087a3b680) 
thrown [s\src\hotspot\share\prims\jni.cpp, line 535]

ZGC Phase Switch (0 events):
No events

VM Operations (20 events):
Event: 84.403 Executing VM operation: Cleanup done
Event: 92.464 Executing VM operation: Cleanup
Event: 92.464 Executing VM operation: Cleanup done
Event: 114.613 Executing VM operation: Cleanup
Event: 114.613 Executing VM operation: Cleanup done
Event: 122.668 Executing VM operation: Cleanup
Event: 122.668 Executing VM operation: Cleanup done
Event: 142.793 Executing VM operation: Cleanup
Event: 142.793 Executing VM operation: Cleanup done
Event: 158.951 Executing VM operation: Cleanup
Event: 158.951 Executing VM operation: Cleanup done
Event: 162.981 Executing VM operation: Cleanup
Event: 162.981 Executing VM operation: Cleanup done
Event: 199.260 Executing VM operation: Cleanup
Event: 199.260 Executing VM operation: Cleanup done
Event: 223.451 Executing VM operation: Cleanup
Event: 223.451 Executing VM operation: Cleanup done
Event: 224.452 Executing VM operation: Cleanup
Event: 224.452 Executing VM operation: Cleanup done
Event: 242.105 Executing VM operation: G1CollectForAllocation (G1 Evacuation Pause)

Memory protections (0 events):
No events

Nmethod flushes (20 events):
Event: 19.840 Thread 0x000001fac2126890 flushing  nmethod 0x000001faae589690
Event: 19.840 Thread 0x000001fac2126890 flushing  nmethod 0x000001faae58cd90
Event: 19.840 Thread 0x000001fac2126890 flushing  nmethod 0x000001faae58ed10
Event: 19.840 Thread 0x000001fac2126890 flushing  nmethod 0x000001faae5b2690
Event: 19.840 Thread 0x000001fac2126890 flushing  nmethod 0x000001faae5ef910
Event: 19.840 Thread 0x000001fac2126890 flushing  nmethod 0x000001faae5f2290
Event: 19.840 Thread 0x000001fac2126890 flushing  nmethod 0x000001faae649210
Event: 19.840 Thread 0x000001fac2126890 flushing  nmethod 0x000001faae64af90
Event: 19.840 Thread 0x000001fac2126890 flushing  nmethod 0x000001faae64b610
Event: 19.840 Thread 0x000001fac2126890 flushing  nmethod 0x000001faae68bb90
Event: 19.840 Thread 0x000001fac2126890 flushing  nmethod 0x000001faae68cc10
Event: 19.840 Thread 0x000001fac2126890 flushing  nmethod 0x000001faae692710
Event: 19.840 Thread 0x000001fac2126890 flushing  nmethod 0x000001faae694290
Event: 19.840 Thread 0x000001fac2126890 flushing  nmethod 0x000001faae695b10
Event: 19.840 Thread 0x000001fac2126890 flushing  nmethod 0x000001faae697010
Event: 19.840 Thread 0x000001fac2126890 flushing  nmethod 0x000001faae697590
Event: 19.840 Thread 0x000001fac2126890 flushing  nmethod 0x000001faae6f7390
Event: 19.840 Thread 0x000001fac2126890 flushing  nmethod 0x000001faae6fa990
Event: 19.840 Thread 0x000001fac2126890 flushing  nmethod 0x000001faaead2210
Event: 19.840 Thread 0x000001fac2126890 flushing  nmethod 0x000001faaec30e90

Events (20 events):
Event: 35.439 Thread 0x000001fac9d64f60 Thread exited: 0x000001fac9d64f60
Event: 42.440 Thread 0x000001faca0b2d10 Thread exited: 0x000001faca0b2d10
Event: 42.442 Thread 0x000001faca0b18a0 Thread exited: 0x000001faca0b18a0
Event: 79.721 Thread 0x000001facdc155a0 Thread exited: 0x000001facdc155a0
Event: 95.376 Thread 0x000001facd216aa0 Thread exited: 0x000001facd216aa0
Event: 95.438 Thread 0x000001fac834cf20 Thread exited: 0x000001fac834cf20
Event: 95.454 Thread 0x000001fac2225c20 Thread exited: 0x000001fac2225c20
Event: 95.485 Thread 0x000001fac9d67d50 Thread exited: 0x000001fac9d67d50
Event: 241.894 Thread 0x000001fac2224870 Thread added: 0x000001fac8349410
Event: 241.896 Thread 0x000001fac8349410 Thread added: 0x000001fac834ae50
Event: 241.906 Thread 0x000001fac8349410 Thread added: 0x000001fac834dc40
Event: 241.915 Thread 0x000001fac8349410 Thread added: 0x000001fac834eff0
Event: 241.922 Thread 0x000001fac834eff0 Thread added: 0x000001fac834c890
Event: 241.925 Thread 0x000001fac834eff0 Thread added: 0x000001fac834cf20
Event: 241.926 Thread 0x000001fac834eff0 Thread added: 0x000001fac834b4e0
Event: 242.006 Thread 0x000001fac834eff0 Thread added: 0x000001fac8348d80
Event: 242.012 Thread 0x000001fac834eff0 Thread added: 0x000001fac8348060
Event: 242.042 Thread 0x000001fac834eff0 Thread added: 0x000001fac834e960
Event: 242.048 Thread 0x000001fac834eff0 Thread added: 0x000001facd219200
Event: 242.051 Thread 0x000001fac834eff0 Thread added: 0x000001facd21b2d0


Dynamic libraries:
0x00007ff79a760000 - 0x00007ff79a76a000 	C:\Program Files\Android\Android Studio\jbr\bin\java.exe
0x00007ffc9ea10000 - 0x00007ffc9ec27000 	C:\WINDOWS\SYSTEM32\ntdll.dll
0x00007ffc9e1e0000 - 0x00007ffc9e2a4000 	C:\WINDOWS\System32\KERNEL32.DLL
0x00007ffc9bde0000 - 0x00007ffc9c19a000 	C:\WINDOWS\System32\KERNELBASE.dll
0x00007ffc98ab0000 - 0x00007ffc98b47000 	C:\WINDOWS\SYSTEM32\apphelp.dll
0x00007ffc9c1a0000 - 0x00007ffc9c2b1000 	C:\WINDOWS\System32\ucrtbase.dll
0x00007ffc90950000 - 0x00007ffc9096b000 	C:\Program Files\Android\Android Studio\jbr\bin\VCRUNTIME140.dll
0x00007ffc90920000 - 0x00007ffc90938000 	C:\Program Files\Android\Android Studio\jbr\bin\jli.dll
0x00007ffc9e800000 - 0x00007ffc9e9ae000 	C:\WINDOWS\System32\USER32.dll
0x00007ffc9bdb0000 - 0x00007ffc9bdd6000 	C:\WINDOWS\System32\win32u.dll
0x00007ffc73940000 - 0x00007ffc73bd2000 	C:\WINDOWS\WinSxS\amd64_microsoft.windows.common-controls_6595b64144ccf1df_6.0.22621.4541_none_2710d1c57384c085\COMCTL32.dll
0x00007ffc9db10000 - 0x00007ffc9db39000 	C:\WINDOWS\System32\GDI32.dll
0x00007ffc9d950000 - 0x00007ffc9d9f7000 	C:\WINDOWS\System32\msvcrt.dll
0x00007ffc9c340000 - 0x00007ffc9c45b000 	C:\WINDOWS\System32\gdi32full.dll
0x00007ffc9bd10000 - 0x00007ffc9bdaa000 	C:\WINDOWS\System32\msvcp_win.dll
0x00007ffc9c810000 - 0x00007ffc9c841000 	C:\WINDOWS\System32\IMM32.DLL
0x00007ffc909d0000 - 0x00007ffc909dc000 	C:\Program Files\Android\Android Studio\jbr\bin\vcruntime140_1.dll
0x00007ffc3fdb0000 - 0x00007ffc3fe3d000 	C:\Program Files\Android\Android Studio\jbr\bin\msvcp140.dll
0x00007ffbfc540000 - 0x00007ffbfd1c3000 	C:\Program Files\Android\Android Studio\jbr\bin\server\jvm.dll
0x00007ffc9e740000 - 0x00007ffc9e7f2000 	C:\WINDOWS\System32\ADVAPI32.dll
0x00007ffc9cb80000 - 0x00007ffc9cc27000 	C:\WINDOWS\System32\sechost.dll
0x00007ffc9bce0000 - 0x00007ffc9bd08000 	C:\WINDOWS\System32\bcrypt.dll
0x00007ffc9e0c0000 - 0x00007ffc9e1d4000 	C:\WINDOWS\System32\RPCRT4.dll
0x00007ffc9caf0000 - 0x00007ffc9cb61000 	C:\WINDOWS\System32\WS2_32.dll
0x00007ffc90840000 - 0x00007ffc90874000 	C:\WINDOWS\SYSTEM32\WINMM.dll
0x00007ffc9ba00000 - 0x00007ffc9ba4d000 	C:\WINDOWS\SYSTEM32\POWRPROF.dll
0x00007ffc90650000 - 0x00007ffc9065a000 	C:\WINDOWS\SYSTEM32\VERSION.dll
0x00007ffc9b9e0000 - 0x00007ffc9b9f3000 	C:\WINDOWS\SYSTEM32\UMPDC.dll
0x00007ffc9ace0000 - 0x00007ffc9acf8000 	C:\WINDOWS\SYSTEM32\kernel.appcore.dll
0x00007ffc90940000 - 0x00007ffc9094a000 	C:\Program Files\Android\Android Studio\jbr\bin\jimage.dll
0x00007ffc99050000 - 0x00007ffc99282000 	C:\WINDOWS\SYSTEM32\DBGHELP.DLL
0x00007ffc9cd40000 - 0x00007ffc9d0cf000 	C:\WINDOWS\System32\combase.dll
0x00007ffc9dfc0000 - 0x00007ffc9e097000 	C:\WINDOWS\System32\OLEAUT32.dll
0x00007ffc74090000 - 0x00007ffc740c2000 	C:\WINDOWS\SYSTEM32\dbgcore.DLL
0x00007ffc9c2c0000 - 0x00007ffc9c33b000 	C:\WINDOWS\System32\bcryptPrimitives.dll
0x00007ffc90910000 - 0x00007ffc9091e000 	C:\Program Files\Android\Android Studio\jbr\bin\instrument.dll
0x00007ffc908e0000 - 0x00007ffc90900000 	C:\Program Files\Android\Android Studio\jbr\bin\java.dll
0x00007ffc799e0000 - 0x00007ffc799f8000 	C:\Program Files\Android\Android Studio\jbr\bin\zip.dll
0x00007ffc9d0d0000 - 0x00007ffc9d948000 	C:\WINDOWS\System32\SHELL32.dll
0x00007ffc99bd0000 - 0x00007ffc9a4d8000 	C:\WINDOWS\SYSTEM32\windows.storage.dll
0x00007ffc99a90000 - 0x00007ffc99bcf000 	C:\WINDOWS\SYSTEM32\wintypes.dll
0x00007ffc9c710000 - 0x00007ffc9c80a000 	C:\WINDOWS\System32\SHCORE.dll
0x00007ffc9da00000 - 0x00007ffc9da5e000 	C:\WINDOWS\System32\shlwapi.dll
0x00007ffc9bc10000 - 0x00007ffc9bc3b000 	C:\WINDOWS\SYSTEM32\profapi.dll
0x00007ffc90880000 - 0x00007ffc90890000 	C:\Program Files\Android\Android Studio\jbr\bin\net.dll
0x00007ffc93070000 - 0x00007ffc931a6000 	C:\WINDOWS\SYSTEM32\WINHTTP.dll
0x00007ffc9b150000 - 0x00007ffc9b1b9000 	C:\WINDOWS\system32\mswsock.dll
0x00007ffc78c00000 - 0x00007ffc78c16000 	C:\Program Files\Android\Android Studio\jbr\bin\nio.dll
0x00007ffc73440000 - 0x00007ffc73450000 	C:\Program Files\Android\Android Studio\jbr\bin\verify.dll
0x00007ffc65340000 - 0x00007ffc65367000 	C:\Users\rumaa\.gradle\native\c067742578af261105cb4f569cf0c3c89f3d7b1fecec35dd04571415982c5e48\windows-amd64\native-platform.dll
0x00007ffc03430000 - 0x00007ffc03574000 	C:\Users\rumaa\.gradle\native\100fb08df4bc3b14c8652ba06237920a3bd2aa13389f12d3474272988ae205f9\windows-amd64\native-platform-file-events.dll
0x00007ffc749b0000 - 0x00007ffc749b9000 	C:\Program Files\Android\Android Studio\jbr\bin\management.dll
0x00007ffc73450000 - 0x00007ffc7345b000 	C:\Program Files\Android\Android Studio\jbr\bin\management_ext.dll
0x00007ffc9db00000 - 0x00007ffc9db08000 	C:\WINDOWS\System32\PSAPI.DLL
0x00007ffc9b4a0000 - 0x00007ffc9b4bb000 	C:\WINDOWS\SYSTEM32\CRYPTSP.dll
0x00007ffc9ac40000 - 0x00007ffc9ac75000 	C:\WINDOWS\system32\rsaenh.dll
0x00007ffc9b1f0000 - 0x00007ffc9b218000 	C:\WINDOWS\SYSTEM32\USERENV.dll
0x00007ffc9b480000 - 0x00007ffc9b48c000 	C:\WINDOWS\SYSTEM32\CRYPTBASE.dll
0x00007ffc9a740000 - 0x00007ffc9a76d000 	C:\WINDOWS\SYSTEM32\IPHLPAPI.DLL
0x00007ffc9da60000 - 0x00007ffc9da69000 	C:\WINDOWS\System32\NSI.dll
0x00007ffc749c0000 - 0x00007ffc749c9000 	C:\Program Files\Android\Android Studio\jbr\bin\extnet.dll
0x00007ffc2e010000 - 0x00007ffc2e018000 	C:\WINDOWS\system32\wshunix.dll

dbghelp: loaded successfully - version: 4.0.5 - missing functions: none
symbol engine: initialized successfully - sym options: 0x614 - pdb path: .;C:\Program Files\Android\Android Studio\jbr\bin;C:\WINDOWS\SYSTEM32;C:\WINDOWS\WinSxS\amd64_microsoft.windows.common-controls_6595b64144ccf1df_6.0.22621.4541_none_2710d1c57384c085;C:\Program Files\Android\Android Studio\jbr\bin\server;C:\Users\rumaa\.gradle\native\c067742578af261105cb4f569cf0c3c89f3d7b1fecec35dd04571415982c5e48\windows-amd64;C:\Users\rumaa\.gradle\native\100fb08df4bc3b14c8652ba06237920a3bd2aa13389f12d3474272988ae205f9\windows-amd64

VM Arguments:
jvm_args: --add-opens=java.base/java.util=ALL-UNNAMED --add-opens=java.base/java.lang=ALL-UNNAMED --add-opens=java.base/java.lang.invoke=ALL-UNNAMED --add-opens=java.prefs/java.util.prefs=ALL-UNNAMED --add-exports=jdk.compiler/com.sun.tools.javac.api=ALL-UNNAMED --add-exports=jdk.compiler/com.sun.tools.javac.util=ALL-UNNAMED --add-opens=java.base/java.nio.charset=ALL-UNNAMED --add-opens=java.base/java.net=ALL-UNNAMED --add-opens=java.base/java.util.concurrent.atomic=ALL-UNNAMED -Xmx2048m -Dfile.encoding=UTF-8 -Duser.country=GB -Duser.language=en -Duser.variant -javaagent:C:\Users\rumaa\.gradle\wrapper\dists\gradle-8.10.2-bin\a04bxjujx95o3nb99gddekhwo\gradle-8.10.2\lib\agents\gradle-instrumentation-agent-8.10.2.jar 
java_command: org.gradle.launcher.daemon.bootstrap.GradleDaemon 8.10.2
java_class_path (initial): C:\Users\rumaa\.gradle\wrapper\dists\gradle-8.10.2-bin\a04bxjujx95o3nb99gddekhwo\gradle-8.10.2\lib\gradle-daemon-main-8.10.2.jar
Launcher Type: SUN_STANDARD

[Global flags]
     intx CICompilerCount                          = 4                                         {product} {ergonomic}
     uint ConcGCThreads                            = 2                                         {product} {ergonomic}
     uint G1ConcRefinementThreads                  = 8                                         {product} {ergonomic}
   size_t G1HeapRegionSize                         = 1048576                                   {product} {ergonomic}
    uintx GCDrainStackTargetSize                   = 64                                        {product} {ergonomic}
   size_t InitialHeapSize                          = 264241152                                 {product} {ergonomic}
   size_t MarkStackSize                            = 4194304                                   {product} {ergonomic}
   size_t MaxHeapSize                              = 2147483648                                {product} {command line}
   size_t MaxNewSize                               = 1287651328                                {product} {ergonomic}
   size_t MinHeapDeltaBytes                        = 1048576                                   {product} {ergonomic}
   size_t MinHeapSize                              = 8388608                                   {product} {ergonomic}
    uintx NonNMethodCodeHeapSize                   = 5839372                                {pd product} {ergonomic}
    uintx NonProfiledCodeHeapSize                  = 122909434                              {pd product} {ergonomic}
    uintx ProfiledCodeHeapSize                     = 122909434                              {pd product} {ergonomic}
    uintx ReservedCodeCacheSize                    = 251658240                              {pd product} {ergonomic}
     bool SegmentedCodeCache                       = true                                      {product} {ergonomic}
   size_t SoftMaxHeapSize                          = 2147483648                             {manageable} {ergonomic}
     bool UseCompressedOops                        = true                           {product lp64_product} {ergonomic}
     bool UseG1GC                                  = true                                      {product} {ergonomic}
     bool UseLargePagesIndividualAllocation        = false                                  {pd product} {ergonomic}

Logging:
Log output configuration:
 #0: stdout all=warning uptime,level,tags foldmultilines=false
 #1: stderr all=off uptime,level,tags foldmultilines=false

Environment Variables:
JAVA_HOME=C:\Program Files\Java\jdk-22
PATH=C:\Program Files\Java\jdk-22\bin;C:\Program Files\Common Files\Oracle\Java\javapath;C:\WINDOWS\system32;C:\WINDOWS;C:\WINDOWS\System32\Wbem;C:\WINDOWS\System32\WindowsPowerShell\v1.0\;C:\WINDOWS\System32\OpenSSH\;C:\Strawberry\c\bin;C:\Strawberry\perl\site\bin;C:\Strawberry\perl\bin;C:\Compilers\mingw64\bin;C:\Program Files\Git\cmd;C:\Program Files\Cloudflare\Cloudflare WARP\;C:\Users\rumaa\AppData\Local\Programs\Python\Python312\Scripts\;C:\Users\rumaa\AppData\Local\Programs\Python\Python312\;C:\Program Files\Java\jdk-22\bin;C:\Users\rumaa\AppData\Local\Microsoft\WindowsApps;C:\Users\rumaa\AppData\Local\Programs\Microsoft VS Code\bin;C:\Users\rumaa\AppData\Local\Programs\MiKTeX\miktex\bin\x64\;C:\Program Files (x86)\Jar2Exe Wizard\
USERNAME=rumaa
OS=Windows_NT
PROCESSOR_IDENTIFIER=Intel64 Family 6 Model 140 Stepping 1, GenuineIntel
TMP=C:\Users\rumaa\AppData\Local\Temp
TEMP=C:\Users\rumaa\AppData\Local\Temp




Periodic native trim disabled

JNI global refs:
JNI global refs: 27, weak refs: 0

JNI global refs memory usage: 835, weak refs: 833

Process memory usage:
Resident Set Size: 365036K (2% of 16449756K total physical memory with 372060K free physical memory)

OOME stack traces (most recent first):
Classloader memory used:
Loader org.gradle.internal.classloader.VisitableURLClassLoader                         : 40767K
Loader bootstrap                                                                       : 28945K
Loader org.gradle.internal.classloader.VisitableURLClassLoader$InstrumentingVisitableURLClassLoader: 23021K
Loader org.gradle.initialization.MixInLegacyTypesClassLoader                           : 11614K
Loader jdk.internal.loader.ClassLoaders$PlatformClassLoader                            : 527K
Loader jdk.internal.reflect.DelegatingClassLoader                                      : 298K
Loader jdk.internal.loader.ClassLoaders$AppClassLoader                                 : 234K
Loader org.gradle.internal.classloader.VisitableURLClassLoader                         : 184K
Loader sun.reflect.misc.MethodUtil                                                     : 2992B

Classes loaded by more than one classloader:
Class Program                                                                         : loaded 5 times (x 68B)
Class Build_gradle                                                                    : loaded 3 times (x 126B)
Class Build_gradle$1                                                                  : loaded 3 times (x 70B)
Class org.gradle.internal.classloader.FilteringClassLoader                            : loaded 2 times (x 101B)
Class [Lcom.google.common.base.AbstractIterator$State;                                : loaded 2 times (x 65B)
Class com.google.common.base.CharMatcher$IsEither                                     : loaded 2 times (x 107B)
Class org.gradle.internal.classloader.ClassLoaderHierarchy                            : loaded 2 times (x 66B)
Class com.google.common.collect.ImmutableEnumSet                                      : loaded 2 times (x 142B)
Class com.google.common.util.concurrent.ExecutionError                                : loaded 2 times (x 78B)
Class com.google.common.collect.ImmutableList$1                                       : loaded 2 times (x 93B)
Class org.gradle.api.internal.classpath.ManifestUtil                                  : loaded 2 times (x 67B)
Class com.google.common.collect.RegularImmutableMap                                   : loaded 2 times (x 117B)
Class com.google.common.collect.ImmutableMap$MapViewOfValuesAsSingletonSets           : loaded 2 times (x 121B)
Class com.google.common.reflect.TypeCapture                                           : loaded 2 times (x 67B)
Class [Lorg.objectweb.asm.Symbol;                                                     : loaded 2 times (x 65B)
Class org.objectweb.asm.ClassVisitor                                                  : loaded 2 times (x 84B)
Class com.google.common.collect.UnmodifiableListIterator                              : loaded 2 times (x 91B)
Class com.google.common.base.Platform$JdkPatternCompiler                              : loaded 2 times (x 71B)
Class org.objectweb.asm.MethodTooLargeException                                       : loaded 2 times (x 79B)
Class [Lcom.google.common.cache.CacheBuilder$OneWeigher;                              : loaded 2 times (x 65B)
Class com.google.common.base.Suppliers                                                : loaded 2 times (x 67B)
Class org.gradle.internal.classloader.DefaultClassLoaderFactory                       : loaded 2 times (x 78B)
Class com.google.common.base.CharMatcher$None                                         : loaded 2 times (x 108B)
Class org.gradle.internal.classloader.ClassLoaderVisitor                              : loaded 2 times (x 72B)
Class [Lcom.google.common.collect.ImmutableMapEntry;                                  : loaded 2 times (x 65B)
Class org.gradle.api.internal.classpath.EffectiveClassPath                            : loaded 2 times (x 86B)
Class [Lorg.apache.commons.io.StandardLineSeparator;                                  : loaded 2 times (x 65B)
Class org.apache.commons.io.output.StringBuilderWriter                                : loaded 2 times (x 96B)
Class com.google.common.collect.ImmutableEnumMap                                      : loaded 2 times (x 121B)
Class com.google.common.collect.ListMultimap                                          : loaded 2 times (x 66B)
Class com.google.common.collect.Sets$1                                                : loaded 2 times (x 135B)
Class org.objectweb.asm.AnnotationVisitor                                             : loaded 2 times (x 74B)
Class com.google.common.base.Splitter                                                 : loaded 2 times (x 68B)
Class org.gradle.api.internal.DefaultClassPathProvider                                : loaded 2 times (x 72B)
Class com.google.common.collect.Sets$2                                                : loaded 2 times (x 135B)
Class [Lorg.gradle.api.internal.ClassPathProvider;                                    : loaded 2 times (x 65B)
Class org.gradle.api.internal.ClassPathProvider                                       : loaded 2 times (x 66B)
Class com.google.common.reflect.Types$ClassOwnership$1                                : loaded 2 times (x 76B)
Class [Lorg.objectweb.asm.AnnotationVisitor;                                          : loaded 2 times (x 65B)
Class com.google.common.collect.Sets$3                                                : loaded 2 times (x 135B)
Class com.google.common.util.concurrent.AbstractFuture$SafeAtomicHelper               : loaded 2 times (x 75B)
Class com.google.common.cache.LocalCache$LocalLoadingCache                            : loaded 2 times (x 130B)
Class com.google.common.base.AbstractIterator$State                                   : loaded 2 times (x 75B)
Class org.gradle.internal.service.UnknownServiceException                             : loaded 2 times (x 79B)
Class com.google.common.reflect.Types$ClassOwnership$2                                : loaded 2 times (x 76B)
Class com.google.common.reflect.TypeResolver                                          : loaded 2 times (x 68B)
Class com.google.common.collect.Sets$4                                                : loaded 2 times (x 135B)
Class org.objectweb.asm.ModuleVisitor                                                 : loaded 2 times (x 77B)
Class com.google.common.cache.LocalCache$Strength$1                                   : loaded 2 times (x 77B)
Class com.google.common.reflect.Types$ClassOwnership$3                                : loaded 2 times (x 67B)
Class org.apache.commons.io.output.QueueOutputStream                                  : loaded 2 times (x 83B)
Class com.google.common.util.concurrent.SettableFuture                                : loaded 2 times (x 110B)
Class com.google.common.cache.LocalCache$Strength$2                                   : loaded 2 times (x 77B)
Class com.google.common.cache.LocalCache$Strength$3                                   : loaded 2 times (x 77B)
Class com.google.common.collect.MapDifference                                         : loaded 2 times (x 66B)
Class com.google.common.base.Splitter$1                                               : loaded 2 times (x 73B)
Class com.google.common.reflect.Invokable                                             : loaded 2 times (x 99B)
Class org.objectweb.asm.FieldWriter                                                   : loaded 2 times (x 74B)
Class com.google.common.cache.CacheBuilder$NullListener                               : loaded 2 times (x 78B)
Class org.gradle.internal.classpath.TransformedClassPath                              : loaded 2 times (x 92B)
Class org.gradle.internal.classloader.InstrumentingClassLoader                        : loaded 2 times (x 66B)
Class com.google.common.reflect.Types$ParameterizedTypeImpl                           : loaded 2 times (x 77B)
Class org.apache.commons.io.output.UnsynchronizedByteArrayOutputStream                : loaded 2 times (x 98B)
Class com.google.common.cache.CacheLoader$FunctionToCacheLoader                       : loaded 2 times (x 71B)
Class com.google.common.collect.Iterators$ArrayItr                                    : loaded 2 times (x 93B)
Class com.google.common.collect.ImmutableCollection$Builder                           : loaded 2 times (x 72B)
Class com.google.common.reflect.TypeResolver$TypeVariableKey                          : loaded 2 times (x 68B)
Class org.apache.commons.io.output.ByteArrayOutputStream                              : loaded 2 times (x 98B)
Class com.google.common.base.Joiner                                                   : loaded 2 times (x 75B)
Class com.google.common.base.MoreObjects                                              : loaded 2 times (x 67B)
Class [Lorg.objectweb.asm.Type;                                                       : loaded 2 times (x 65B)
Class com.google.common.collect.Platform                                              : loaded 2 times (x 67B)
Class com.google.common.collect.UnmodifiableIterator                                  : loaded 2 times (x 76B)
Class org.gradle.internal.service.ServiceLocator                                      : loaded 2 times (x 66B)
Class com.google.common.base.Ascii                                                    : loaded 2 times (x 67B)
Class com.google.common.collect.SingletonImmutableBiMap                               : loaded 2 times (x 139B)
Class com.google.common.cache.LocalCache$1                                            : loaded 2 times (x 85B)
Class com.google.common.collect.AbstractMapEntry                                      : loaded 2 times (x 77B)
Class com.google.common.reflect.TypeToken$SimpleTypeToken                             : loaded 2 times (x 69B)
Class com.google.common.collect.Sets$ImprovedAbstractSet                              : loaded 2 times (x 131B)
Class com.google.common.collect.ImmutableList$Builder                                 : loaded 2 times (x 73B)
Class com.google.common.cache.LocalCache$2                                            : loaded 2 times (x 138B)
Class com.google.common.collect.AbstractMultimap                                      : loaded 2 times (x 119B)
Class com.google.common.util.concurrent.AbstractFuture$UnsafeAtomicHelper$1           : loaded 2 times (x 72B)
Class com.google.common.collect.RegularImmutableAsList                                : loaded 2 times (x 212B)
Class com.google.common.util.concurrent.AbstractFuture$Trusted                        : loaded 2 times (x 66B)
Class com.google.common.collect.Iterators                                             : loaded 2 times (x 67B)
Class com.google.common.base.CharMatcher$RangesMatcher                                : loaded 2 times (x 108B)
Class com.google.common.util.concurrent.UncheckedExecutionException                   : loaded 2 times (x 78B)
Class com.google.common.collect.Lists$StringAsImmutableList                           : loaded 2 times (x 203B)
Class org.gradle.kotlin.dsl.VersionCatalogAccessorsKt                                 : loaded 2 times (x 67B)
Class com.google.common.base.CharMatcher$JavaLetterOrDigit                            : loaded 2 times (x 107B)
Class org.gradle.internal.InternalTransformer                                         : loaded 2 times (x 66B)
Class com.google.common.collect.AbstractMapBasedMultimap$KeySet$1                     : loaded 2 times (x 78B)
Class org.objectweb.asm.ClassWriter                                                   : loaded 2 times (x 102B)
Class com.google.common.cache.CacheLoader$UnsupportedLoadingOperationException        : loaded 2 times (x 78B)
Class com.google.common.base.CharMatcher$And                                          : loaded 2 times (x 108B)
Class org.gradle.internal.classloader.ClasspathUtil$1                                 : loaded 2 times (x 72B)
Class org.objectweb.asm.FieldVisitor                                                  : loaded 2 times (x 73B)
Class com.google.common.collect.IndexedImmutableSet                                   : loaded 2 times (x 146B)
Class com.google.common.collect.ImmutableMap$1                                        : loaded 2 times (x 77B)
Class com.google.common.collect.BiMap                                                 : loaded 2 times (x 66B)
Class org.gradle.api.internal.classpath.DefaultModuleRegistry$DefaultModule           : loaded 2 times (x 82B)
Class com.google.common.reflect.Reflection                                            : loaded 2 times (x 67B)
Class com.google.common.primitives.Ints                                               : loaded 2 times (x 67B)
Class com.google.common.collect.AbstractIterator                                      : loaded 2 times (x 78B)
Class com.google.common.math.MathPreconditions                                        : loaded 2 times (x 67B)
Class com.google.common.collect.Multiset                                              : loaded 2 times (x 66B)
Class com.google.common.collect.ArrayListMultimapGwtSerializationDependencies         : loaded 2 times (x 168B)
Class com.google.common.collect.RegularImmutableMap$KeySet                            : loaded 2 times (x 146B)
Class com.google.common.collect.AbstractIndexedListIterator                           : loaded 2 times (x 92B)
Class org.apache.commons.io.output.NullOutputStream                                   : loaded 2 times (x 81B)
Class com.google.common.collect.ImmutableMapEntrySet                                  : loaded 2 times (x 147B)
Class org.gradle.api.internal.classpath.Module                                        : loaded 2 times (x 66B)
Class com.google.common.cache.Weigher                                                 : loaded 2 times (x 66B)
Class org.gradle.api.internal.classpath.UnknownModuleException                        : loaded 2 times (x 78B)
Class com.google.common.base.Stopwatch                                                : loaded 2 times (x 68B)
Class com.google.common.cache.LocalCache$Strength                                     : loaded 2 times (x 77B)
Class com.google.common.cache.Cache                                                   : loaded 2 times (x 66B)
Class com.google.common.util.concurrent.AbstractFuture$Cancellation                   : loaded 2 times (x 68B)
Class com.google.common.collect.ImmutableMap$Builder                                  : loaded 2 times (x 78B)
Class com.google.common.base.NullnessCasts                                            : loaded 2 times (x 67B)
Class com.google.common.cache.RemovalListener                                         : loaded 2 times (x 66B)
Class org.gradle.api.internal.DefaultClassPathRegistry                                : loaded 2 times (x 72B)
Class com.google.common.reflect.Invokable$ConstructorInvokable                        : loaded 2 times (x 103B)
Class com.google.common.primitives.IntsMethodsForWeb                                  : loaded 2 times (x 67B)
Class com.google.common.collect.Multimap                                              : loaded 2 times (x 66B)
Class org.gradle.api.internal.ClassPathRegistry                                       : loaded 2 times (x 66B)
Class org.gradle.internal.classpath.DefaultClassPath$ImmutableUniqueList              : loaded 2 times (x 195B)
Class com.google.common.reflect.TypeToken                                             : loaded 2 times (x 69B)
Class org.apache.commons.io.IOUtils                                                   : loaded 2 times (x 67B)
Class com.google.common.base.Equivalence$Identity                                     : loaded 2 times (x 78B)
Class com.google.common.cache.CacheBuilder                                            : loaded 2 times (x 68B)
Class com.google.common.collect.SingletonImmutableList                                : loaded 2 times (x 203B)
Class Settings_gradle$1                                                               : loaded 2 times (x 70B)
Class org.gradle.internal.classpath.ClassPath                                         : loaded 2 times (x 66B)
Class org.gradle.api.UncheckedIOException                                             : loaded 2 times (x 78B)
Class [Lcom.google.common.reflect.Types$JavaVersion;                                  : loaded 2 times (x 65B)
Class com.google.common.collect.ImmutableList$ReverseImmutableList                    : loaded 2 times (x 204B)
Class com.google.common.base.JdkPattern                                               : loaded 2 times (x 71B)
Class org.objectweb.asm.SymbolTable$Entry                                             : loaded 2 times (x 70B)
Class com.google.common.util.concurrent.AbstractFuture$AtomicHelper                   : loaded 2 times (x 74B)
Class org.objectweb.asm.Edge                                                          : loaded 2 times (x 68B)
Class com.google.common.base.Suppliers$SupplierOfInstance                             : loaded 2 times (x 75B)
Class com.google.common.collect.Iterators$1                                           : loaded 2 times (x 77B)
Class com.google.common.reflect.TypeToken$1                                           : loaded 2 times (x 106B)
Class com.google.common.cache.LocalCache$ComputingValueReference                      : loaded 2 times (x 92B)
Class com.google.common.collect.SingletonImmutableSet                                 : loaded 2 times (x 142B)
Class com.google.common.collect.ImmutableMap$IteratorBasedImmutableMap                : loaded 2 times (x 121B)
Class com.google.common.reflect.TypeToken$2                                           : loaded 2 times (x 106B)
Class com.google.common.cache.LocalCache$Segment                                      : loaded 2 times (x 150B)
Class [Lorg.objectweb.asm.SymbolTable$Entry;                                          : loaded 2 times (x 65B)
Class com.google.common.cache.CacheLoader                                             : loaded 2 times (x 70B)
Class com.google.common.collect.Iterators$4                                           : loaded 2 times (x 78B)
Class com.google.common.collect.ImmutableBiMap                                        : loaded 2 times (x 139B)
Class com.google.common.collect.AbstractListMultimap                                  : loaded 2 times (x 168B)
Class org.gradle.internal.installation.GradleInstallation$1                           : loaded 2 times (x 71B)
Class org.gradle.api.internal.classpath.ModuleRegistry                                : loaded 2 times (x 66B)
Class org.apache.commons.io.output.NullWriter                                         : loaded 2 times (x 95B)
Class com.google.common.util.concurrent.internal.InternalFutureFailureAccess          : loaded 2 times (x 68B)
Class com.google.common.collect.Iterators$5                                           : loaded 2 times (x 78B)
Class com.google.common.collect.ImmutableSet$JdkBackedSetBuilderImpl                  : loaded 2 times (x 72B)
Class com.google.common.base.Splitter$SplittingIterator                               : loaded 2 times (x 80B)
Class com.google.common.util.concurrent.AbstractFuture$UnsafeAtomicHelper             : loaded 2 times (x 74B)
Class com.google.common.cache.LocalCache$LocalManualCache$1                           : loaded 2 times (x 71B)
Class com.google.common.base.CharMatcher$ForPredicate                                 : loaded 2 times (x 108B)
Class com.google.common.collect.ImmutableCollection                                   : loaded 2 times (x 121B)
Class com.google.common.base.CharMatcher$AnyOf                                        : loaded 2 times (x 108B)
Class org.gradle.api.internal.classpath.DefaultModuleRegistry                         : loaded 2 times (x 82B)
Class com.google.common.util.concurrent.ListenableFuture                              : loaded 2 times (x 66B)
Class com.google.common.cache.ReferenceEntry                                          : loaded 2 times (x 66B)
Class com.google.common.collect.ImmutableSet$CachingAsList                            : loaded 2 times (x 143B)
Class com.google.common.base.Converter                                                : loaded 2 times (x 86B)
Class com.google.common.collect.Lists                                                 : loaded 2 times (x 67B)
Class com.google.common.base.CharMatcher$Any                                          : loaded 2 times (x 108B)
Class com.google.common.util.concurrent.AbstractFuture                                : loaded 2 times (x 102B)
Class com.google.common.base.FunctionalEquivalence                                    : loaded 2 times (x 79B)
Class com.google.common.collect.Iterators$9                                           : loaded 2 times (x 77B)
Class com.google.common.collect.AbstractMapBasedMultimap                              : loaded 2 times (x 135B)
Class com.google.common.collect.ImmutableAsList                                       : loaded 2 times (x 205B)
Class com.google.common.reflect.TypeResolver$TypeTable                                : loaded 2 times (x 69B)
Class org.objectweb.asm.RecordComponentVisitor                                        : loaded 2 times (x 73B)
Class com.google.common.cache.CacheLoader$SupplierToCacheLoader                       : loaded 2 times (x 71B)
Class com.google.common.reflect.TypeResolver$TypeTable$1                              : loaded 2 times (x 69B)
Class com.google.common.collect.Maps$EntryTransformer                                 : loaded 2 times (x 66B)
Class org.gradle.internal.service.ServiceLookupException                              : loaded 2 times (x 78B)
Class [Lcom.google.common.cache.LocalCache$EntryFactory;                              : loaded 2 times (x 65B)
Class com.google.common.base.CharMatcher$JavaLetter                                   : loaded 2 times (x 107B)
Class org.gradle.internal.classloader.ClassLoaderFactory                              : loaded 2 times (x 66B)
Class org.apache.commons.io.CloseableURLConnection                                    : loaded 2 times (x 113B)
Class com.google.common.cache.LocalCache$LocalManualCache                             : loaded 2 times (x 95B)
Class com.google.common.base.CharMatcher$IsNot                                        : loaded 2 times (x 107B)
Class com.google.common.base.CommonPattern                                            : loaded 2 times (x 70B)
Class org.gradle.internal.service.CachingServiceLocator                               : loaded 2 times (x 78B)
Class com.google.common.collect.AbstractMapBasedMultimap$KeySet                       : loaded 2 times (x 133B)
Class com.google.common.math.IntMath                                                  : loaded 2 times (x 67B)
Class com.google.common.reflect.Types$TypeVariableInvocationHandler                   : loaded 2 times (x 71B)
Class com.google.common.collect.Iterators$10                                          : loaded 2 times (x 77B)
Class com.google.common.collect.ImmutableMapEntry                                     : loaded 2 times (x 81B)
Class com.google.common.base.CharMatcher$JavaDigit                                    : loaded 2 times (x 107B)
Class com.google.common.base.Equivalence                                              : loaded 2 times (x 78B)
Class com.google.common.collect.ImmutableMapEntry$NonTerminalImmutableMapEntry        : loaded 2 times (x 81B)
Class com.google.common.base.Function                                                 : loaded 2 times (x 66B)
Class org.apache.commons.io.output.AbstractByteArrayOutputStream                      : loaded 2 times (x 98B)
Class com.google.common.cache.CacheBuilder$OneWeigher                                 : loaded 2 times (x 78B)
Class com.google.common.collect.RegularImmutableList                                  : loaded 2 times (x 208B)
Class com.google.common.reflect.Types$ClassOwnership$1LocalClass                      : loaded 2 times (x 67B)
Class com.google.common.collect.ImmutableBiMapFauxverideShim                          : loaded 2 times (x 116B)
Class org.gradle.internal.classloader.ClasspathUtil                                   : loaded 2 times (x 67B)
Class com.google.common.base.Charsets                                                 : loaded 2 times (x 67B)
Class com.google.common.util.concurrent.Uninterruptibles                              : loaded 2 times (x 67B)
Class com.google.common.collect.Maps                                                  : loaded 2 times (x 67B)
Class com.google.common.base.CharMatcher$JavaUpperCase                                : loaded 2 times (x 107B)
Class org.gradle.api.specs.Spec                                                       : loaded 2 times (x 66B)
Class com.google.common.reflect.Types$JavaVersion                                     : loaded 2 times (x 79B)
Class [Lcom.google.common.collect.ImmutableEntry;                                     : loaded 2 times (x 65B)
Class com.google.common.cache.LocalCache$LoadingValueReference                        : loaded 2 times (x 92B)
Class com.google.common.collect.ObjectArrays                                          : loaded 2 times (x 67B)
Class com.google.common.reflect.Invokable$MethodInvokable                             : loaded 2 times (x 103B)
Class com.google.common.base.Platform                                                 : loaded 2 times (x 67B)
Class [Lorg.objectweb.asm.AnnotationWriter;                                           : loaded 2 times (x 65B)
Class com.google.common.primitives.Ints$IntConverter                                  : loaded 2 times (x 86B)
Class com.google.common.collect.Maps$8                                                : loaded 2 times (x 78B)
Class com.google.common.collect.Sets$SetView                                          : loaded 2 times (x 134B)
Class com.google.common.cache.LocalCache$StrongValueReference                         : loaded 2 times (x 86B)
Class com.google.common.util.concurrent.AbstractFuture$SynchronizedHelper             : loaded 2 times (x 74B)
Class com.google.common.base.CharMatcher$Invisible                                    : loaded 2 times (x 108B)
Class org.objectweb.asm.Type                                                          : loaded 2 times (x 68B)
Class org.gradle.internal.classloader.VisitableURLClassLoader$InstrumentingVisitableURLClassLoader: loaded 2 times (x 119B)
Class org.objectweb.asm.ByteVector                                                    : loaded 2 times (x 75B)
Class [Lcom.google.common.cache.CacheBuilder$NullListener;                            : loaded 2 times (x 65B)
Class com.google.common.math.IntMath$1                                                : loaded 2 times (x 67B)
Class org.gradle.internal.classloader.VisitableURLClassLoader$Spec                    : loaded 2 times (x 70B)
Class org.gradle.internal.classpath.DefaultClassPath                                  : loaded 2 times (x 86B)
Class com.google.common.reflect.Types$ClassOwnership                                  : loaded 2 times (x 76B)
Class org.objectweb.asm.Symbol                                                        : loaded 2 times (x 69B)
Class com.google.common.base.AbstractIterator                                         : loaded 2 times (x 76B)
Class com.google.common.collect.ImmutableSet                                          : loaded 2 times (x 141B)
Class com.google.common.collect.RegularImmutableMap$Values                            : loaded 2 times (x 203B)
Class com.google.common.base.CharMatcher$BitSetMatcher                                : loaded 2 times (x 108B)
Class com.google.common.base.CharMatcher$Ascii                                        : loaded 2 times (x 108B)
Class org.gradle.internal.classloader.ClassLoaderSpec                                 : loaded 2 times (x 67B)
Class org.objectweb.asm.AnnotationWriter                                              : loaded 2 times (x 75B)
Class com.google.common.cache.CacheStats                                              : loaded 2 times (x 67B)
Class org.objectweb.asm.RecordComponentWriter                                         : loaded 2 times (x 74B)
Class com.google.common.util.concurrent.AbstractFuture$Listener                       : loaded 2 times (x 68B)
Class com.google.common.base.CharMatcher$Or                                           : loaded 2 times (x 108B)
Class Settings_gradle$1$1                                                             : loaded 2 times (x 70B)
Class org.objectweb.asm.Attribute                                                     : loaded 2 times (x 73B)
Class com.google.common.base.Supplier                                                 : loaded 2 times (x 66B)
Class org.gradle.internal.classloader.VisitableURLClassLoader                         : loaded 2 times (x 113B)
Class com.google.common.util.concurrent.AbstractFuture$Waiter                         : loaded 2 times (x 68B)
Class Settings_gradle                                                                 : loaded 2 times (x 124B)
Class org.gradle.internal.Cast                                                        : loaded 2 times (x 67B)
Class org.gradle.api.Action                                                           : loaded 2 times (x 66B)
Class com.google.common.base.Strings                                                  : loaded 2 times (x 67B)
Class com.google.common.collect.Sets                                                  : loaded 2 times (x 67B)
Class org.objectweb.asm.Handler                                                       : loaded 2 times (x 68B)
Class com.google.common.base.Ticker                                                   : loaded 2 times (x 68B)
Class com.google.common.base.CharMatcher$FastMatcher                                  : loaded 2 times (x 107B)
Class [Lcom.google.common.cache.LocalCache$Segment;                                   : loaded 2 times (x 65B)
Class [Lcom.google.common.cache.LocalCache$Strength;                                  : loaded 2 times (x 65B)
Class com.google.common.cache.CacheBuilder$1                                          : loaded 2 times (x 81B)
Class com.google.common.collect.ImmutableMap                                          : loaded 2 times (x 116B)
Class com.google.common.base.Predicate                                                : loaded 2 times (x 66B)
Class org.gradle.internal.classpath.DefaultClassPath$ImmutableUniqueList$Builder      : loaded 2 times (x 71B)
Class com.google.common.cache.LocalCache                                              : loaded 2 times (x 183B)
Class com.google.common.cache.CacheBuilder$2                                          : loaded 2 times (x 68B)
Class com.google.common.base.CharMatcher$NegatedFastMatcher                           : loaded 2 times (x 109B)
Class [Lcom.google.common.collect.AbstractMapEntry;                                   : loaded 2 times (x 65B)
Class com.google.common.collect.ImmutableEntry                                        : loaded 2 times (x 78B)
Class com.google.common.collect.ArrayListMultimap                                     : loaded 2 times (x 168B)
Class com.google.common.base.AbstractIterator$1                                       : loaded 2 times (x 67B)
Class com.google.common.base.CharMatcher$Digit                                        : loaded 2 times (x 108B)
Class org.gradle.api.GradleException                                                  : loaded 2 times (x 78B)
Class org.apache.commons.io.StandardLineSeparator                                     : loaded 2 times (x 75B)
Class com.google.common.collect.CollectPreconditions                                  : loaded 2 times (x 67B)
Class com.google.common.base.CharMatcher$JavaIsoControl                               : loaded 2 times (x 108B)
Class com.google.common.collect.SortedMapDifference                                   : loaded 2 times (x 66B)
Class com.google.common.base.CharMatcher$JavaLowerCase                                : loaded 2 times (x 107B)
Class com.google.common.cache.LocalCache$EntryFactory                                 : loaded 2 times (x 79B)
Class com.google.common.reflect.Types$NativeTypeVariableEquals                        : loaded 2 times (x 67B)
Class com.google.common.reflect.TypeParameter                                         : loaded 2 times (x 68B)
Class com.google.common.cache.LocalCache$AbstractReferenceEntry                       : loaded 2 times (x 103B)
Class com.google.common.base.Splitter$1$1                                             : loaded 2 times (x 82B)
Class com.google.common.base.CharMatcher$Whitespace                                   : loaded 2 times (x 108B)
Class org.gradle.internal.IoActions                                                   : loaded 2 times (x 67B)
Class org.objectweb.asm.SymbolTable                                                   : loaded 2 times (x 68B)
Class com.google.common.cache.CacheLoader$InvalidCacheLoadException                   : loaded 2 times (x 78B)
Class com.google.common.collect.ImmutableSet$RegularSetBuilderImpl                    : loaded 2 times (x 73B)
Class com.google.common.base.CharMatcher$SingleWidth                                  : loaded 2 times (x 108B)
Class org.gradle.internal.classloader.SystemClassLoaderSpec                           : loaded 2 times (x 67B)
Class com.google.common.cache.LocalCache$StrongEntry                                  : loaded 2 times (x 104B)
Class com.google.common.util.concurrent.AbstractFuture$TrustedFuture                  : loaded 2 times (x 110B)
Class com.google.common.cache.LoadingCache                                            : loaded 2 times (x 66B)
Class org.objectweb.asm.MethodWriter                                                  : loaded 2 times (x 102B)
Class [Lcom.google.common.cache.Weigher;                                              : loaded 2 times (x 65B)
Class com.google.common.collect.RegularImmutableMap$BucketOverflowException           : loaded 2 times (x 78B)
Class com.google.common.reflect.Types$JavaVersion$1                                   : loaded 2 times (x 79B)
Class com.google.common.collect.RegularImmutableBiMap                                 : loaded 2 times (x 144B)
Class com.google.common.cache.LocalCache$ValueReference                               : loaded 2 times (x 66B)
Class com.google.common.base.CharMatcher$Negated                                      : loaded 2 times (x 109B)
Class com.google.common.base.CharMatcher$Is                                           : loaded 2 times (x 107B)
Class com.google.common.reflect.Types$JavaVersion$2                                   : loaded 2 times (x 79B)
Class com.google.common.reflect.Types                                                 : loaded 2 times (x 67B)
Class com.google.common.hash.PrimitiveSink                                            : loaded 2 times (x 66B)
Class com.google.common.base.PatternCompiler                                          : loaded 2 times (x 66B)
Class com.google.common.util.concurrent.AbstractFuture$Failure                        : loaded 2 times (x 68B)
Class com.google.common.base.Equivalence$Equals                                       : loaded 2 times (x 78B)
Class com.google.common.collect.Hashing                                               : loaded 2 times (x 67B)
Class com.google.common.base.Preconditions                                            : loaded 2 times (x 67B)
Class com.google.common.reflect.Types$JavaVersion$3                                   : loaded 2 times (x 79B)
Class com.google.common.base.Joiner$1                                                 : loaded 2 times (x 76B)
Class org.objectweb.asm.Label                                                         : loaded 2 times (x 69B)
Class org.objectweb.asm.CurrentFrame                                                  : loaded 2 times (x 69B)
Class org.objectweb.asm.ClassTooLargeException                                        : loaded 2 times (x 79B)
Class com.google.common.collect.PeekingIterator                                       : loaded 2 times (x 66B)
Class com.google.common.base.CharMatcher                                              : loaded 2 times (x 107B)
Class com.google.common.reflect.Types$JavaVersion$4                                   : loaded 2 times (x 79B)
Class com.google.common.base.Joiner$2                                                 : loaded 2 times (x 75B)
Class org.objectweb.asm.Frame                                                         : loaded 2 times (x 69B)
Class org.objectweb.asm.MethodVisitor                                                 : loaded 2 times (x 101B)
Class com.google.common.cache.LocalCache$EntryFactory$1                               : loaded 2 times (x 79B)
Class [Lcom.google.common.cache.RemovalListener;                                      : loaded 2 times (x 65B)
Class com.google.common.base.CharMatcher$1                                            : loaded 2 times (x 109B)
Class com.google.common.base.CharMatcher$NamedFastMatcher                             : loaded 2 times (x 108B)
Class com.google.common.reflect.Types$JavaVersion$5                                   : loaded 2 times (x 67B)
Class [Lcom.google.common.reflect.Types$ClassOwnership;                               : loaded 2 times (x 65B)
Class com.google.common.cache.LocalCache$EntryFactory$2                               : loaded 2 times (x 79B)
Class org.gradle.api.internal.classpath.GlobalCacheRootsProvider                      : loaded 2 times (x 66B)
Class org.objectweb.asm.ModuleWriter                                                  : loaded 2 times (x 78B)
Class com.google.common.cache.LocalCache$EntryFactory$3                               : loaded 2 times (x 79B)
Class com.google.common.base.Ticker$1                                                 : loaded 2 times (x 68B)
Class com.google.common.collect.ImmutableMapEntrySet$RegularEntrySet                  : loaded 2 times (x 147B)
Class com.google.common.collect.Maps$BiMapConverter                                   : loaded 2 times (x 86B)
Class com.google.common.cache.LocalCache$EntryFactory$4                               : loaded 2 times (x 79B)
Class com.google.common.collect.ImmutableSet$Builder                                  : loaded 2 times (x 81B)
Class com.google.common.base.CharMatcher$InRange                                      : loaded 2 times (x 107B)
Class com.google.common.cache.LocalCache$EntryFactory$5                               : loaded 2 times (x 79B)
Class com.google.common.base.PairwiseEquivalence                                      : loaded 2 times (x 79B)
Class org.apache.commons.io.output.AppendableWriter                                   : loaded 2 times (x 96B)
Class com.google.common.cache.LocalCache$EntryFactory$6                               : loaded 2 times (x 79B)
Class org.gradle.internal.installation.CurrentGradleInstallationLocator               : loaded 2 times (x 67B)
Class org.apache.commons.io.output.ThresholdingOutputStream                           : loaded 2 times (x 90B)
Class com.google.common.collect.Maps$KeySet                                           : loaded 2 times (x 133B)
Class com.google.common.cache.LocalCache$EntryFactory$7                               : loaded 2 times (x 79B)
Class com.google.common.collect.ImmutableSet$EmptySetBuilderImpl                      : loaded 2 times (x 72B)
Class com.google.common.collect.ImmutableList                                         : loaded 2 times (x 202B)
Class org.gradle.internal.service.DefaultServiceLocator                               : loaded 2 times (x 79B)
Class com.google.common.cache.LocalCache$EntryFactory$8                               : loaded 2 times (x 79B)
Class com.google.common.collect.ImmutableSet$SetBuilderImpl                           : loaded 2 times (x 72B)
Class org.gradle.internal.installation.CurrentGradleInstallation                      : loaded 2 times (x 69B)
Class com.google.common.cache.CacheLoader$1                                           : loaded 2 times (x 71B)
Class com.google.common.collect.ForwardingObject                                      : loaded 2 times (x 68B)
Class com.google.common.collect.ImmutableList$SubList                                 : loaded 2 times (x 204B)
Class org.gradle.util.internal.GUtil                                                  : loaded 2 times (x 67B)
Class com.google.common.util.concurrent.AbstractFuture$SetFuture                      : loaded 2 times (x 71B)
Class com.google.common.cache.AbstractCache$StatsCounter                              : loaded 2 times (x 66B)
Class com.google.common.reflect.Types$TypeVariableImpl                                : loaded 2 times (x 68B)
Class com.google.common.collect.Iterators$MergingIterator                             : loaded 2 times (x 77B)
Class com.google.common.collect.RegularImmutableSet                                   : loaded 2 times (x 144B)
Class org.gradle.internal.installation.GradleInstallation                             : loaded 2 times (x 71B)
Class com.google.common.collect.Iterables                                             : loaded 2 times (x 67B)
Class com.google.common.base.Splitter$Strategy                                        : loaded 2 times (x 66B)

---------------  S Y S T E M  ---------------

OS:
 Windows 11 , 64 bit Build 22621 (10.0.22621.4391)
OS uptime: 0 days 0:46 hours
Hyper-V role detected

CPU: total 8 (initial active 8) (4 cores per cpu, 2 threads per core) family 6 model 140 stepping 1 microcode 0xb8, cx8, cmov, fxsr, ht, mmx, 3dnowpref, sse, sse2, sse3, ssse3, sse4.1, sse4.2, popcnt, lzcnt, tsc, tscinvbit, avx, avx2, aes, erms, clmul, bmi1, bmi2, adx, avx512f, avx512dq, avx512cd, avx512bw, avx512vl, sha, fma, vzeroupper, avx512_vpopcntdq, avx512_vpclmulqdq, avx512_vaes, avx512_vnni, clflush, clflushopt, clwb, avx512_vbmi2, avx512_vbmi, hv, rdtscp, rdpid, fsrm, gfni, avx512_bitalg, f16c, cet_ibt, cet_ss, avx512_ifma
Processor Information for all 8 processors :
  Max Mhz: 2611, Current Mhz: 2611, Mhz Limit: 2611

Memory: 4k page, system-wide physical 16064M (363M free)
TotalPageFile size 16064M (AvailPageFile size 21M)
current process WorkingSet (physical memory assigned to process): 357M, peak: 456M
current process commit charge ("private bytes"): 455M, peak: 493M

vm_info: OpenJDK 64-Bit Server VM (21.0.4+-12508038-b607.1) for windows-amd64 JRE (21.0.4+-12508038-b607.1), built on 2024-10-16T17:23:34Z by "builder" with MS VC++ 16.10 / 16.11 (VS2019)

END.
