#
# There is insufficient memory for the Java Runtime Environment to continue.
# Native memory allocation (mmap) failed to map 65536 bytes. Error detail: Failed to commit metaspace.
# Possible reasons:
#   The system is out of physical RAM or swap space
#   This process is running with CompressedOops enabled, and the Java Heap may be blocking the growth of the native heap
# Possible solutions:
#   Reduce memory load on the system
#   Increase physical memory or swap space
#   Check if swap backing store is full
#   Decrease Java heap size (-Xmx/-Xms)
#   Decrease number of Java threads
#   Decrease Java thread stack sizes (-Xss)
#   Set larger code cache with -XX:ReservedCodeCacheSize=
#   JVM is running with Unscaled Compressed Oops mode in which the Java heap is
#     placed in the first 4GB address space. The Java Heap base address is the
#     maximum limit for the native heap growth. Please use -XX:HeapBaseMinAddress
#     to set the Java Heap base and to place the Java Heap above 4GB virtual address.
# This output file may be truncated or incomplete.
#
#  Out of Memory Error (virtualSpaceNode.cpp:113), pid=7400, tid=2452
#
# JRE version: OpenJDK Runtime Environment (21.0.4) (build 21.0.4+-12508038-b607.1)
# Java VM: OpenJDK 64-Bit Server VM (21.0.4+-12508038-b607.1, mixed mode, tiered, compressed oops, compressed class ptrs, g1 gc, windows-amd64)
# No core dump will be written. Minidumps are not enabled by default on client versions of Windows
#

---------------  S U M M A R Y ------------

Command Line: --add-opens=java.base/java.util=ALL-UNNAMED --add-opens=java.base/java.lang=ALL-UNNAMED --add-opens=java.base/java.lang.invoke=ALL-UNNAMED --add-opens=java.prefs/java.util.prefs=ALL-UNNAMED --add-exports=jdk.compiler/com.sun.tools.javac.api=ALL-UNNAMED --add-exports=jdk.compiler/com.sun.tools.javac.util=ALL-UNNAMED --add-opens=java.base/java.nio.charset=ALL-UNNAMED --add-opens=java.base/java.net=ALL-UNNAMED --add-opens=java.base/java.util.concurrent.atomic=ALL-UNNAMED -Xmx2048m -Dfile.encoding=UTF-8 -Duser.country=GB -Duser.language=en -Duser.variant -javaagent:C:\Users\rumaa\.gradle\wrapper\dists\gradle-8.10.2-bin\a04bxjujx95o3nb99gddekhwo\gradle-8.10.2\lib\agents\gradle-instrumentation-agent-8.10.2.jar org.gradle.launcher.daemon.bootstrap.GradleDaemon 8.10.2

Host: 11th Gen Intel(R) Core(TM) i5-1145G7 @ 2.60GHz, 8 cores, 15G,  Windows 11 , 64 bit Build 22621 (10.0.22621.4391)
Time: Mon Jan 13 22:44:54 2025 Bangladesh Standard Time elapsed time: 275.386370 seconds (0d 0h 4m 35s)

---------------  T H R E A D  ---------------

Current thread (0x0000021368e35ae0):  JavaThread "Execution worker Thread 5"        [_thread_in_vm, id=2452, stack(0x000000dd02c00000,0x000000dd02d00000) (1024K)]

Stack: [0x000000dd02c00000,0x000000dd02d00000]
Native frames: (J=compiled Java code, j=interpreted, Vv=VM code, C=native code)
V  [jvm.dll+0x6ce539]
V  [jvm.dll+0x85bf03]
V  [jvm.dll+0x85e45e]
V  [jvm.dll+0x85eb43]
V  [jvm.dll+0x27dd06]
V  [jvm.dll+0x856dde]
V  [jvm.dll+0x672715]
V  [jvm.dll+0x1e2ab1]
V  [jvm.dll+0x1e287e]
V  [jvm.dll+0x675068]
V  [jvm.dll+0x674ea2]
V  [jvm.dll+0x67310e]
V  [jvm.dll+0x26a410]
V  [jvm.dll+0x2152bb]
V  [jvm.dll+0x20a7a9]
V  [jvm.dll+0x5b0c43]
V  [jvm.dll+0x7d4010]
V  [jvm.dll+0x7d413e]
V  [jvm.dll+0x46d9ad]
V  [jvm.dll+0x4732f8]
C  [java.dll+0x17ec]

Java frames: (J=compiled Java code, j=interpreted, Vv=VM code)
J 928  java.lang.ClassLoader.defineClass1(Ljava/lang/ClassLoader;Ljava/lang/String;[BIILjava/security/ProtectionDomain;Ljava/lang/String;)Ljava/lang/Class; java.base@21.0.4 (0 bytes) @ 0x0000021353bf7709 [0x0000021353bf7640+0x00000000000000c9]
J 25706 c2 java.net.URLClassLoader$1.run()Ljava/lang/Class; java.base@21.0.4 (81 bytes) @ 0x0000021354639c54 [0x0000021354638240+0x0000000000001a14]
J 8351 c2 java.net.URLClassLoader$1.run()Ljava/lang/Object; java.base@21.0.4 (5 bytes) @ 0x0000021353d445e0 [0x0000021353d445a0+0x0000000000000040]
J 8109 c2 java.net.URLClassLoader.findClass(Ljava/lang/String;)Ljava/lang/Class; java.base@21.0.4 (47 bytes) @ 0x0000021353d5851c [0x0000021353d58460+0x00000000000000bc]
J 25705 c2 java.lang.ClassLoader.loadClass(Ljava/lang/String;Z)Ljava/lang/Class; java.base@21.0.4 (121 bytes) @ 0x000002135467b8d0 [0x0000021354679de0+0x0000000000001af0]
J 3437 c2 java.lang.ClassLoader.loadClass(Ljava/lang/String;)Ljava/lang/Class; java.base@21.0.4 (7 bytes) @ 0x0000021353bc1cec [0x0000021353bc1ca0+0x000000000000004c]
v  ~StubRoutines::call_stub 0x00000213535f10e7
j  com.google.gson.internal.LinkedTreeMap.entrySet()Ljava/util/Set;+14
j  com.android.tools.build.jetifier.core.proguard.ProGuardTypesMap$JsonData.toMappings()Lcom/android/tools/build/jetifier/core/proguard/ProGuardTypesMap;+38
j  com.android.tools.build.jetifier.core.config.Config$JsonData.toConfig()Lcom/android/tools/build/jetifier/core/config/Config;+742
j  com.android.tools.build.jetifier.core.config.ConfigParser.parseFromString(Ljava/lang/String;)Lcom/android/tools/build/jetifier/core/config/Config;+18
j  com.android.tools.build.jetifier.core.config.ConfigParser.loadDefaultConfig()Lcom/android/tools/build/jetifier/core/config/Config;+89
j  android.databinding.tool.LibTypes$typeRewriter$2.invoke()Lcom/android/tools/build/jetifier/core/TypeRewriter;+3
j  android.databinding.tool.LibTypes$typeRewriter$2.invoke()Ljava/lang/Object;+1
J 40814 c1 kotlin.UnsafeLazyImpl.getValue()Ljava/lang/Object; (37 bytes) @ 0x000002134c26f7d4 [0x000002134c26f440+0x0000000000000394]
j  android.databinding.tool.LibTypes.getTypeRewriter()Lcom/android/tools/build/jetifier/core/TypeRewriter;+6
j  android.databinding.tool.LibTypes.convert(Ljava/lang/String;)Ljava/lang/String;+42
j  android.databinding.tool.LibTypes$nonNull$2.invoke()Ljava/lang/String;+6
j  android.databinding.tool.LibTypes$nonNull$2.invoke()Ljava/lang/Object;+1
J 40814 c1 kotlin.UnsafeLazyImpl.getValue()Ljava/lang/Object; (37 bytes) @ 0x000002134c26f7d4 [0x000002134c26f440+0x0000000000000394]
j  android.databinding.tool.LibTypes.getNonNull()Ljava/lang/String;+6
j  android.databinding.tool.writer.LayoutBinderWriter$write$1.invoke(Landroid/databinding/tool/writer/KCode;)V+60
j  android.databinding.tool.writer.LayoutBinderWriter$write$1.invoke(Ljava/lang/Object;)Ljava/lang/Object;+5
j  android.databinding.tool.writer.KCodeKt.kcode(Ljava/lang/String;Lkotlin/jvm/functions/Function1;)Landroid/databinding/tool/writer/KCode;+15
j  android.databinding.tool.writer.LayoutBinderWriter.write(I)Ljava/lang/String;+41
j  android.databinding.tool.LayoutBinder.writeViewBinder(I)Ljava/lang/String;+37
j  android.databinding.tool.DataBinder.writeBinders(I)V+98
j  android.databinding.tool.CompilerChef.writeViewBinders(I)V+9
j  android.databinding.annotationprocessor.ProcessExpressions.writeResourceBundle(Landroid/databinding/tool/store/ResourceBundle;Landroid/databinding/tool/CompilerArguments;Landroid/databinding/tool/store/GenClassInfoLog;Landroid/databinding/tool/CompilerChef;)V+126
j  android.databinding.annotationprocessor.ProcessExpressions.onHandleStep(Ljavax/annotation/processing/RoundEnvironment;Ljavax/annotation/processing/ProcessingEnvironment;Landroid/databinding/tool/CompilerArguments;)Z+305
j  android.databinding.annotationprocessor.ProcessDataBinding$ProcessingStep.runStep(Ljavax/annotation/processing/RoundEnvironment;Ljavax/annotation/processing/ProcessingEnvironment;Landroid/databinding/tool/CompilerArguments;)Z+14
j  android.databinding.annotationprocessor.ProcessDataBinding.doProcess(Ljavax/annotation/processing/RoundEnvironment;)Z+123
j  android.databinding.annotationprocessor.ProcessDataBinding.process(Ljava/util/Set;Ljavax/annotation/processing/RoundEnvironment;)Z+2
j  org.gradle.api.internal.tasks.compile.processing.DelegatingProcessor.process(Ljava/util/Set;Ljavax/annotation/processing/RoundEnvironment;)Z+6
j  org.gradle.api.internal.tasks.compile.processing.DynamicProcessor.process(Ljava/util/Set;Ljavax/annotation/processing/RoundEnvironment;)Z+16
j  org.gradle.api.internal.tasks.compile.processing.DelegatingProcessor.process(Ljava/util/Set;Ljavax/annotation/processing/RoundEnvironment;)Z+6
j  org.gradle.api.internal.tasks.compile.processing.TimeTrackingProcessor.access$401(Lorg/gradle/api/internal/tasks/compile/processing/TimeTrackingProcessor;Ljava/util/Set;Ljavax/annotation/processing/RoundEnvironment;)Z+3
j  org.gradle.api.internal.tasks.compile.processing.TimeTrackingProcessor$5.create()Ljava/lang/Boolean;+12
j  org.gradle.api.internal.tasks.compile.processing.TimeTrackingProcessor$5.create()Ljava/lang/Object;+1
j  org.gradle.api.internal.tasks.compile.processing.TimeTrackingProcessor.track(Lorg/gradle/internal/Factory;)Ljava/lang/Object;+9
j  org.gradle.api.internal.tasks.compile.processing.TimeTrackingProcessor.process(Ljava/util/Set;Ljavax/annotation/processing/RoundEnvironment;)Z+11
j  com.sun.tools.javac.processing.JavacProcessingEnvironment.callProcessor(Ljavax/annotation/processing/Processor;Ljava/util/Set;Ljavax/annotation/processing/RoundEnvironment;)Z+19 jdk.compiler@21.0.4
j  com.sun.tools.javac.processing.JavacProcessingEnvironment.discoverAndRunProcs(Ljava/util/Set;Lcom/sun/tools/javac/util/List;Lcom/sun/tools/javac/util/List;Lcom/sun/tools/javac/util/List;)V+409 jdk.compiler@21.0.4
j  com.sun.tools.javac.processing.JavacProcessingEnvironment$Round.run(ZZ)V+111 jdk.compiler@21.0.4
j  com.sun.tools.javac.processing.JavacProcessingEnvironment.doProcessing(Lcom/sun/tools/javac/util/List;Lcom/sun/tools/javac/util/List;Ljava/lang/Iterable;Lcom/sun/tools/javac/util/Log$DeferredDiagnosticHandler;)Z+145 jdk.compiler@21.0.4
j  com.sun.tools.javac.main.JavaCompiler.processAnnotations(Lcom/sun/tools/javac/util/List;Ljava/util/Collection;)V+438 jdk.compiler@21.0.4
j  com.sun.tools.javac.main.JavaCompiler.compile(Ljava/util/Collection;Ljava/util/Collection;Ljava/lang/Iterable;Ljava/util/Collection;)V+285 jdk.compiler@21.0.4
j  com.sun.tools.javac.api.JavacTaskImpl.lambda$doCall$0()Lcom/sun/tools/javac/main/Main$Result;+45 jdk.compiler@21.0.4
j  com.sun.tools.javac.api.JavacTaskImpl$$Lambda+0x0000000101f27768.call()Ljava/lang/Object;+4 jdk.compiler@21.0.4
j  com.sun.tools.javac.api.JavacTaskImpl.invocationHelper(Ljava/util/concurrent/Callable;)Lcom/sun/tools/javac/util/Pair;+20 jdk.compiler@21.0.4
j  com.sun.tools.javac.api.JavacTaskImpl.doCall()Lcom/sun/tools/javac/main/Main$Result;+7 jdk.compiler@21.0.4
j  com.sun.tools.javac.api.JavacTaskImpl.call()Ljava/lang/Boolean;+1 jdk.compiler@21.0.4
j  org.gradle.internal.compiler.java.IncrementalCompileTask.call()Ljava/lang/Boolean;+59
j  org.gradle.api.internal.tasks.compile.AnnotationProcessingCompileTask.call()Ljava/lang/Boolean;+30
j  org.gradle.api.internal.tasks.compile.ResourceCleaningCompilationTask.call()Ljava/lang/Boolean;+4
j  org.gradle.api.internal.tasks.compile.JdkJavaCompiler.execute(Lorg/gradle/api/internal/tasks/compile/JavaCompileSpec;)Lorg/gradle/api/tasks/WorkResult;+56
j  org.gradle.api.internal.tasks.compile.JdkJavaCompiler.execute(Lorg/gradle/language/base/internal/compile/CompileSpec;)Lorg/gradle/api/tasks/WorkResult;+5
j  org.gradle.api.internal.tasks.compile.NormalizingJavaCompiler.delegateAndHandleErrors(Lorg/gradle/api/internal/tasks/compile/JavaCompileSpec;)Lorg/gradle/api/tasks/WorkResult;+5
j  org.gradle.api.internal.tasks.compile.NormalizingJavaCompiler.execute(Lorg/gradle/api/internal/tasks/compile/JavaCompileSpec;)Lorg/gradle/api/tasks/WorkResult;+22
j  org.gradle.api.internal.tasks.compile.NormalizingJavaCompiler.execute(Lorg/gradle/language/base/internal/compile/CompileSpec;)Lorg/gradle/api/tasks/WorkResult;+5
j  org.gradle.api.internal.tasks.compile.AnnotationProcessorDiscoveringCompiler.execute(Lorg/gradle/api/internal/tasks/compile/JavaCompileSpec;)Lorg/gradle/api/tasks/WorkResult;+18
j  org.gradle.api.internal.tasks.compile.AnnotationProcessorDiscoveringCompiler.execute(Lorg/gradle/language/base/internal/compile/CompileSpec;)Lorg/gradle/api/tasks/WorkResult;+5
j  org.gradle.api.internal.tasks.compile.ModuleApplicationNameWritingCompiler.execute(Lorg/gradle/api/internal/tasks/compile/JavaCompileSpec;)Lorg/gradle/api/tasks/WorkResult;+5
j  org.gradle.api.internal.tasks.compile.ModuleApplicationNameWritingCompiler.execute(Lorg/gradle/language/base/internal/compile/CompileSpec;)Lorg/gradle/api/tasks/WorkResult;+5
j  org.gradle.jvm.toolchain.internal.DefaultToolchainJavaCompiler.execute(Lorg/gradle/language/base/internal/compile/CompileSpec;)Lorg/gradle/api/tasks/WorkResult;+33
j  org.gradle.api.tasks.compile.JavaCompile.lambda$createToolchainCompiler$3(Lorg/gradle/language/base/internal/compile/CompileSpec;)Lorg/gradle/api/tasks/WorkResult;+15
j  org.gradle.api.tasks.compile.JavaCompile$$Lambda+0x0000000101e28bf0.execute(Lorg/gradle/language/base/internal/compile/CompileSpec;)Lorg/gradle/api/tasks/WorkResult;+5
j  org.gradle.api.internal.tasks.compile.CleaningJavaCompiler.execute(Lorg/gradle/api/internal/tasks/compile/JavaCompileSpec;)Lorg/gradle/api/tasks/WorkResult;+72
j  org.gradle.api.internal.tasks.compile.incremental.IncrementalCompilerFactory.lambda$createRebuildAllCompiler$0(Lorg/gradle/api/file/FileTree;Lorg/gradle/api/internal/tasks/compile/CleaningJavaCompiler;Lorg/gradle/api/internal/tasks/compile/JavaCompileSpec;)Lorg/gradle/api/tasks/WorkResult;+9
j  org.gradle.api.internal.tasks.compile.incremental.IncrementalCompilerFactory$$Lambda+0x0000000101e29e20.execute(Lorg/gradle/language/base/internal/compile/CompileSpec;)Lorg/gradle/api/tasks/WorkResult;+12
j  org.gradle.api.internal.tasks.compile.incremental.SelectiveCompiler.execute(Lorg/gradle/api/internal/tasks/compile/JavaCompileSpec;)Lorg/gradle/api/tasks/WorkResult;+27
j  org.gradle.api.internal.tasks.compile.incremental.SelectiveCompiler.execute(Lorg/gradle/language/base/internal/compile/CompileSpec;)Lorg/gradle/api/tasks/WorkResult;+5
j  org.gradle.api.internal.tasks.compile.incremental.IncrementalResultStoringCompiler.execute(Lorg/gradle/api/internal/tasks/compile/JavaCompileSpec;)Lorg/gradle/api/tasks/WorkResult;+5
j  org.gradle.api.internal.tasks.compile.incremental.IncrementalResultStoringCompiler.execute(Lorg/gradle/language/base/internal/compile/CompileSpec;)Lorg/gradle/api/tasks/WorkResult;+5
j  org.gradle.api.internal.tasks.compile.CompileJavaBuildOperationReportingCompiler$1.call(Lorg/gradle/internal/operations/BuildOperationContext;)Lorg/gradle/api/tasks/WorkResult;+11
j  org.gradle.api.internal.tasks.compile.CompileJavaBuildOperationReportingCompiler$1.call(Lorg/gradle/internal/operations/BuildOperationContext;)Ljava/lang/Object;+2
J 17771 c2 org.gradle.internal.operations.DefaultBuildOperationRunner$CallableBuildOperationWorker.execute(Lorg/gradle/internal/operations/BuildOperation;Lorg/gradle/internal/operations/BuildOperationContext;)V (10 bytes) @ 0x0000021354700064 [0x00000213546fff20+0x0000000000000144]
J 7154 c1 org.gradle.internal.operations.DefaultBuildOperationRunner$2.execute(Lorg/gradle/internal/operations/BuildOperationDescriptor;Lorg/gradle/internal/operations/BuildOperationState;Lorg/gradle/internal/operations/BuildOperationState;Lorg/gradle/internal/operations/DefaultBuildOperationRunner$ReadableBuildOperationContext;Lorg/gradle/internal/operations/DefaultBuildOperationRunner$BuildOperationExecutionListener;)Lorg/gradle/internal/operations/BuildOperation; (110 bytes) @ 0x000002134cc71a34 [0x000002134cc71840+0x00000000000001f4]
J 6988 c1 org.gradle.internal.operations.DefaultBuildOperationRunner$2.execute(Lorg/gradle/internal/operations/BuildOperationDescriptor;Lorg/gradle/internal/operations/BuildOperationState;Lorg/gradle/internal/operations/BuildOperationState;Lorg/gradle/internal/operations/DefaultBuildOperationRunner$ReadableBuildOperationContext;Lorg/gradle/internal/operations/DefaultBuildOperationRunner$BuildOperationExecutionListener;)Ljava/lang/Object; (12 bytes) @ 0x000002134cc2504c [0x000002134cc24fc0+0x000000000000008c]
J 26632 c1 org.gradle.internal.operations.DefaultBuildOperationRunner.execute(Lorg/gradle/internal/operations/BuildOperationDescriptor$Builder;Lorg/gradle/internal/operations/BuildOperationState;Lorg/gradle/internal/operations/DefaultBuildOperationRunner$BuildOperationExecution;)Ljava/lang/Object; (147 bytes) @ 0x000002134d3cf3b4 [0x000002134d3ce860+0x0000000000000b54]
J 16233 c2 org.gradle.internal.operations.DefaultBuildOperationRunner.call(Lorg/gradle/internal/operations/CallableBuildOperation;)Ljava/lang/Object; (24 bytes) @ 0x0000021354540134 [0x000002135453ff80+0x00000000000001b4]
j  org.gradle.api.internal.tasks.compile.CompileJavaBuildOperationReportingCompiler.execute(Lorg/gradle/api/internal/tasks/compile/JavaCompileSpec;)Lorg/gradle/api/tasks/WorkResult;+13
j  org.gradle.api.tasks.compile.JavaCompile.performCompilation(Lorg/gradle/api/internal/tasks/compile/JavaCompileSpec;Lorg/gradle/language/base/internal/compile/Compiler;)V+24
j  org.gradle.api.tasks.compile.JavaCompile.performIncrementalCompilation(Lorg/gradle/work/InputChanges;Lorg/gradle/api/internal/tasks/compile/DefaultJavaCompileSpec;)V+87
j  org.gradle.api.tasks.compile.JavaCompile.compile(Lorg/gradle/work/InputChanges;)V+26
J 8488 c1 java.lang.invoke.DirectMethodHandle$Holder.invokeVirtual(Ljava/lang/Object;Ljava/lang/Object;Ljava/lang/Object;)V java.base@21.0.4 (15 bytes) @ 0x000002134ce3fc14 [0x000002134ce3f860+0x00000000000003b4]
J 8390 c1 java.lang.invoke.LambdaForm$MH+0x00000001000f3000.invoke(Ljava/lang/Object;Ljava/lang/Object;Ljava/lang/Object;)Ljava/lang/Object; java.base@21.0.4 (57 bytes) @ 0x000002134c6761f4 [0x000002134c675aa0+0x0000000000000754]
J 15287 c2 jdk.internal.reflect.DirectMethodHandleAccessor.invoke(Ljava/lang/Object;[Ljava/lang/Object;)Ljava/lang/Object; java.base@21.0.4 (92 bytes) @ 0x00000213544a14f8 [0x00000213544a1280+0x0000000000000278]
J 3202 c1 org.gradle.internal.reflect.JavaMethod.invoke(Ljava/lang/Object;[Ljava/lang/Object;)Ljava/lang/Object; (74 bytes) @ 0x000002134c6fae44 [0x000002134c6fa8c0+0x0000000000000584]
j  org.gradle.api.internal.project.taskfactory.IncrementalTaskAction.doExecute(Lorg/gradle/api/Task;Ljava/lang/String;)V+28
j  org.gradle.api.internal.project.taskfactory.StandardTaskAction.execute(Lorg/gradle/api/Task;)V+32
j  org.gradle.api.internal.project.taskfactory.IncrementalTaskAction.execute(Lorg/gradle/api/Task;)V+2
j  org.gradle.api.internal.project.taskfactory.StandardTaskAction.execute(Ljava/lang/Object;)V+5
j  org.gradle.api.internal.tasks.execution.TaskExecution$3.run(Lorg/gradle/internal/operations/BuildOperationContext;)V+23
J 9802 c1 org.gradle.internal.operations.DefaultBuildOperationRunner$1.execute(Lorg/gradle/internal/operations/BuildOperation;Lorg/gradle/internal/operations/BuildOperationContext;)V (10 bytes) @ 0x000002134cf6ca0c [0x000002134cf6c7c0+0x000000000000024c]
J 36478 c2 org.gradle.internal.operations.DefaultBuildOperationRunner.execute(Lorg/gradle/internal/operations/BuildOperation;Lorg/gradle/internal/operations/BuildOperationWorker;Lorg/gradle/internal/operations/BuildOperationState;)V (23 bytes) @ 0x0000021354b01aa8 [0x0000021354b011c0+0x00000000000008e8]
J 9801 c1 org.gradle.internal.operations.DefaultBuildOperationRunner.run(Lorg/gradle/internal/operations/RunnableBuildOperation;)V (13 bytes) @ 0x000002134cf6bea4 [0x000002134cf6bb00+0x00000000000003a4]
j  org.gradle.api.internal.tasks.execution.TaskExecution.executeAction(Ljava/lang/String;Lorg/gradle/api/internal/TaskInternal;Lorg/gradle/api/internal/tasks/InputChangesAwareTaskAction;Lorg/gradle/internal/execution/history/changes/InputChangesInternal;Z)V+30
j  org.gradle.api.internal.tasks.execution.TaskExecution.executeActions(Lorg/gradle/api/internal/TaskInternal;Lorg/gradle/internal/execution/history/changes/InputChangesInternal;)V+131
j  org.gradle.api.internal.tasks.execution.TaskExecution.executeWithPreviousOutputFiles(Lorg/gradle/internal/execution/history/changes/InputChangesInternal;)Lorg/gradle/internal/execution/UnitOfWork$WorkResult;+46
j  org.gradle.api.internal.tasks.execution.TaskExecution.execute(Lorg/gradle/internal/execution/UnitOfWork$ExecutionRequest;)Lorg/gradle/internal/execution/UnitOfWork$WorkOutput;+61
j  org.gradle.internal.execution.steps.ExecuteStep.executeInternal(Lorg/gradle/internal/execution/UnitOfWork;Lorg/gradle/internal/execution/steps/InputChangesContext;)Lorg/gradle/internal/execution/steps/Result;+16
j  org.gradle.internal.execution.steps.ExecuteStep.access$000(Lorg/gradle/internal/execution/UnitOfWork;Lorg/gradle/internal/execution/steps/InputChangesContext;)Lorg/gradle/internal/execution/steps/Result;+2
j  org.gradle.internal.execution.steps.ExecuteStep$1.call(Lorg/gradle/internal/operations/BuildOperationContext;)Lorg/gradle/internal/execution/steps/Result;+8
j  org.gradle.internal.execution.steps.ExecuteStep$1.call(Lorg/gradle/internal/operations/BuildOperationContext;)Ljava/lang/Object;+2
J 17771 c2 org.gradle.internal.operations.DefaultBuildOperationRunner$CallableBuildOperationWorker.execute(Lorg/gradle/internal/operations/BuildOperation;Lorg/gradle/internal/operations/BuildOperationContext;)V (10 bytes) @ 0x0000021354700064 [0x00000213546fff20+0x0000000000000144]
J 7154 c1 org.gradle.internal.operations.DefaultBuildOperationRunner$2.execute(Lorg/gradle/internal/operations/BuildOperationDescriptor;Lorg/gradle/internal/operations/BuildOperationState;Lorg/gradle/internal/operations/BuildOperationState;Lorg/gradle/internal/operations/DefaultBuildOperationRunner$ReadableBuildOperationContext;Lorg/gradle/internal/operations/DefaultBuildOperationRunner$BuildOperationExecutionListener;)Lorg/gradle/internal/operations/BuildOperation; (110 bytes) @ 0x000002134cc71a34 [0x000002134cc71840+0x00000000000001f4]
J 6988 c1 org.gradle.internal.operations.DefaultBuildOperationRunner$2.execute(Lorg/gradle/internal/operations/BuildOperationDescriptor;Lorg/gradle/internal/operations/BuildOperationState;Lorg/gradle/internal/operations/BuildOperationState;Lorg/gradle/internal/operations/DefaultBuildOperationRunner$ReadableBuildOperationContext;Lorg/gradle/internal/operations/DefaultBuildOperationRunner$BuildOperationExecutionListener;)Ljava/lang/Object; (12 bytes) @ 0x000002134cc2504c [0x000002134cc24fc0+0x000000000000008c]
J 26632 c1 org.gradle.internal.operations.DefaultBuildOperationRunner.execute(Lorg/gradle/internal/operations/BuildOperationDescriptor$Builder;Lorg/gradle/internal/operations/BuildOperationState;Lorg/gradle/internal/operations/DefaultBuildOperationRunner$BuildOperationExecution;)Ljava/lang/Object; (147 bytes) @ 0x000002134d3cf3b4 [0x000002134d3ce860+0x0000000000000b54]
J 16233 c2 org.gradle.internal.operations.DefaultBuildOperationRunner.call(Lorg/gradle/internal/operations/CallableBuildOperation;)Ljava/lang/Object; (24 bytes) @ 0x0000021354540134 [0x000002135453ff80+0x00000000000001b4]
j  org.gradle.internal.execution.steps.ExecuteStep.execute(Lorg/gradle/internal/execution/UnitOfWork;Lorg/gradle/internal/execution/steps/ChangingOutputsContext;)Lorg/gradle/internal/execution/steps/Result;+28
j  org.gradle.internal.execution.steps.ExecuteStep.execute(Lorg/gradle/internal/execution/UnitOfWork;Lorg/gradle/internal/execution/steps/Context;)Lorg/gradle/internal/execution/steps/Result;+6
j  org.gradle.internal.execution.steps.CancelExecutionStep.execute(Lorg/gradle/internal/execution/UnitOfWork;Lorg/gradle/internal/execution/steps/Context;)Lorg/gradle/internal/execution/steps/Result;+35
j  org.gradle.internal.execution.steps.TimeoutStep.executeWithoutTimeout(Lorg/gradle/internal/execution/UnitOfWork;Lorg/gradle/internal/execution/steps/Context;)Lorg/gradle/internal/execution/steps/Result;+6
j  org.gradle.internal.execution.steps.TimeoutStep.execute(Lorg/gradle/internal/execution/UnitOfWork;Lorg/gradle/internal/execution/steps/Context;)Lorg/gradle/internal/execution/steps/Result;+92
j  org.gradle.internal.execution.steps.PreCreateOutputParentsStep.execute(Lorg/gradle/internal/execution/UnitOfWork;Lorg/gradle/internal/execution/steps/ChangingOutputsContext;)Lorg/gradle/internal/execution/steps/Result;+24
j  org.gradle.internal.execution.steps.PreCreateOutputParentsStep.execute(Lorg/gradle/internal/execution/UnitOfWork;Lorg/gradle/internal/execution/steps/Context;)Lorg/gradle/internal/execution/steps/Result;+6
j  org.gradle.internal.execution.steps.RemovePreviousOutputsStep.execute(Lorg/gradle/internal/execution/UnitOfWork;Lorg/gradle/internal/execution/steps/ChangingOutputsContext;)Lorg/gradle/internal/execution/steps/Result;+57
j  org.gradle.internal.execution.steps.RemovePreviousOutputsStep.execute(Lorg/gradle/internal/execution/UnitOfWork;Lorg/gradle/internal/execution/steps/Context;)Lorg/gradle/internal/execution/steps/Result;+6
j  org.gradle.internal.execution.steps.BroadcastChangingOutputsStep.execute(Lorg/gradle/internal/execution/UnitOfWork;Lorg/gradle/internal/execution/steps/InputChangesContext;)Lorg/gradle/internal/execution/steps/Result;+53
j  org.gradle.internal.execution.steps.BroadcastChangingOutputsStep.execute(Lorg/gradle/internal/execution/UnitOfWork;Lorg/gradle/internal/execution/steps/Context;)Lorg/gradle/internal/execution/steps/Result;+6
j  org.gradle.internal.execution.steps.CaptureOutputsAfterExecutionStep.execute(Lorg/gradle/internal/execution/UnitOfWork;Lorg/gradle/internal/execution/steps/WorkspaceContext;)Lorg/gradle/internal/execution/steps/AfterExecutionResult;+6
j  org.gradle.internal.execution.steps.CaptureOutputsAfterExecutionStep.execute(Lorg/gradle/internal/execution/UnitOfWork;Lorg/gradle/internal/execution/steps/Context;)Lorg/gradle/internal/execution/steps/Result;+6
j  org.gradle.internal.execution.steps.ResolveInputChangesStep.execute(Lorg/gradle/internal/execution/UnitOfWork;Lorg/gradle/internal/execution/steps/IncrementalCachingContext;)Lorg/gradle/internal/execution/steps/Result;+22
j  org.gradle.internal.execution.steps.ResolveInputChangesStep.execute(Lorg/gradle/internal/execution/UnitOfWork;Lorg/gradle/internal/execution/steps/Context;)Lorg/gradle/internal/execution/steps/Result;+6
j  org.gradle.internal.execution.steps.BuildCacheStep.executeWithoutCache(Lorg/gradle/internal/execution/UnitOfWork;Lorg/gradle/internal/execution/steps/WorkspaceContext;)Lorg/gradle/internal/execution/steps/AfterExecutionResult;+6
j  org.gradle.internal.execution.steps.BuildCacheStep.lambda$execute$1(Lorg/gradle/internal/execution/UnitOfWork;Lorg/gradle/internal/execution/steps/WorkspaceContext;Lorg/gradle/internal/execution/caching/CachingState$Disabled;)Lorg/gradle/internal/execution/steps/AfterExecutionResult;+3
j  org.gradle.internal.execution.steps.BuildCacheStep$$Lambda+0x0000000100ee9b48.apply(Ljava/lang/Object;)Ljava/lang/Object;+16
j  org.gradle.internal.Either$Right.fold(Ljava/util/function/Function;Ljava/util/function/Function;)Ljava/lang/Object;+5
j  org.gradle.internal.execution.caching.CachingState.fold(Ljava/util/function/Function;Ljava/util/function/Function;)Ljava/lang/Object;+6
j  org.gradle.internal.execution.steps.BuildCacheStep.execute(Lorg/gradle/internal/execution/UnitOfWork;Lorg/gradle/internal/execution/steps/WorkspaceContext;)Lorg/gradle/internal/execution/steps/AfterExecutionResult;+25
j  org.gradle.internal.execution.steps.BuildCacheStep.execute(Lorg/gradle/internal/execution/UnitOfWork;Lorg/gradle/internal/execution/steps/Context;)Lorg/gradle/internal/execution/steps/Result;+6
j  org.gradle.internal.execution.steps.StoreExecutionStateStep.execute(Lorg/gradle/internal/execution/UnitOfWork;Lorg/gradle/internal/execution/steps/PreviousExecutionContext;)Lorg/gradle/internal/execution/steps/AfterExecutionResult;+6
j  org.gradle.internal.execution.steps.StoreExecutionStateStep.execute(Lorg/gradle/internal/execution/UnitOfWork;Lorg/gradle/internal/execution/steps/Context;)Lorg/gradle/internal/execution/steps/Result;+6
j  org.gradle.internal.execution.steps.SkipUpToDateStep.executeBecause(Lorg/gradle/internal/execution/UnitOfWork;Lcom/google/common/collect/ImmutableList;Lorg/gradle/internal/execution/steps/IncrementalChangesContext;)Lorg/gradle/internal/execution/steps/UpToDateResult;+11
j  org.gradle.internal.execution.steps.SkipUpToDateStep.lambda$execute$2(Lorg/gradle/internal/execution/UnitOfWork;Lcom/google/common/collect/ImmutableList;Lorg/gradle/internal/execution/steps/IncrementalChangesContext;)Lorg/gradle/internal/execution/steps/UpToDateResult;+4
j  org.gradle.internal.execution.steps.SkipUpToDateStep$$Lambda+0x0000000100ee6238.get()Ljava/lang/Object;+16
J 7338 c2 java.util.Optional.orElseGet(Ljava/util/function/Supplier;)Ljava/lang/Object; java.base@21.0.4 (21 bytes) @ 0x0000021353f86f78 [0x0000021353f86f20+0x0000000000000058]
j  org.gradle.internal.execution.steps.SkipUpToDateStep.execute(Lorg/gradle/internal/execution/UnitOfWork;Lorg/gradle/internal/execution/steps/IncrementalChangesContext;)Lorg/gradle/internal/execution/steps/UpToDateResult;+65
j  org.gradle.internal.execution.steps.SkipUpToDateStep.execute(Lorg/gradle/internal/execution/UnitOfWork;Lorg/gradle/internal/execution/steps/Context;)Lorg/gradle/internal/execution/steps/Result;+6
j  org.gradle.internal.execution.steps.legacy.MarkSnapshottingInputsFinishedStep.execute(Lorg/gradle/internal/execution/UnitOfWork;Lorg/gradle/internal/execution/steps/CachingContext;)Lorg/gradle/internal/execution/steps/Result;+18
j  org.gradle.internal.execution.steps.legacy.MarkSnapshottingInputsFinishedStep.execute(Lorg/gradle/internal/execution/UnitOfWork;Lorg/gradle/internal/execution/steps/Context;)Lorg/gradle/internal/execution/steps/Result;+6
j  org.gradle.internal.execution.steps.ResolveIncrementalCachingStateStep.executeDelegate(Lorg/gradle/internal/execution/UnitOfWork;Lorg/gradle/internal/execution/steps/IncrementalChangesContext;Lorg/gradle/internal/execution/caching/CachingState;)Lorg/gradle/internal/execution/steps/UpToDateResult;+14
j  org.gradle.internal.execution.steps.ResolveIncrementalCachingStateStep.executeDelegate(Lorg/gradle/internal/execution/UnitOfWork;Lorg/gradle/internal/execution/steps/ValidationFinishedContext;Lorg/gradle/internal/execution/caching/CachingState;)Lorg/gradle/internal/execution/steps/UpToDateResult;+7
j  org.gradle.internal.execution.steps.AbstractResolveCachingStateStep.execute(Lorg/gradle/internal/execution/UnitOfWork;Lorg/gradle/internal/execution/steps/ValidationFinishedContext;)Lorg/gradle/internal/execution/steps/CachingResult;+51
j  org.gradle.internal.execution.steps.AbstractResolveCachingStateStep.execute(Lorg/gradle/internal/execution/UnitOfWork;Lorg/gradle/internal/execution/steps/Context;)Lorg/gradle/internal/execution/steps/Result;+6
j  org.gradle.internal.execution.steps.ResolveChangesStep.execute(Lorg/gradle/internal/execution/UnitOfWork;Lorg/gradle/internal/execution/steps/ValidationFinishedContext;)Lorg/gradle/internal/execution/steps/Result;+43
j  org.gradle.internal.execution.steps.ResolveChangesStep.execute(Lorg/gradle/internal/execution/UnitOfWork;Lorg/gradle/internal/execution/steps/Context;)Lorg/gradle/internal/execution/steps/Result;+6
j  org.gradle.internal.execution.steps.ValidateStep.execute(Lorg/gradle/internal/execution/UnitOfWork;Lorg/gradle/internal/execution/steps/BeforeExecutionContext;)Lorg/gradle/internal/execution/steps/Result;+255
j  org.gradle.internal.execution.steps.ValidateStep.execute(Lorg/gradle/internal/execution/UnitOfWork;Lorg/gradle/internal/execution/steps/Context;)Lorg/gradle/internal/execution/steps/Result;+6
j  org.gradle.internal.execution.steps.AbstractCaptureStateBeforeExecutionStep.execute(Lorg/gradle/internal/execution/UnitOfWork;Lorg/gradle/internal/execution/steps/PreviousExecutionContext;)Lorg/gradle/internal/execution/steps/CachingResult;+32
j  org.gradle.internal.execution.steps.AbstractCaptureStateBeforeExecutionStep.execute(Lorg/gradle/internal/execution/UnitOfWork;Lorg/gradle/internal/execution/steps/Context;)Lorg/gradle/internal/execution/steps/Result;+6
j  org.gradle.internal.execution.steps.AbstractSkipEmptyWorkStep.executeWithNonEmptySources(Lorg/gradle/internal/execution/UnitOfWork;Lorg/gradle/internal/execution/steps/WorkspaceContext;)Lorg/gradle/internal/execution/steps/CachingResult;+12
j  org.gradle.internal.execution.steps.AbstractSkipEmptyWorkStep.execute(Lorg/gradle/internal/execution/UnitOfWork;Lorg/gradle/internal/execution/steps/WorkspaceContext;)Lorg/gradle/internal/execution/steps/CachingResult;+83
j  org.gradle.internal.execution.steps.AbstractSkipEmptyWorkStep.execute(Lorg/gradle/internal/execution/UnitOfWork;Lorg/gradle/internal/execution/steps/Context;)Lorg/gradle/internal/execution/steps/Result;+6
j  org.gradle.internal.execution.steps.legacy.MarkSnapshottingInputsStartedStep.execute(Lorg/gradle/internal/execution/UnitOfWork;Lorg/gradle/internal/execution/steps/Context;)Lorg/gradle/internal/execution/steps/Result;+12
j  org.gradle.internal.execution.steps.LoadPreviousExecutionStateStep.execute(Lorg/gradle/internal/execution/UnitOfWork;Lorg/gradle/internal/execution/steps/WorkspaceContext;)Lorg/gradle/internal/execution/steps/AfterExecutionResult;+42
j  org.gradle.internal.execution.steps.LoadPreviousExecutionStateStep.execute(Lorg/gradle/internal/execution/UnitOfWork;Lorg/gradle/internal/execution/steps/Context;)Lorg/gradle/internal/execution/steps/Result;+6
j  org.gradle.internal.execution.steps.HandleStaleOutputsStep.execute(Lorg/gradle/internal/execution/UnitOfWork;Lorg/gradle/internal/execution/steps/WorkspaceContext;)Lorg/gradle/internal/execution/steps/AfterExecutionResult;+21
j  org.gradle.internal.execution.steps.HandleStaleOutputsStep.execute(Lorg/gradle/internal/execution/UnitOfWork;Lorg/gradle/internal/execution/steps/Context;)Lorg/gradle/internal/execution/steps/Result;+6
j  org.gradle.internal.execution.steps.AssignMutableWorkspaceStep.lambda$execute$0(Lorg/gradle/internal/execution/steps/IdentityContext;Lorg/gradle/internal/execution/UnitOfWork;Ljava/io/File;Lorg/gradle/internal/execution/history/ExecutionHistoryStore;)Lorg/gradle/internal/execution/steps/WorkspaceResult;+30
j  org.gradle.internal.execution.steps.AssignMutableWorkspaceStep$$Lambda+0x0000000100eb9d18.executeInWorkspace(Ljava/io/File;Lorg/gradle/internal/execution/history/ExecutionHistoryStore;)Ljava/lang/Object;+14
j  org.gradle.api.internal.tasks.execution.TaskExecution$4.withWorkspace(Ljava/lang/String;Lorg/gradle/internal/execution/workspace/MutableWorkspaceProvider$WorkspaceAction;)Ljava/lang/Object;+33
j  org.gradle.internal.execution.steps.AssignMutableWorkspaceStep.execute(Lorg/gradle/internal/execution/UnitOfWork;Lorg/gradle/internal/execution/steps/IdentityContext;)Lorg/gradle/internal/execution/steps/WorkspaceResult;+26
j  org.gradle.internal.execution.steps.AssignMutableWorkspaceStep.execute(Lorg/gradle/internal/execution/UnitOfWork;Lorg/gradle/internal/execution/steps/Context;)Lorg/gradle/internal/execution/steps/Result;+6
J 7753 c1 org.gradle.internal.execution.steps.ChoosePipelineStep.execute(Lorg/gradle/internal/execution/UnitOfWork;Lorg/gradle/internal/execution/steps/IdentityContext;)Lorg/gradle/internal/execution/steps/Result; (71 bytes) @ 0x000002134cdbfe24 [0x000002134cdbf820+0x0000000000000604]
J 7875 c1 org.gradle.internal.execution.steps.ChoosePipelineStep.execute(Lorg/gradle/internal/execution/UnitOfWork;Lorg/gradle/internal/execution/steps/Context;)Lorg/gradle/internal/execution/steps/Result; (10 bytes) @ 0x000002134cdf7214 [0x000002134cdf70c0+0x0000000000000154]
j  org.gradle.internal.execution.steps.ExecuteWorkBuildOperationFiringStep.lambda$execute$2(Lorg/gradle/internal/execution/UnitOfWork;Lorg/gradle/internal/execution/steps/IdentityContext;)Lorg/gradle/internal/execution/steps/CachingResult;+6
j  org.gradle.internal.execution.steps.ExecuteWorkBuildOperationFiringStep$$Lambda+0x00000001006b8400.get()Ljava/lang/Object;+12
J 7565 c1 org.gradle.internal.execution.steps.ExecuteWorkBuildOperationFiringStep.execute(Lorg/gradle/internal/execution/UnitOfWork;Lorg/gradle/internal/execution/steps/Context;)Lorg/gradle/internal/execution/steps/Result; (10 bytes) @ 0x000002134cd516c4 [0x000002134cd50740+0x0000000000000f84]
J 7564 c1 org.gradle.internal.execution.steps.IdentityCacheStep.execute(Lorg/gradle/internal/execution/UnitOfWork;Lorg/gradle/internal/execution/steps/IdentityContext;)Lorg/gradle/internal/execution/steps/WorkspaceResult; (15 bytes) @ 0x000002134cd50144 [0x000002134cd50040+0x0000000000000104]
j  org.gradle.internal.execution.steps.IdentityCacheStep.execute(Lorg/gradle/internal/execution/UnitOfWork;Lorg/gradle/internal/execution/steps/Context;)Lorg/gradle/internal/execution/steps/Result;+6
j  org.gradle.internal.execution.steps.IdentifyStep.execute(Lorg/gradle/internal/execution/UnitOfWork;Lorg/gradle/internal/execution/steps/ExecutionRequestContext;)Lorg/gradle/internal/execution/steps/Result;+11
j  org.gradle.internal.execution.steps.IdentifyStep.execute(Lorg/gradle/internal/execution/UnitOfWork;Lorg/gradle/internal/execution/steps/Context;)Lorg/gradle/internal/execution/steps/Result;+6
j  org.gradle.internal.execution.impl.DefaultExecutionEngine$1.execute()Lorg/gradle/internal/execution/ExecutionEngine$Result;+15
j  org.gradle.api.internal.tasks.execution.ExecuteActionsTaskExecuter.executeIfValid(Lorg/gradle/api/internal/TaskInternal;Lorg/gradle/api/internal/tasks/TaskStateInternal;Lorg/gradle/api/internal/tasks/TaskExecutionContext;Lorg/gradle/api/internal/tasks/execution/TaskExecution;)Lorg/gradle/api/internal/tasks/TaskExecuterResult;+54
j  org.gradle.api.internal.tasks.execution.ExecuteActionsTaskExecuter.execute(Lorg/gradle/api/internal/TaskInternal;Lorg/gradle/api/internal/tasks/TaskStateInternal;Lorg/gradle/api/internal/tasks/TaskExecutionContext;)Lorg/gradle/api/internal/tasks/TaskExecuterResult;+65
j  org.gradle.api.internal.tasks.execution.FinalizePropertiesTaskExecuter.execute(Lorg/gradle/api/internal/TaskInternal;Lorg/gradle/api/internal/tasks/TaskStateInternal;Lorg/gradle/api/internal/tasks/TaskExecutionContext;)Lorg/gradle/api/internal/tasks/TaskExecuterResult;+61
j  org.gradle.api.internal.tasks.execution.ResolveTaskExecutionModeExecuter.execute(Lorg/gradle/api/internal/TaskInternal;Lorg/gradle/api/internal/tasks/TaskStateInternal;Lorg/gradle/api/internal/tasks/TaskExecutionContext;)Lorg/gradle/api/internal/tasks/TaskExecuterResult;+56
j  org.gradle.api.internal.tasks.execution.SkipTaskWithNoActionsExecuter.execute(Lorg/gradle/api/internal/TaskInternal;Lorg/gradle/api/internal/tasks/TaskStateInternal;Lorg/gradle/api/internal/tasks/TaskExecutionContext;)Lorg/gradle/api/internal/tasks/TaskExecuterResult;+120
j  org.gradle.api.internal.tasks.execution.SkipOnlyIfTaskExecuter.execute(Lorg/gradle/api/internal/TaskInternal;Lorg/gradle/api/internal/tasks/TaskStateInternal;Lorg/gradle/api/internal/tasks/TaskExecutionContext;)Lorg/gradle/api/internal/tasks/TaskExecuterResult;+199
j  org.gradle.api.internal.tasks.execution.CatchExceptionTaskExecuter.execute(Lorg/gradle/api/internal/TaskInternal;Lorg/gradle/api/internal/tasks/TaskStateInternal;Lorg/gradle/api/internal/tasks/TaskExecutionContext;)Lorg/gradle/api/internal/tasks/TaskExecuterResult;+7
j  org.gradle.api.internal.tasks.execution.EventFiringTaskExecuter$1.executeTask(Lorg/gradle/internal/operations/BuildOperationContext;)Lorg/gradle/api/internal/tasks/TaskExecuterResult;+136
j  org.gradle.api.internal.tasks.execution.EventFiringTaskExecuter$1.call(Lorg/gradle/internal/operations/BuildOperationContext;)Lorg/gradle/api/internal/tasks/TaskExecuterResult;+2
j  org.gradle.api.internal.tasks.execution.EventFiringTaskExecuter$1.call(Lorg/gradle/internal/operations/BuildOperationContext;)Ljava/lang/Object;+2
J 17771 c2 org.gradle.internal.operations.DefaultBuildOperationRunner$CallableBuildOperationWorker.execute(Lorg/gradle/internal/operations/BuildOperation;Lorg/gradle/internal/operations/BuildOperationContext;)V (10 bytes) @ 0x0000021354700064 [0x00000213546fff20+0x0000000000000144]
J 7154 c1 org.gradle.internal.operations.DefaultBuildOperationRunner$2.execute(Lorg/gradle/internal/operations/BuildOperationDescriptor;Lorg/gradle/internal/operations/BuildOperationState;Lorg/gradle/internal/operations/BuildOperationState;Lorg/gradle/internal/operations/DefaultBuildOperationRunner$ReadableBuildOperationContext;Lorg/gradle/internal/operations/DefaultBuildOperationRunner$BuildOperationExecutionListener;)Lorg/gradle/internal/operations/BuildOperation; (110 bytes) @ 0x000002134cc71a34 [0x000002134cc71840+0x00000000000001f4]
J 6988 c1 org.gradle.internal.operations.DefaultBuildOperationRunner$2.execute(Lorg/gradle/internal/operations/BuildOperationDescriptor;Lorg/gradle/internal/operations/BuildOperationState;Lorg/gradle/internal/operations/BuildOperationState;Lorg/gradle/internal/operations/DefaultBuildOperationRunner$ReadableBuildOperationContext;Lorg/gradle/internal/operations/DefaultBuildOperationRunner$BuildOperationExecutionListener;)Ljava/lang/Object; (12 bytes) @ 0x000002134cc2504c [0x000002134cc24fc0+0x000000000000008c]
J 26632 c1 org.gradle.internal.operations.DefaultBuildOperationRunner.execute(Lorg/gradle/internal/operations/BuildOperationDescriptor$Builder;Lorg/gradle/internal/operations/BuildOperationState;Lorg/gradle/internal/operations/DefaultBuildOperationRunner$BuildOperationExecution;)Ljava/lang/Object; (147 bytes) @ 0x000002134d3cf3b4 [0x000002134d3ce860+0x0000000000000b54]
J 16233 c2 org.gradle.internal.operations.DefaultBuildOperationRunner.call(Lorg/gradle/internal/operations/CallableBuildOperation;)Ljava/lang/Object; (24 bytes) @ 0x0000021354540134 [0x000002135453ff80+0x00000000000001b4]
j  org.gradle.api.internal.tasks.execution.EventFiringTaskExecuter.execute(Lorg/gradle/api/internal/TaskInternal;Lorg/gradle/api/internal/tasks/TaskStateInternal;Lorg/gradle/api/internal/tasks/TaskExecutionContext;)Lorg/gradle/api/internal/tasks/TaskExecuterResult;+15
j  org.gradle.execution.plan.LocalTaskNodeExecutor.execute(Lorg/gradle/execution/plan/Node;Lorg/gradle/api/internal/tasks/NodeExecutionContext;)Z+87
j  org.gradle.execution.taskgraph.DefaultTaskExecutionGraph$InvokeNodeExecutorsAction.execute(Lorg/gradle/execution/plan/Node;)V+46
j  org.gradle.execution.taskgraph.DefaultTaskExecutionGraph$InvokeNodeExecutorsAction.execute(Ljava/lang/Object;)V+5
j  org.gradle.execution.taskgraph.DefaultTaskExecutionGraph$BuildOperationAwareExecutionAction.lambda$execute$0(Lorg/gradle/execution/plan/Node;)V+5
j  org.gradle.execution.taskgraph.DefaultTaskExecutionGraph$BuildOperationAwareExecutionAction$$Lambda+0x0000000100e95a80.run()V+8
j  org.gradle.internal.operations.CurrentBuildOperationRef.with(Lorg/gradle/internal/operations/BuildOperationRef;Ljava/lang/Runnable;)V+11
j  org.gradle.execution.taskgraph.DefaultTaskExecutionGraph$BuildOperationAwareExecutionAction.execute(Lorg/gradle/execution/plan/Node;)V+14
j  org.gradle.execution.taskgraph.DefaultTaskExecutionGraph$BuildOperationAwareExecutionAction.execute(Ljava/lang/Object;)V+5
j  org.gradle.execution.plan.DefaultPlanExecutor$ExecutorWorker.execute(Ljava/lang/Object;Lorg/gradle/execution/plan/WorkSource;Lorg/gradle/api/Action;)V+14
j  org.gradle.execution.plan.DefaultPlanExecutor$ExecutorWorker.run()V+75
J 11698 c2 org.gradle.internal.concurrent.ExecutorPolicy$CatchAndRecordFailures.onExecute(Ljava/lang/Runnable;)V (29 bytes) @ 0x0000021353bea794 [0x0000021353bea740+0x0000000000000054]
J 15197 c1 org.gradle.internal.concurrent.AbstractManagedExecutor$1.run()V (57 bytes) @ 0x000002134d91cb34 [0x000002134d91c980+0x00000000000001b4]
j  java.util.concurrent.ThreadPoolExecutor.runWorker(Ljava/util/concurrent/ThreadPoolExecutor$Worker;)V+92 java.base@21.0.4
J 26831 c1 java.util.concurrent.ThreadPoolExecutor$Worker.run()V java.base@21.0.4 (9 bytes) @ 0x000002134d3ed2cc [0x000002134d3ed240+0x000000000000008c]
j  java.lang.Thread.runWith(Ljava/lang/Object;Ljava/lang/Runnable;)V+5 java.base@21.0.4
j  java.lang.Thread.run()V+19 java.base@21.0.4
v  ~StubRoutines::call_stub 0x00000213535f10e7

Compiled method (n/a)  275413  928     n 0       java.lang.ClassLoader::defineClass1 (native)
 total in heap  [0x0000021353bf7490,0x0000021353bf7be8] = 1880
 relocation     [0x0000021353bf75e8,0x0000021353bf7628] = 64
 main code      [0x0000021353bf7640,0x0000021353bf7be7] = 1447
 stub code      [0x0000021353bf7be7,0x0000021353bf7be8] = 1

[Constant Pool (empty)]

[MachCode]
[Entry Point]
  # {method} {0x0000021361025008} 'defineClass1' '(Ljava/lang/ClassLoader;Ljava/lang/String;[BIILjava/security/ProtectionDomain;Ljava/lang/String;)Ljava/lang/Class;' in 'java/lang/ClassLoader'
  # parm0:    rdx:rdx   = 'java/lang/ClassLoader'
  # parm1:    r8:r8     = 'java/lang/String'
  # parm2:    r9:r9     = '[B'
  # parm3:    rdi       = int
  # parm4:    rsi       = int
  # parm5:    rcx:rcx   = 'java/security/ProtectionDomain'
  # parm6:    [sp+0xa0]   = 'java/lang/String'  (sp of caller)
  0x0000021353bf7640: 448b 5208 | 49c1 e203 | 493b c20f | 8407 0000 

  0x0000021353bf7650: ;   {runtime_call ic_miss_stub}
  0x0000021353bf7650: 00e9 2a73 | a4ff 6690 
[Verified Entry Point]
  0x0000021353bf7658: 8984 2400 | 80ff ff55 | 488b ec48 | 81ec 9000 | 0000 6690 | 4181 7f20 | 2b00 0000 

  0x0000021353bf7674: ;   {runtime_call StubRoutines (final stubs)}
  0x0000021353bf7674: 7405 e845 | 3aa3 ff48 | 837d 1000 | 488d 4510 | 480f 4445 | 1048 8944 | 2440 4889 | 4c24 7048 
  0x0000021353bf7694: 83f9 0048 | 8d44 2470 | 480f 4444 | 2470 4889 | 4424 3848 | 8974 2430 | 4889 7c24 | 284c 894c 
  0x0000021353bf76b4: 2458 4983 | f900 488d | 4424 5848 | 0f44 4424 | 5848 8944 | 2420 4c89 | 4424 5049 | 83f8 004c 
  0x0000021353bf76d4: 8d4c 2450 | 4c0f 444c | 2450 4889 | 5424 4848 | 83fa 004c | 8d44 2448 | 4c0f 4444 

  0x0000021353bf76f0: ;   {oop(a 'java/lang/Class'{0x0000000080616e10} = 'java/lang/ClassLoader')}
  0x0000021353bf76f0: 2448 49be | 106e 6180 | 0000 0000 | 4c89 7424 | 784c 8d74 | 2478 498b | d6c5 f877 

  0x0000021353bf770c: ;   {internal_word}
  0x0000021353bf770c: 49ba 0977 | bf53 1302 | 0000 4d89 | 97a0 0300 | 0049 89a7 | 9803 0000 

  0x0000021353bf7724: ;   {external_word}
  0x0000021353bf7724: 49ba 40e7 | 0cfd fb7f | 0000 4180 | 3a00 0f84 | 4e00 0000 | 5241 5041 

  0x0000021353bf773c: ;   {metadata({method} {0x0000021361025008} 'defineClass1' '(Ljava/lang/ClassLoader;Ljava/lang/String;[BIILjava/security/ProtectionDomain;Ljava/lang/String;)Ljava/lang/Class;' in 'java/lang/ClassLoader')}
  0x0000021353bf773c: 5148 ba00 | 5002 6113 | 0200 0049 | 8bcf 4883 | ec20 40f6 | c40f 0f84 | 1900 0000 | 4883 ec08 
  0x0000021353bf775c: ;   {runtime_call}
  0x0000021353bf775c: 48b8 4054 | c7fc fb7f | 0000 ffd0 | 4883 c408 | e90c 0000 

  0x0000021353bf7770: ;   {runtime_call}
  0x0000021353bf7770: 0048 b840 | 54c7 fcfb | 7f00 00ff | d048 83c4 | 2041 5941 | 585a 498d | 8fb8 0300 | 0041 c787 
  0x0000021353bf7790: 4c04 0000 | 0400 0000 

  0x0000021353bf7798: ;   {runtime_call}
  0x0000021353bf7798: 48b8 ac16 | 8e90 fc7f | 0000 ffd0 | c5f8 7741 | c787 4c04 | 0000 0500 | 0000 f083 | 4424 c000 
  0x0000021353bf77b8: 493b af50 | 0400 000f | 870e 0000 | 0041 83bf | 4804 0000 | 000f 842b | 0000 00c5 | f877 4889 
  0x0000021353bf77d8: 45f8 498b | cf4c 8be4 | 4883 ec20 | 4883 e4f0 

  0x0000021353bf77e8: ;   {runtime_call}
  0x0000021353bf77e8: 48b8 60c7 | 92fc fb7f | 0000 ffd0 | 498b e44d | 33e4 488b | 45f8 41c7 | 874c 0400 | 0008 0000 
  0x0000021353bf7808: 0041 83bf | c804 0000 | 020f 84a3 

  0x0000021353bf7814: ;   {external_word}
  0x0000021353bf7814: 0300 0049 | ba40 e70c | fdfb 7f00 | 0041 803a | 000f 844c | 0000 0048 

  0x0000021353bf782c: ;   {metadata({method} {0x0000021361025008} 'defineClass1' '(Ljava/lang/ClassLoader;Ljava/lang/String;[BIILjava/security/ProtectionDomain;Ljava/lang/String;)Ljava/lang/Class;' in 'java/lang/ClassLoader')}
  0x0000021353bf782c: 8945 f848 | ba00 5002 | 6113 0200 | 0049 8bcf | 4883 ec20 | 40f6 c40f | 0f84 1900 | 0000 4883 
  0x0000021353bf784c: ;   {runtime_call}
  0x0000021353bf784c: ec08 48b8 | 4054 c7fc | fb7f 0000 | ffd0 4883 | c408 e90c 

  0x0000021353bf7860: ;   {runtime_call}
  0x0000021353bf7860: 0000 0048 | b840 54c7 | fcfb 7f00 | 00ff d048 | 83c4 2048 | 8b45 f849 | c787 9803 | 0000 0000 
  0x0000021353bf7880: 0000 49c7 | 87a0 0300 | 0000 0000 | 00c5 f877 | 4885 c00f | 84fe 0200 | 00a8 030f | 8508 0000 
  0x0000021353bf78a0: 0048 8b00 | e9ee 0200 | 00a8 010f | 8509 0000 | 0048 8b40 | fee9 dd02 | 0000 488b | 40ff 4180 
  0x0000021353bf78c0: 7f40 000f | 84ce 0200 | 0048 83f8 | 000f 84c4 | 0200 0049 | 8b4f 2848 | 83f9 000f | 8414 0000 
  0x0000021353bf78e0: 0048 83e9 | 0849 894f | 2849 034f | 3848 8901 | e9a2 0200 | 0048 81ec | 5001 0000 | 4889 0424 
  0x0000021353bf7900: 4889 4c24 | 0848 8954 | 2410 4889 | 7424 1848 | 897c 2420 | 4c89 4424 | 284c 894c | 2430 4c89 
  0x0000021353bf7920: 5424 384c | 895c 2440 | c5fb 1144 | 2450 c5fb | 114c 2458 | c5fb 1154 | 2460 c5fb | 115c 2468 
  0x0000021353bf7940: c5fb 1164 | 2470 c5fb | 116c 2478 | c5fb 11b4 | 2480 0000 | 00c5 fb11 | bc24 8800 | 0000 c57b 
  0x0000021353bf7960: ;   {no_reloc}
  0x0000021353bf7960: 1184 2490 | 0000 00c5 | 7b11 8c24 | 9800 0000 | c57b 1194 | 24a0 0000 | 00c5 7b11 | 9c24 a800 
  0x0000021353bf7980: 0000 c57b | 11a4 24b0 | 0000 00c5 | 7b11 ac24 | b800 0000 | c57b 11b4 | 24c0 0000 | 00c5 7b11 
  0x0000021353bf79a0: bc24 c800 | 0000 62e1 | ff08 1144 | 241a 62e1 | ff08 114c | 241b 62e1 | ff08 1154 | 241c 62e1 
  0x0000021353bf79c0: ff08 115c | 241d 62e1 | ff08 1164 | 241e 62e1 | ff08 116c | 241f 62e1 | ff08 1174 | 2420 62e1 
  0x0000021353bf79e0: ff08 117c | 2421 6261 | ff08 1144 | 2422 6261 | ff08 114c | 2423 6261 | ff08 1154 | 2424 6261 
  0x0000021353bf7a00: ff08 115c | 2425 6261 | ff08 1164 | 2426 6261 | ff08 116c | 2427 6261 | ff08 1174 | 2428 6261 
  0x0000021353bf7a20: ff08 117c | 2429 498b | d748 8bc8 | 4883 ec20 | 40f6 c40f | 0f84 1900 | 0000 4883 

  0x0000021353bf7a3c: ;   {runtime_call}
  0x0000021353bf7a3c: ec08 48b8 | 60dd 85fc | fb7f 0000 | ffd0 4883 | c408 e90c 

  0x0000021353bf7a50: ;   {runtime_call}
  0x0000021353bf7a50: 0000 0048 | b860 dd85 | fcfb 7f00 | 00ff d048 | 83c4 2062 | 61ff 0810 | 7c24 2962 | 61ff 0810 
  0x0000021353bf7a70: 7424 2862 | 61ff 0810 | 6c24 2762 | 61ff 0810 | 6424 2662 | 61ff 0810 | 5c24 2562 | 61ff 0810 
  0x0000021353bf7a90: 5424 2462 | 61ff 0810 | 4c24 2362 | 61ff 0810 | 4424 2262 | e1ff 0810 | 7c24 2162 | e1ff 0810 
  0x0000021353bf7ab0: 7424 2062 | e1ff 0810 | 6c24 1f62 | e1ff 0810 | 6424 1e62 | e1ff 0810 | 5c24 1d62 | e1ff 0810 
  0x0000021353bf7ad0: 5424 1c62 | e1ff 0810 | 4c24 1b62 | e1ff 0810 | 4424 1ac5 | 7b10 bc24 | c800 0000 | c57b 10b4 
  0x0000021353bf7af0: 24c0 0000 | 00c5 7b10 | ac24 b800 | 0000 c57b | 10a4 24b0 | 0000 00c5 | 7b10 9c24 | a800 0000 
  0x0000021353bf7b10: c57b 1094 | 24a0 0000 | 00c5 7b10 | 8c24 9800 | 0000 c57b | 1084 2490 | 0000 00c5 | fb10 bc24 
  0x0000021353bf7b30: 8800 0000 | c5fb 10b4 | 2480 0000 | 00c5 fb10 | 6c24 78c5 | fb10 6424 | 70c5 fb10 | 5c24 68c5 
  0x0000021353bf7b50: ;   {no_reloc}
  0x0000021353bf7b50: fb10 5424 | 60c5 fb10 | 4c24 58c5 | fb10 4424 | 504c 8b5c | 2440 4c8b | 5424 384c | 8b4c 2430 
  0x0000021353bf7b70: 4c8b 4424 | 2848 8b7c | 2420 488b | 7424 1848 | 8b54 2410 | 488b 4c24 | 0848 8b04 | 2448 81c4 
  0x0000021353bf7b90: 5001 0000 | c5f8 7749 | 8b8f 2804 | 0000 c781 | 0001 0000 | 0000 0000 | c949 837f | 0800 0f85 
  0x0000021353bf7bb0: 0100 0000 

  0x0000021353bf7bb4: ;   {runtime_call StubRoutines (initial stubs)}
  0x0000021353bf7bb4: c3e9 4693 | 9fff c5f8 | 7748 8945 | f84c 8be4 | 4883 ec20 | 4883 e4f0 

  0x0000021353bf7bcc: ;   {runtime_call}
  0x0000021353bf7bcc: 48b8 e08b | c7fc fb7f | 0000 ffd0 | 498b e44d | 33e4 488b | 45f8 e930 | fcff fff4 
[/MachCode]


Compiled method (c2)  275430 25706   !   4       java.net.URLClassLoader$1::run (81 bytes)
 total in heap  [0x0000021354637890,0x0000021354645ed8] = 58952
 relocation     [0x00000213546379e8,0x0000021354638228] = 2112
 main code      [0x0000021354638240,0x0000021354640f20] = 36064
 stub code      [0x0000021354640f20,0x00000213546411c8] = 680
 oops           [0x00000213546411c8,0x0000021354641230] = 104
 metadata       [0x0000021354641230,0x0000021354641828] = 1528
 scopes data    [0x0000021354641828,0x00000213546442d8] = 10928
 scopes pcs     [0x00000213546442d8,0x0000021354645298] = 4032
 dependencies   [0x0000021354645298,0x0000021354645430] = 408
 handler table  [0x0000021354645430,0x0000021354645d18] = 2280
 nul chk table  [0x0000021354645d18,0x0000021354645ed8] = 448

[Constant Pool (empty)]

[MachCode]
[Entry Point]
  # {method} {0x0000021361797e80} 'run' '()Ljava/lang/Class;' in 'java/net/URLClassLoader$1'
  #           [sp+0x100]  (sp of caller)
  0x0000021354638240: 448b 5208 | 49c1 e203 

  0x0000021354638248: ;   {runtime_call ic_miss_stub}
  0x0000021354638248: 493b c20f | 852f 6700 | ff66 6690 | 0f1f 8400 | 0000 0000 | 6666 6690 
[Verified Entry Point]
  0x0000021354638260: 8984 2400 | 80ff ff55 | 4881 ecf0 | 0000 0090 | 4181 7f20 | 2b00 0000 | 0f85 948c | 0000 4889 
  0x0000021354638280: 5424 5044 | 8b52 0c45 | 8b5a 1449 | 8bca 4d8b | 8780 0300 | 004d 8b00 | 4c89 4424 | 3041 b92f 
  0x00000213546382a0: 0000 0041 | 807a 1000 | 0f85 0c3e | 0000 458b | 4b0c 4585 | c90f 863a | 0400 0041 | 8d59 ff41 
  0x00000213546382c0: 3bd9 0f83 | 8451 0000 | 418d 51fd | 498b fb41 | 807b 102e | 0f84 f71c | 0000 83fa | 010f 8e95 
  0x00000213546382e0: 5100 00bd | 0100 0000 | 33f6 458b | f344 8beb | 418b d92b | dd83 c3fd | 4533 db3b | d541 0f4c 
  0x0000021354638300: db81 fba0 | 0f00 0041 | bba0 0f00 | 0041 0f47 | db03 dd41 | 8bc2 4889 | 7424 20eb | 0666 6690 
  0x0000021354638320: 418b e84c | 63c5 458b | de47 0fbe | 5406 1041 | 83fa 2e0f | 8482 0000 | 0047 0fbe | 5406 1141 
  0x0000021354638340: 83fa 2e74 | 6f47 0fbe 

  0x0000021354638348: ;   {no_reloc}
  0x0000021354638348: 5406 1241 | 83fa 2e74 | 6747 0fbe | 5406 1341 | 83fa 2e74 | 5444 8d45 | 0444 3bc3 | 7cba 498b 
  0x0000021354638368: 9f58 0400 

  0x000002135463836c: ; ImmutableOopMap {r11=NarrowOop rcx=Oop rdi=Oop rax=NarrowOop r14=NarrowOop [48]=Oop [80]=Oop }
                      ;*if_icmpne {reexecute=1 rethrow=0 return_oop=0}
                      ; - (reexecute) java.lang.StringLatin1::replace@28
                      ; - java.lang.String::replace@18
                      ; - java.net.URLClassLoader$1::run@8
  0x000002135463836c: 0083 c503 

  0x0000021354638370: ;   {poll}
  0x0000021354638370: 8503 443b | c20f 8d5b | 3600 0041 | 8be8 448b | d048 8b74 | 2420 e965 | ffff ff41 | 8bf2 4963 
  0x0000021354638390: d044 8b5c | 2458 450f | be54 1310 | 4488 5413 | 1041 ffc0 | 443b c57c | e544 8bd6 | e95a 0100 
  0x00000213546383b0: 0083 c502 | ffc5 eb03 | 83c5 0244 | 8bd0 418b | dd41 3be9 | 0f8d 3303 | 0000 4181 | f900 0010 
  0x00000213546383d0: 000f 87b8 | 4200 0089 | 5424 6089 | 5c24 5c44 | 895c 2458 | 498b 9fb8 | 0100 004d | 63d9 4983 
  0x00000213546383f0: c317 4983 | e3f8 4c8b | c34d 03c3 | 4d3b 87c8 | 0100 000f | 8393 4200 | 004d 8987 | b801 0000 
  0x0000021354638410: 410f 0d88 | c000 0000 | 48c7 0301 | 0000 0041 | 0f0d 8800 

  0x0000021354638424: ;   {metadata({type array byte})}
  0x0000021354638424: 0100 00c7 | 4308 4581 | 0020 4489 | 4b0c 410f | 0d88 4001 | 0000 410f | 0d88 8001 | 0000 85ed 
  0x0000021354638444: 7f0a 448b | 5c24 58e9 | bb00 0000 | 448d 5dff | 453b d90f | 8317 5400 | 0045 85c9 | 0f86 0e54 
  0x0000021354638464: 0000 8b54 | 2458 0fbe | 5210 8853 | 1041 83fb | 010f 8e1d | 5400 00c4 | e1f9 6ec3 | 4c8b f741 
  0x0000021354638484: 8bf9 458b | cabe d007 | 0000 41b8 | 0100 0000 | 8bd5 412b | d0ff ca33 | db45 3bd8 | 0f4c d381 
  0x00000213546384a4: fad0 0700 | 000f 47d6 | 4103 d090 | 4d63 e844 | 8b54 2458 | 430f be5c | 2a10 c4e1 | f97e c042 
  0x00000213546384c4: 885c 2810 | 430f be44 | 2a11 c4e1 | f97e c342 | 8844 2b11 | 4183 c002 | 443b c27c | cf49 8b9f 
  0x00000213546384e4: ; ImmutableOopMap {r9=NarrowOop rcx=Oop r14=Oop xmm0=Oop [48]=Oop [80]=Oop [88]=NarrowOop }
                      ;*goto {reexecute=1 rethrow=0 return_oop=0}
                      ; - (reexecute) java.lang.StringLatin1::replace@76
                      ; - java.lang.String::replace@18
                      ; - java.net.URLClassLoader$1::run@8
  0x00000213546384e4: 5804 0000 

  0x00000213546384e8: ;   {poll}
  0x00000213546384e8: 8503 453b | c37c a545 | 8bd1 448b | cf49 8bfe | c4e1 f97e | c344 3bc5 | 0f8c 85fe | ffff 448b 
  0x0000021354638508: 5c24 5841 | 3be9 0f8d | 8b01 0000 | 413b e90f | 832b 5300 | 008b 5424 | 5c41 3bd1 | 0f83 1e53 
  0x0000021354638528: 0000 448d | 4501 418b | f34c 63d5 | 460f be5c | 1610 4183 | fb2e 0f84 | 5a17 0000 | 4688 5c13 
  0x0000021354638548: 1044 8d55 | 0145 3bd0 | 7d05 418b | eaeb da44 | 3b54 2460 | 0f8d 1401 | 0000 ffc5 | e98d 0000 
  0x0000021354638568: 0041 b82f | 0000 0090 | 4488 4413 | 1145 0fbe | 5c13 1241 | 83fb 2e74 | 5944 885c | 1312 448b 
  0x0000021354638588: de45 0fbe | 4413 1341 | 83f8 2e74 | 3d44 8844 | 1313 83c5 | 0441 3bea | 7d40 4863 | d544 8bde 
  0x00000213546385a8: 450f be5c | 1310 4183 | fb2e 7416 | 4488 5c13 | 1044 8bde | 450f be44 | 1311 4183 | f82e 75a8 
  0x00000213546385c8: eb9f 41bb | 2f00 0000 | ebe2 41b8 | 2f00 0000 | ebbb 41bb | 2f00 0000 | eb9f 4d8b 

  0x00000213546385e4: ;   {no_reloc}
  0x00000213546385e4: 9758 0400 

  0x00000213546385e8: ; ImmutableOopMap {rcx=Oop rbx=Oop rdi=Oop rsi=NarrowOop [48]=Oop [80]=Oop }
                      ;*goto {reexecute=1 rethrow=0 return_oop=0}
                      ; - (reexecute) java.lang.StringLatin1::replace@113
                      ; - java.lang.String::replace@18
                      ; - java.net.URLClassLoader$1::run@8
                      ;   {poll}
  0x00000213546385e8: 0041 8502 | 3b6c 2460 | 0f8d 8300 | 0000 458b | d144 2bd5 | 4183 c2fd | 448b 5c24 | 6045 33c0 
  0x0000021354638608: 443b dd45 | 0f4c d041 | 81fa a00f | 0000 41bb | a00f 0000 | 450f 47d3 | 4403 d5e9 | 7aff ffff 
  0x0000021354638628: 49ba ffff | ffff ffff | ffff c442 | b8f5 d2c4 | c1fb 92fa | 62f1 7faf | 6f06 62f1 | 7f2f 7f02 
  0x0000021354638648: e9c2 0200 | 0043 c644 | 1d10 2e43 | c644 1d11 | 6343 c644 | 1d12 6c43 | c644 1d13 | 6143 c644 
  0x0000021354638668: 1d14 7343 | c644 1d15 | 73e9 1402 | 0000 418b | ea41 3be9 | 7d21 6690 | 4c63 d546 | 0fbe 5c16 
  0x0000021354638688: 1041 83fb | 2e0f 84cb | 1800 0046 | 885c 1310 | ffc5 413b | e97c e14d | 8b8f b801 | 0000 4d8b 
  0x00000213546386a8: d149 83c2 | 184d 3b97 | c801 0000 | 0f83 6240 | 0000 4d89 | 97b8 0100 | 0041 0f0d | 8ac0 0000 
  0x00000213546386c8: 0049 c701 | 0100 0000 | 4d8b d149 

  0x00000213546386d4: ;   {metadata('java/lang/String')}
  0x00000213546386d4: 83c2 1041 | c741 08d6 | 8300 2045 | 8961 0cc5 | fdef c0c4 | c179 d602 | 4c8b db45 | 8959 14eb 
  0x00000213546386f4: 0b45 33d2 | 4c89 5424 | 2045 33c9 | 4d85 c90f | 84a0 1500 | 0045 8b51 | 1445 8b5a | 0c45 85db 
  0x0000021354638714: 7767 498b | 87b8 0100 | 004c 8bd0 | 4983 c218 | 4d3b 97c8 | 0100 000f | 8320 4400 | 004d 8997 
  0x0000021354638734: b801 0000 | 410f 0d8a | c000 0000 | 48c7 0001 

  0x0000021354638744: ;   {metadata('java/lang/String')}
  0x0000021354638744: 0000 00c7 | 4008 d683 | 0020 4489 | 600c 4489 

  0x0000021354638754: ;   {oop([B{0x00000000806fad50})}
  0x0000021354638754: 6010 c740 | 1450 ad6f 

  0x000002135463875c: ;   {oop(".class"{0x00000000806fad38})}
  0x000002135463875c: 8049 ba38 | ad6f 8000 | 0000 0045 | 0fb6 5a11 | 4488 5811 | 458b 520c | 4489 500c | e9ed 0100 
  0x000002135463877c: 0041 0fbe | 4910 c442 | 72f7 d349 | 63da 83f9 | 010f 84a9 | 4300 0045 | 85d2 0f8c | 0057 0000 
  0x000002135463879c: 4c8d 4306 | 418b e885 | ed0f 8c15 | 5700 004d | 8bd8 49c1 | fb20 458b | db41 0fbe | cbc4 e271 
  0x00000213546387bc: f7cd 85c9 | 0f8c 5757 | 0000 81f9 | 0000 1000 | 0f87 1550 | 0000 4c63 | d981 f900 | 0010 000f 
  0x00000213546387dc: 8703 3e00 | 004d 8baf | b801 0000 | 4983 c317 | 4983 e3f8 | 498b fd49 | 03fb 493b | bfc8 0100 
  0x00000213546387fc: 000f 83e1 | 3d00 0049 | 89bf b801 | 0000 0f0d | 8fc0 0000 | 0049 c745 | 0001 0000 | 000f 0d8f 
  0x000002135463881c: 0001 0000 

  0x0000021354638820: ;   {metadata({type array byte})}
  0x0000021354638820: 41c7 4508 | 4581 0020 | 4189 4d0c | 0f0d 8f40 | 0100 000f | 0d8f 8001 | 0000 49bb | 0000 0000 
  0x0000021354638840: 0100 0000 | 493b db0f | 8d38 3500 | 0045 8d5a | 0641 3bcb | 0f82 954f | 0000 4d63 | da45 85d2 
  0x0000021354638860: 0f8e e7fd | ffff 43c6 | 441d 1573 | 43c6 441d | 1473 43c6 | 441d 1361 | 43c6 441d | 126c 43c6 
  0x0000021354638880: 441d 1163 | 43c6 441d | 102e 458b | 4114 458b | 500c 410f | be51 10c4 | 426a f7da | 4d63 db49 
  0x00000213546388a0: 2bdb 448b | db48 bf00 | 0000 0001 | 0000 0048 | 3bdf 0f8d | 3b35 0000 | 4d8b c849 | 8d70 1085 
  0x00000213546388c0: d20f 85cc | 1b00 0045 | 85db 0f8c | 484f 0000 | 478d 0c13 | 413b c90f | 823b 4f00 | 0045 85d2 
  0x00000213546388e0: 762d 4b8d | 541d 104d | 63c2 4983 | f820 0f86 | 34fd ffff | 488b cec5 | f877 49ba | 6053 6253 
  0x0000021354638900: 1302 0000 

  0x0000021354638904: ;   {other}
  0x0000021354638904: 41ff d20f | 1f84 0000 | 0000 0049 | 8bed 4885 | db0f 8581 | 3900 0049 | 8b87 b801 | 0000 4c8b 
  0x0000021354638924: d049 83c2 | 184d 3b97 | c801 0000 | 0f83 203d | 0000 4d89 | 97b8 0100 | 0041 0f0d | 8ac0 0000 
  0x0000021354638944: 0048 c700 | 0100 0000 | 4c8b d049 

  0x0000021354638950: ;   {metadata('java/lang/String')}
  0x0000021354638950: 83c2 10c7 | 4008 d683 | 0020 4489 | 600c c5fd | efc0 c4c1 | 79d6 0289 | 6814 4c8b | 5424 5045 
  0x0000021354638970: 8b5a 1045 | 8b53 5445 | 85d2 0f84 | b04a 0000 | 498b d24c | 8bc0 4533 | c966 6690 

  0x000002135463898c: ;   {optimized virtual_call}
  0x000002135463898c: c5f8 77e8 

  0x0000021354638990: ; ImmutableOopMap {[48]=Oop [80]=Oop }
                      ;*invokevirtual getResource {reexecute=0 rethrow=0 return_oop=1}
                      ; - java.net.URLClassLoader$1::run@26
  0x0000021354638990: ac85 a5ff 

  0x0000021354638994: ;   {other}
  0x0000021354638994: 0f1f 8400 | 0411 0003 | 488b f048 | 85c0 0f84 | d812 0000 | 4c8b 5424 | 5045 8b5a | 1044 899c 
  0x00000213546389b4: 2498 0000 | 0045 8b52 | 0c44 8994 | 249c 0000 | 0045 85db | 0f84 d54e | 0000 c5f8 | 7749 ba50 
  0x00000213546389d4: 91c0 fcfb | 7f00 0041 

  0x00000213546389dc: ;   {other}
  0x00000213546389dc: ffd2 0f1f | 8400 0000 | 0000 4889 | 4424 3844 | 8b94 249c | 0000 0041 | 8b5a 148b | 4b0c 450f 
  0x00000213546389fc: be5a 10c4 | 6222 f7c9 | 448b 9424 | 9800 0000 | 4d8b c241 | ffc9 8bbc | 249c 0000 | 0045 85db 
  0x0000021354638a1c: 0f85 9242 | 0000 448d | 51ff 453b | d145 0f4f | d145 85d2 | 0f8c 1a2a | 0000 4c8b | cb41 bbff 
  0x0000021354638a3c: ffff ff44 | 895c 2448 | 0f1f 8400 | 0000 0000 | 6666 6690 | 443b d10f | 83c7 4200 | 0042 807c 
  0x0000021354638a5c: 1310 2e74 | 1a49 8b97 | 5804 0000 | 41ff ca4c 

  0x0000021354638a6c: ; ImmutableOopMap {r11=Oop r8=Oop r9=Oop rbx=NarrowOop rdi=Oop rsi=Oop [48]=Oop [80]=Oop [152]=NarrowOop [156]=NarrowOop }
                      ;*goto {reexecute=1 rethrow=0 return_oop=0}
                      ; - (reexecute) java.lang.StringLatin1::lastIndexOf@35
                      ; - java.lang.String::lastIndexOf@13
                      ; - java.lang.String::lastIndexOf@8
                      ; - java.net.URLClassLoader::defineClass@7
                      ; - java.net.URLClassLoader$1::run@43
                      ;   {poll}
  0x0000021354638a6c: 8bde 8502 | 4585 d27d | db41 baff | ffff ff44 

  0x0000021354638a7c: ;   {metadata('jdk/internal/loader/URLClassPath$JarLoader$2')}
  0x0000021354638a7c: 8b4e 0841 | 81f9 a11c | 0120 0f85 | bc28 0000 | 4c8b de45 | 8b4b 2045 | 8b69 1c41 | 83fa ff0f 
  0x0000021354638a9c: 84fb 0400 | 0044 8b9c | 249c 0000 | 0045 8b4b | 1441 8b49 | 0c48 897c | 2440 4c89 | 4424 2845 
  0x0000021354638abc: 0fbe 4310 | c4e2 3af7 | e945 85d2 | 0f8c 8656 | 0000 443b | d50f 8f9d | 5700 0044 | 3bd5 750d 
  0x0000021354638adc: 4889 bc24 | c800 0000 | e95b 0200 | 0045 85c0 | 0f85 4a38 | 0000 4585 | d20f 84c9 | 1a00 0049 
  0x0000021354638afc: 8b9f b801 | 0000 4c8b | db49 83c3 | 184d 3b9f | c801 0000 | 0f83 1e3f | 0000 4d89 | 9fb8 0100 
  0x0000021354638b1c: 0041 0f0d | 8bc0 0000 | 0048 c703 | 0100 0000 | 4c8b c349 

  0x0000021354638b30: ;   {metadata('java/lang/String')}
  0x0000021354638b30: 83c0 10c7 | 4308 d683 | 0020 4489 | 630c c5fd | efc0 c4c1 | 79d6 004d | 8bd9 4c89 | 9c24 a800 
  0x0000021354638b50: 0000 4d8d | 5910 443b | d10f 85c0 | 0000 0048 | 63e9 81f9 | 0000 1000 | 0f87 f541 | 0000 498b 
  0x0000021354638b70: bfb8 0100 | 004c 8d55 | 1749 83e2 | f84c 8bc7 | 4d03 c24d | 3b87 c801 | 0000 0f83 | d341 0000 
  0x0000021354638b90: 4d89 87b8 | 0100 0041 | 0f0d 88c0 | 0000 0048 | c707 0100 | 0000 410f | 0d88 0001 

  0x0000021354638bac: ;   {metadata({type array byte})}
  0x0000021354638bac: 0000 c747 | 0845 8100 | 2089 4f0c | 410f 0d88 | 4001 0000 | 410f 0d88 | 8001 0000 | 4889 7424 
  0x0000021354638bcc: 5844 896c | 244c 4889 | 5c24 684c | 895c 2470 | 488b d748 | 83c2 104c | 8d45 0749 | c1e8 0348 
  0x0000021354638bec: 8b4c 2470 | c5f8 7749 | ba80 7062 | 5313 0200 | 0041 ffd2 

  0x0000021354638c00: ;   {other}
  0x0000021354638c00: 0f1f 8400 | 0000 0000 | 488b 7424 | 5844 8b6c | 244c 488b | 5c24 684c | 8bf7 e9db | 0000 0041 
  0x0000021354638c20: 81fa 0000 | 1000 0f87 | 3058 0000 | 4963 d241 | 3bca 8be9 | 410f 4fea | 3bcd 0f82 | 9a58 0000 
  0x0000021354638c40: 443b d50f | 8291 5800 | 0048 83c2 | 1748 8bca | 4883 e1f8 | 4181 fa00 | 0010 000f | 8714 3f00 
  0x0000021354638c60: 004d 8bb7 | b801 0000 | 4d8b c64c | 03c1 4d3b | 87c8 0100 | 000f 83fa | 3e00 004d | 8987 b801 
  0x0000021354638c80: 0000 410f | 0d88 c000 | 0000 49c7 | 0601 0000 | 0041 0f0d | 8800 0100 

  0x0000021354638c98: ;   {metadata({type array byte})}
  0x0000021354638c98: 0041 c746 | 0845 8100 | 2045 8956 | 0c41 0f0d | 8840 0100 | 0041 0f0d | 8880 0100 | 004d 8bce 
  0x0000021354638cb8: 4983 c110 | 48c1 ea03 | 85ed 0f84 | 9c57 0000 | 413b ea0f | 8ce2 3200 | 0048 83c1 | f048 c1e9 
  0x0000021354638cd8: 034c 8bc1 | 498b cb49 | 8bd1 c5f8 | 7749 ba80 | 7062 5313 | 0200 0041 

  0x0000021354638cf0: ;   {other}
  0x0000021354638cf0: ffd2 0f1f | 8400 0000 | 0000 4180 | 7f40 000f | 851a 2f00 | 004c 8bd3 | 4d8b de44 | 895b 144d 
  0x0000021354638d10: 8bde 4d33 | da49 c1eb | 144d 85db | 741a 49c1 | ea09 48b9 | 0000 3f5b | 1302 0000 | 4903 ca80 
  0x0000021354638d30: 3902 0f85 | 1a2f 0000 | 4488 6310 | 4889 9c24 | c800 0000 | 448b 5e08 

  0x0000021354638d48: ;   {metadata('jdk/internal/loader/URLClassPath$JarLoader$2')}
  0x0000021354638d48: 4181 fba1 | 1c01 200f | 856d 2c00 | 004c 8bd6 

  0x0000021354638d58: ;   {oop(a 'java/lang/Class'{0x00000000801350b8} = 'jdk/internal/access/SharedSecrets')}
  0x0000021354638d58: 49bb b850 | 1380 0000 | 0000 458b | 9bd4 0000 | 0041 8b4b | 0845 8b42 | 2045 8b40 

  0x0000021354638d74: ;   {metadata('java/util/jar/JavaUtilJarAccessImpl')}
  0x0000021354638d74: 1881 f954 | 0e00 200f | 856f 4e00 | 0045 8b58 | 0849 8bf8 | 488d 9c24 | d000 0000 | 488b 07a8 
  0x0000021354638d94: 020f 8523 | 0000 0048 | 83c8 0148 | 8903 f048 | 0fb1 1f0f | 8437 0000 | 0048 2bc4 | 4825 07f0 
  0x0000021354638db4: ffff 4889 | 03e9 2400 | 0000 4c8b | c848 33c0 | f04d 0fb1 | 793e 48c7 | 0303 0000 | 0074 114c 
  0x0000021354638dd4: 3bf8 7515 | 49ff 8186 | 0000 0048 | 33c0 7509 | 49ff 8750 | 0500 0033 | c00f 853d | 4e00 0045 
  0x0000021354638df4: 3b60 3075 | 0d41 0fb6 | 4812 85c9 | 0f85 da11 | 0000 453b | 6030 0f85 | 7d30 0000 | 488d 8424 
  0x0000021354638e14: d000 0000 | 4883 3800 | 0f84 7900 | 0000 4c8b | 1f41 f6c3 | 020f 8462 | 0000 0049 | 83bb 8600 
  0x0000021354638e34: 0000 0074 | 0949 ff8b | 8600 0000 | eb4b 498b | 8396 0000 | 0049 0b83 | 8e00 0000 | 750a 49c7 
  0x0000021354638e54: 433e 0000 | 0000 eb3d | 4983 bb9e | 0000 0000 | 7422 4833 | c049 c743 | 3e00 0000 | 00f0 8304 
  0x0000021354638e74: ;   {no_reloc}
  0x0000021354638e74: 2400 4983 | bb9e 0000 | 0000 750d | f04d 0fb1 | 7b3e 7505 | 83c8 01eb | 0ca8 00eb | 084c 8b18 
  0x0000021354638e94: f04c 0fb1 | 1f75 0a49 | ff8f 5005 | 0000 4533 | db0f 8576 | 4e00 0045 | 8b5a 2041 | 8b6b 1844 
  0x0000021354638eb4: ;   {metadata('java/util/jar/JarFile')}
  0x0000021354638eb4: 8b45 0841 | 81f8 b80d | 0020 0f85 | af4e 0000 | 4c89 5424 | 6044 896c | 244c 4889 | 7424 5848 
  0x0000021354638ed4: 8bd5 6690 

  0x0000021354638ed8: ;   {optimized virtual_call}
  0x0000021354638ed8: c5f8 77e8 

  0x0000021354638edc: ; ImmutableOopMap {[40]=Oop [48]=Oop [64]=Oop [76]=NarrowOop [80]=Oop [88]=Oop [96]=Oop [152]=NarrowOop [156]=NarrowOop [200]=Oop }
                      ;*invokevirtual getManifest {reexecute=0 rethrow=0 return_oop=1}
                      ; - jdk.internal.loader.URLClassPath$JarLoader$2::getManifest@22
                      ; - java.net.URLClassLoader::defineClass@34
                      ; - java.net.URLClassLoader$1::run@43
  0x0000021354638edc: 209f 7fff 

  0x0000021354638ee0: ;   {other}
  0x0000021354638ee0: 0f1f 8400 | 5016 0005 | 488b 7424 | 5844 8b6c | 244c 4889 | 4424 6044 | 896c 244c | 4889 7424 
  0x0000021354638f00: 5848 8b54 | 2428 4c8b | 8424 c800 | 0000 418b | ed66 6690 

  0x0000021354638f14: ;   {optimized virtual_call}
  0x0000021354638f14: c5f8 77e8 

  0x0000021354638f18: ; ImmutableOopMap {rbp=NarrowOop [40]=Oop [48]=Oop [64]=Oop [76]=NarrowOop [80]=Oop [88]=Oop [96]=Oop [152]=NarrowOop [156]=NarrowOop [200]=Oop }
                      ;*invokevirtual getDefinedPackage {reexecute=0 rethrow=0 return_oop=1}
                      ; - java.net.URLClassLoader::getAndVerifyPackage@2
                      ; - java.net.URLClassLoader::defineClass@46
                      ; - java.net.URLClassLoader$1::run@43
  0x0000021354638f18: a4ed c3ff 

  0x0000021354638f1c: ;   {other}
  0x0000021354638f1c: 0f1f 8400 | 8c16 0006 | 4885 c00f | 843c 1000 | 0044 8b58 | 1045 8b53 | 1c45 85d2 | 0f85 ac53 
  0x0000021354638f3c: 0000 448b | 5014 418b | 6a24 85ed | 0f85 d653 | 0000 4c8b | 5424 604d | 85d2 7430 | 488b 5424 
  0x0000021354638f5c: 284c 8b84 | 24c8 0000 | 004d 8bca | 4889 4424 | 2066 6690 

  0x0000021354638f70: ;   {optimized virtual_call}
  0x0000021354638f70: c5f8 77e8 

  0x0000021354638f74: ; ImmutableOopMap {[32]=Oop [40]=Oop [48]=Oop [64]=Oop [76]=NarrowOop [80]=Oop [88]=Oop [96]=Oop [152]=NarrowOop [156]=NarrowOop [200]=Oop }
                      ;*invokevirtual isSealed {reexecute=0 rethrow=0 return_oop=0}
                      ; - java.net.URLClassLoader::getAndVerifyPackage@68
                      ; - java.net.URLClassLoader::defineClass@46
                      ; - java.net.URLClassLoader$1::run@43
  0x0000021354638f74: a807 87ff 

  0x0000021354638f78: ;   {other}
  0x0000021354638f78: 0f1f 8400 | e816 0007 | 85c0 0f85 | cc53 0000 | 488b 7424 | 5844 8b6c | 244c 4c8b | 4424 2848 
  0x0000021354638f98: 8b7c 2440 | 488d 9c24 | d000 0000 | 488b 06a8 | 020f 8523 | 0000 0048 | 83c8 0148 | 8903 f048 
  0x0000021354638fb8: 0fb1 1e0f | 8437 0000 | 0048 2bc4 | 4825 07f0 | ffff 4889 | 03e9 2400 | 0000 4c8b | d048 33c0 
  0x0000021354638fd8: f04d 0fb1 | 7a3e 48c7 | 0303 0000 | 0074 114c | 3bf8 7515 | 49ff 8286 | 0000 0048 | 33c0 7509 
  0x0000021354638ff8: 49ff 8750 | 0500 0033 | c00f 85dd | 4900 0044 | 8b5e 0844 | 3b66 0c0f | 85b6 0000 

  0x0000021354639014: ;   {metadata('jdk/internal/loader/URLClassPath$JarLoader$2')}
  0x0000021354639014: 0041 81fb | a11c 0120 | 0f85 3e24 | 0000 4c8b | ce45 8b51 | 2045 8b52 | 1841 8b69 | 1c45 85d2 
  0x0000021354639034: 0f84 0e4f | 0000 4489 | 5c24 5844 | 896c 244c | 4889 7c24 | 284c 8944 | 2420 4889 | 7424 4049 
  0x0000021354639054: 8bd2 4c8b | c549 8be9 

  0x000002135463905c: ;   {optimized virtual_call}
  0x000002135463905c: c5f8 77e8 

  0x0000021354639060: ; ImmutableOopMap {rbp=Oop [32]=Oop [40]=Oop [48]=Oop [64]=Oop [76]=NarrowOop [80]=Oop [152]=NarrowOop [156]=NarrowOop }
                      ;*invokevirtual getInputStream {reexecute=0 rethrow=0 return_oop=1}
                      ; - jdk.internal.loader.URLClassPath$JarLoader$2::getInputStream@11
                      ; - jdk.internal.loader.Resource::cachedInputStream@9
                      ; - jdk.internal.loader.Resource::getByteBuffer@1
                      ; - java.net.URLClassLoader::defineClass@132
                      ; - java.net.URLClassLoader$1::run@43
  0x0000021354639060: dc44 82ff 

  0x0000021354639064: ;   {other}
  0x0000021354639064: 0f1f 8400 | d417 0008 | 488b d841 | 807f 4000 | 0f85 142b | 0000 488b | 7424 404c | 8bd6 4c8b 
  0x0000021354639084: c344 8946 | 0c4c 8bdb | 4d33 da49 | c1eb 144d | 85db 741f | 4885 db74 | 1a49 c1ea | 0948 b900 
  0x00000213546390a4: 003f 5b13 | 0200 0049 | 03ca 8039 | 020f 8517 | 2b00 0044 | 8b6c 244c | 448b 5c24 | 584c 8b44 
  0x00000213546390c4: 2420 488b | 7c24 288b | 6e0c 488d | 8424 d000 | 0000 4883 | 3800 0f84 | 7900 0000 | 4c8b 1641 
  0x00000213546390e4: f6c2 020f | 8462 0000 | 0049 83ba | 8600 0000 | 0074 0949 | ff8a 8600 | 0000 eb4b | 498b 8296 
  0x0000021354639104: 0000 0049 | 0b82 8e00 | 0000 750a | 49c7 423e | 0000 0000 | eb3d 4983 | ba9e 0000 | 0000 7422 
  0x0000021354639124: 4833 c049 | c742 3e00 | 0000 00f0 | 8304 2400 | 4983 ba9e | 0000 0000 | 750d f04d | 0fb1 7a3e 
  0x0000021354639144: 7505 83c8 | 01eb 0ca8 | 00eb 084c | 8b10 f04c | 0fb1 1675 | 0a49 ff8f | 5005 0000 

  0x0000021354639160: ;   {no_reloc}
  0x0000021354639160: 4533 d20f | 85fb 4800 | 0044 8b55 | 0844 896c | 244c 4889 | 7c24 584c | 8944 2428 | 4889 7424 
  0x0000021354639180: ;   {metadata('sun/nio/ByteBuffered')}
  0x0000021354639180: 4048 b8e0 | ee08 0001 | 0000 0048 | 33f6 4a8d | 34d6 4c8b | 5620 4c3b | d00f 8421 | 4700 0048 
  0x00000213546391a0: 8b7e 288b | 0f48 83c7 | 0848 85c0 | f248 af0f | 8504 0000 | 0048 8946 | 200f 8401 

  0x00000213546391bc: ;   {metadata('jdk/internal/loader/URLClassPath$JarLoader$2')}
  0x00000213546391bc: 4700 0041 | 81fb a11c | 0120 0f85 | f416 0000 | 488b 5424 | 4048 8bea 

  0x00000213546391d4: ;   {optimized virtual_call}
  0x00000213546391d4: c5f8 77e8 

  0x00000213546391d8: ; ImmutableOopMap {rbp=Oop [40]=Oop [64]=Oop [76]=NarrowOop [80]=Oop [88]=Oop [152]=NarrowOop [156]=NarrowOop }
                      ;*invokevirtual getBytes {reexecute=0 rethrow=0 return_oop=1}
                      ; - java.net.URLClassLoader::defineClass@179
                      ; - java.net.URLClassLoader$1::run@43
  0x00000213546391d8: 44c1 f2ff 

  0x00000213546391dc: ;   {other}
  0x00000213546391dc: 0f1f 8400 | 4c19 0009 | 4889 8424 | a000 0000 | 48bf 0000 | 3f5b 1302 | 0000 4c8b | 7424 4045 
  0x00000213546391fc: ;   {metadata('jdk/internal/loader/URLClassPath$JarLoader$2')}
  0x00000213546391fc: 8b56 0841 | 81fa a11c | 0120 0f85 | c713 0000 | 4d8b d641 | 8b6a 1c44 

  0x0000021354639214: ;   {metadata('java/util/jar/JarFile$JarFileEntry')}
  0x0000021354639214: 8b55 0841 | 81fa c716 | 0120 0f85 | 484c 0000 | 488b f544 | 8b6e 6445 | 0fb6 5d12 | 453b 6530 
  0x0000021354639234: 7509 4585 | db0f 8539 | 0f00 0044 | 8b5e 5c45 | 85db 0f85 | f032 0000 | 448b 5664 

  0x0000021354639250: ; implicit exception: dispatches to 0x000002135463fcd8
  0x0000021354639250: 418b 6a30 | 85ed 0f85 | 4532 0000 | 33db 4d8b | 9fb8 0100 | 004d 8bd3 | 4983 c228 | 4d3b 97c8 
  0x0000021354639270: 0100 000f | 83f2 3500 | 004d 8997 | b801 0000 | 410f 0d8a | c000 0000 | 49c7 0301 | 0000 004d 
  0x0000021354639290: 8bd3 4983 

  0x0000021354639294: ;   {metadata('java/security/CodeSource')}
  0x0000021354639294: c210 41c7 | 4308 12aa | 0020 4589 | 630c c5fd | efc0 41b8 | 0700 0000 | c4c1 7892 | f862 d1fe 
  0x00000213546392b4: 2f7f 0244 | 8b44 244c | 4589 430c | 4585 c00f | 84f1 4e00 | 0049 8b87 | b801 0000 | 4c8b d049 
  0x00000213546392d4: 83c2 1849 | 8bf0 4d3b | 97c8 0100 | 000f 83c2 | 3500 004d | 8997 b801 | 0000 410f | 0d8a c000 
  0x00000213546392f4: 0000 48c7 | 0001 0000 | 004c 8bc8 | 4983 c110 

  0x0000021354639304: ;   {metadata('java/lang/StringBuilder')}
  0x0000021354639304: c740 08ba | a400 2044 | 8960 0cc5 | fdef c0c4 | c179 d601 | 4c8b c849 | 8b87 b801 | 0000 4c8b 
  0x0000021354639324: d049 83c2 | 204d 3b97 | c801 0000 | 0f83 cb35 | 0000 4d89 | 97b8 0100 | 0041 0f0d | 8ac0 0000 
  0x0000021354639344: 0048 c700 | 0100 0000 | 410f 0d8a | 0001 0000 

  0x0000021354639354: ;   {metadata({type array byte})}
  0x0000021354639354: c740 0845 | 8100 2041 | 0f0d 8a40 | 0100 00c7 | 400c 1000 | 0000 410f | 0d8a 8001 | 0000 488b 
  0x0000021354639374: c848 83c1 | 10c5 fdef | c062 f1fe | 087f 0149 | 8bd1 4c8b | d045 8951 | 144c 8bd0 | 4c33 d249 
  0x0000021354639394: c1ea 144d | 85d2 741a | 48c1 ea09 | 48b9 0000 | 3f5b 1302 | 0000 4803 | ca80 3902 | 0f85 8626 
  0x00000213546393b4: 0000 4588 | 6110 418b | 6814 85ed | 0f84 2e4e 

  0x00000213546393c4: ;   {oop("file"{0x00000000801cacd0})}
  0x00000213546393c4: 0000 81fd | d0ac 1c80 | 0f85 a610 

  0x00000213546393d0: ;   {oop("file"{0x00000000801cacd0})}
  0x00000213546393d0: 0000 48bd | d0ac 1c80 | 0000 0000 | 8b45 1444 | 8b50 0c41 | 8b51 148b | 4a0c 8954 | 2444 4889 
  0x00000213546393f0: 7424 684c | 895c 2460 | 4889 5c24 | 4848 897c | 2420 4489 | 4424 404c | 8974 2430 | 440f be5d 
  0x0000021354639410: 1048 896c | 2478 c442 | 22f7 c244 | 8984 2480 | 0000 0045 | 0341 0c4c | 894c 2470 | 458b d844 
  0x0000021354639430: 2bd9 4585 | db0f 8f76 | 0800 004d | 8bd1 450f | be5a 1048 | 8b6c 2478 | 0fbe 4d10 | 458b 420c 
  0x0000021354639450: 443b d90f | 8527 1e00 | 0044 8944 | 2444 4c89 | 5424 7044 | 8b55 144c | 8b4c 2470 | 458b 4914 
  0x0000021354639470: 413b cb0f | 856e 1100 | 0041 8b4a | 0cc4 e221 | f76c 2444 

  0x0000021354639484: ; implicit exception: dispatches to 0x000002135463fbdc
  0x0000021354639484: 458b 410c | 85ed 0f8c | 1c49 0000 | 8d1c 2944 | 3bc3 0f82 | 1049 0000 | 85c9 0f86 | 9100 0000 
  0x00000213546394a4: 448b d94d | 8bc2 498d | 4a10 4d8b | d149 8d54 | 2910 4d63 | c349 83f8 | 2076 56c5 | f877 49ba 
  0x00000213546394c4: 6053 6253 | 1302 0000 

  0x00000213546394cc: ;   {other}
  0x00000213546394cc: 41ff d20f | 1f84 0000 | 0000 00eb | 5c49 baff | ffff ffff | ffff ffc4 | 42b8 f5d2 | c4c1 fb92 
  0x00000213546394ec: fa62 f17f | af6f 0162 | f17f 2f7f | 02e9 cf01 | 0000 43c6 | 4419 103a | 43c6 4419 | 112f 43c6 
  0x000002135463950c: 4419 122f | e9b3 0000 | 0049 baff | ffff ffff | ffff ffc4 | 42b8 f5d2 | c4c1 fb92 | fa62 f17f 
  0x000002135463952c: af6f 0162 | f17f 2f7f | 0248 8b5c | 2470 8b8c | 2480 0000 | 0003 4b0c | 894b 0c44 | 8b4b 1445 
  0x000002135463954c: 85c9 0f84 | 6444 0000 | 440f be53 | 1045 8b41 | 0cc4 422a | f7d0 448b | c145 2bc2 | 4183 c003 
  0x000002135463956c: 4585 c00f | 8f2c 0800 | 0044 8b53 | 0c80 7b10 | 000f 8534 | 1d00 0044 | 8b4b 1445 | 85c9 0f84 
  0x000002135463958c: f943 0000 | 4585 d20f | 8c1e 4500 | 0045 8b41 | 0c45 8d5a | 0345 3bc3 | 0f82 0d45 | 0000 4d63 
  0x00000213546395ac: da45 85d2 | 0f8e 48ff | ffff 43c6 | 4419 122f | 43c6 4419 | 112f 43c6 | 4419 103a | 448b 5424 
  0x00000213546395cc: ;   {no_reloc}
  0x00000213546395cc: 4045 8b5a | 188b 7b0c | 448d 4703 | 4489 430c 

  0x00000213546395dc: ; implicit exception: dispatches to 0x000002135463fdac
  0x00000213546395dc: 458b 4314 

  0x00000213546395e0: ; implicit exception: dispatches to 0x000002135463f900
  0x00000213546395e0: 418b 480c | 85c9 0f87 | f442 0000 | 418b 6a0c | 83fd ff0f | 85f3 4a00 | 0041 8b6a | 3844 8b45 
  0x0000021354639600: ;   {metadata('sun/net/www/protocol/file/Handler')}
  0x0000021354639600: 0841 81f8 | d858 0020 | 0f85 130e | 0000 458b | 521c 458b | 5a14 458b | 430c 458b | 590c 410f 
  0x0000021354639620: be52 100f | be4b 10c4 | 426a f7e8 | c4c2 72f7 | cb46 8d04 | 2f45 8bd8 | 442b d949 | 8bca 4183 
  0x0000021354639640: c303 4585 | db0f 8f50 | 0800 000f | be53 1045 | 0fbe 4a10 | 448b 5b0c | 413b d10f | 8597 1c00 
  0x0000021354639660: 0041 8b7a | 1444 8b43 | 1444 3bca | 0f85 e210 | 0000 448b | 4f0c c4c2 | 69f7 eb45 | 8b58 0c85 
  0x0000021354639680: ed0f 8c7d | 4700 0041 | 8d0c 2944 | 3bd9 0f82 | 7047 0000 | 4585 c976 | 344c 8bd7 | 488d 4f10 
  0x00000213546396a0: 4d8b d049 | 8d54 2810 | 4d63 c149 | 83f8 200f | 8624 feff | ffc5 f877 | 49ba 6053 | 6253 1302 
  0x00000213546396c0: 0000 41ff 

  0x00000213546396c4: ;   {other}
  0x00000213546396c4: d20f 1f84 | 0000 0000 | 0045 8bd5 | 4403 530c | 4489 530c | 498b b7b8 | 0100 004c | 8bde 4983 
  0x00000213546396e4: c318 4d3b | 9fc8 0100 | 000f 8377 | 3200 004d | 899f b801 | 0000 410f | 0d8b c000 | 0000 48c7 
  0x0000021354639704: 0601 0000 | 004c 8bde | 4983 c310 

  0x0000021354639710: ;   {metadata('java/lang/String')}
  0x0000021354639710: c746 08d6 | 8300 2044 | 8966 0cc5 | fdef c0c4 | c179 d603 | 448b 4314 | 807b 1000 | 0f85 331c 
  0x0000021354639730: 0000 458b | 580c 4d8b | c84c 898c | 24b8 0000 | 0049 8d48 | 1045 3bd3 | 0f85 b900 | 0000 4d63 
  0x0000021354639750: d341 81fb | 0000 1000 | 0f87 1c35 | 0000 488b | e944 8944 | 2468 4889 | 7424 4049 | 8b9f b801 
  0x0000021354639770: 0000 4c89 | 5424 7049 | 83c2 1749 | 83e2 f84c | 8bc3 4d03 | c24d 3b87 | c801 0000 | 0f83 fa34 
  0x0000021354639790: 0000 4d89 | 87b8 0100 | 0041 0f0d | 88c0 0000 | 0048 c703 | 0100 0000 | 410f 0d88 | 0001 0000 
  0x00000213546397b0: ;   {metadata({type array byte})}
  0x00000213546397b0: c743 0845 | 8100 2044 | 895b 0c41 | 0f0d 8840 | 0100 0041 | 0f0d 8880 | 0100 0048 | 8bd3 4883 
  0x00000213546397d0: c210 4c8b | 4424 7049 | 83c0 0749 | c1e8 0348 | 8bcd c5f8 | 7749 ba80 | 7062 5313 | 0200 0041 
  0x00000213546397f0: ;   {other}
  0x00000213546397f0: ffd2 0f1f | 8400 0000 | 0000 488b | 7424 404c | 8bdb e9e3 | 0000 0045 | 85d2 0f8c | dc4d 0000 
  0x0000021354639810: 4181 fa00 | 0010 000f | 8707 4800 | 0049 63da | 453b da41 | 8beb 410f | 4fea 443b | dd0f 826f 
  0x0000021354639830: 4800 0044 | 3bd5 0f82 | 6648 0000 | 4883 c317 | 4c8b c349 | 83e0 f841 | 81fa 0000 | 1000 0f87 
  0x0000021354639850: 8932 0000 | 4d8b 9fb8 | 0100 004d | 8bcb 4d03 | c84d 3b8f | c801 0000 | 0f83 6f32 | 0000 4d89 
  0x0000021354639870: 8fb8 0100 | 0041 0f0d | 89c0 0000 | 0049 c703 | 0100 0000 | 410f 0d89 | 0001 0000 

  0x000002135463988c: ;   {metadata({type array byte})}
  0x000002135463988c: 41c7 4308 | 4581 0020 | 4589 530c | 410f 0d89 | 4001 0000 | 410f 0d89 | 8001 0000 | 498b d348 
  0x00000213546398ac: 83c2 1048 | c1eb 0385 | ed0f 8471 | 4700 0041 | 3bea 0f8c | df23 0000 | 498b db49 | 83c0 f049 
  0x00000213546398cc: c1e8 03c5 | f877 49ba | 8070 6253 | 1302 0000 

  0x00000213546398dc: ;   {other}
  0x00000213546398dc: 41ff d20f | 1f84 0000 | 0000 004c | 8bdb 4180 | 7f40 000f | 8515 2200 | 004c 8bd6 | 4d8b c344 
  0x00000213546398fc: 8946 144d | 33da 49c1 | eb14 4d85 | db74 1a49 | c1ea 0948 | b900 003f | 5b13 0200 | 0049 03ca 
  0x000002135463991c: 8039 020f | 8518 2200 | 0041 807f | 4000 0f85 | d420 0000 | 4c8b 6c24 | 604d 8bd5 | 4c8b de4d 
  0x000002135463993c: 33da 4c8b | ce45 894d | 2049 c1eb | 144d 85db | 741a 49c1 | ea09 48b9 | 0000 3f5b | 1302 0000 
  0x000002135463995c: 4903 ca80 | 3902 0f85 | 5121 0000 | 4c8b 4424 | 484d 85c0 | 0f85 da27 | 0000 c5f8 | 7749 ba50 
  0x000002135463997c: 91c0 fcfb | 7f00 0041 

  0x0000021354639984: ;   {other}
  0x0000021354639984: ffd2 0f1f | 8400 0000 | 0000 4c8b | c04c 2b44 

  0x0000021354639994: ;   {oop(a 'jdk/internal/perf/PerfCounter'{0x00000000806fb110})}
  0x0000021354639994: 2438 49bb | 10b1 6f80 | 0000 0000 | 488d 9c24 | d000 0000 | 498b 03a8 | 020f 8523 | 0000 0048 
  0x00000213546399b4: 83c8 0148 | 8903 f049 | 0fb1 1b0f | 8437 0000 | 0048 2bc4 | 4825 07f0 | ffff 4889 | 03e9 2400 
  0x00000213546399d4: 0000 4c8b | d048 33c0 | f04d 0fb1 | 7a3e 48c7 | 0303 0000 | 0074 114c | 3bf8 7515 | 49ff 8286 
  0x00000213546399f4: 0000 0048 | 33c0 7509 | 49ff 8750 | 0500 0033 | c00f 85fd 

  0x0000021354639a08: ;   {oop(a 'jdk/internal/perf/PerfCounter'{0x00000000806fb110})}
  0x0000021354639a08: 4000 0049 | ba10 b16f | 8000 0000 | 0045 8b5a | 1041 8b6b | 2485 ed0f | 8517 4800 | 0041 8b6b 
  0x0000021354639a28: 1c85 ed0f | 8c10 4100 | 0085 ed0f | 84fb 3e00 | 004d 8b53 | 104d 0102 

  0x0000021354639a40: ;   {oop(a 'jdk/internal/perf/PerfCounter'{0x00000000806fb110})}
  0x0000021354639a40: 49bb 10b1 | 6f80 0000 | 0000 488d | 8424 d000 | 0000 4883 | 3800 0f84 | 7900 0000 | 4d8b 1341 
  0x0000021354639a60: f6c2 020f | 8462 0000 | 0049 83ba | 8600 0000 | 0074 0949 | ff8a 8600 | 0000 eb4b | 498b 8296 
  0x0000021354639a80: 0000 0049 | 0b82 8e00 | 0000 750a | 49c7 423e | 0000 0000 | eb3d 4983 | ba9e 0000 | 0000 7422 
  0x0000021354639aa0: 4833 c049 | c742 3e00 | 0000 00f0 | 8304 2400 | 4983 ba9e | 0000 0000 | 750d f04d | 0fb1 7a3e 
  0x0000021354639ac0: 7505 83c8 | 01eb 0ca8 | 00eb 084c | 8b10 f04d | 0fb1 1375 | 0a49 ff8f | 5005 0000 | 4533 d20f 
  0x0000021354639ae0: 8597 4000 | 004c 8b8c | 24a0 0000 | 0045 8b59 | 0c49 8b8f | b801 0000 | 4c8b d149 | 83c2 104d 
  0x0000021354639b00: 3b97 c801 | 0000 0f83 | da2e 0000 | 4d89 97b8 | 0100 0041 | 0f0d 8ac0 | 0000 0048 | c701 0100 
  0x0000021354639b20: ;   {metadata('java/security/SecureClassLoader$CodeSourceKey')}
  0x0000021354639b20: 0000 c741 | 08f4 1e01 | 2044 8961 | 0c4d 8bc5 | 4489 410c | 498b bfb8 | 0100 008b | 9c24 9800 
  0x0000021354639b40: 0000 8b6b | 504c 8bd7 | 4983 c210 | 4d3b 97c8 | 0100 000f | 8343 2e00 | 004d 8997 | b801 0000 
  0x0000021354639b60: 410f 0d8a | c000 0000 | 48c7 0701 

  0x0000021354639b6c: ;   {metadata('java/security/SecureClassLoader$1')}
  0x0000021354639b6c: 0000 00c7 | 4708 381f | 0120 4489 | 670c 895f | 0c44 8b45 

  0x0000021354639b80: ;   {metadata('java/util/concurrent/ConcurrentHashMap')}
  0x0000021354639b80: 0841 81f8 | 11ab 0020 | 0f85 2040 | 0000 4489 | 5c24 3c4c | 894c 2440 | 895c 2438 | 488b d54c 
  0x0000021354639ba0: 8bc1 4c8b | cf66 6690 

  0x0000021354639ba8: ;   {optimized virtual_call}
  0x0000021354639ba8: c5f8 77e8 

  0x0000021354639bac: ; ImmutableOopMap {[40]=Oop [48]=Oop [56]=NarrowOop [64]=Oop [80]=Oop [88]=Oop [156]=NarrowOop }
                      ;*invokeinterface computeIfAbsent {reexecute=0 rethrow=0 return_oop=1}
                      ; - java.security.SecureClassLoader::getProtectionDomain@28
                      ; - java.security.SecureClassLoader::defineClass@9
                      ; - java.net.URLClassLoader::defineClass@220
                      ; - java.net.URLClassLoader$1::run@43
  0x0000021354639bac: 3012 ccf9 

  0x0000021354639bb0: ;   {other}
  0x0000021354639bb0: 0f1f 8400 | 2023 000a 

  0x0000021354639bb8: ; implicit exception: dispatches to 0x000002135463fa24
  0x0000021354639bb8: 448b 5008 

  0x0000021354639bbc: ;   {metadata('java/security/ProtectionDomain')}
  0x0000021354639bbc: 4181 fa57 | 8800 200f | 85b3 5b00 | 004c 8bc8 | 488b 5424 | 284c 8b44 | 2458 6690 

  0x0000021354639bd8: ;   {optimized virtual_call}
  0x0000021354639bd8: c5f8 77e8 

  0x0000021354639bdc: ; ImmutableOopMap {[40]=Oop [48]=Oop [64]=Oop [80]=Oop [88]=Oop }
                      ;*invokevirtual preDefineClass {reexecute=0 rethrow=0 return_oop=1}
                      ; - java.lang.ClassLoader::defineClass@4
                      ; - java.security.SecureClassLoader::defineClass@12
                      ; - java.net.URLClassLoader::defineClass@220
                      ; - java.net.URLClassLoader$1::run@43
  0x0000021354639bdc: c08b 0200 

  0x0000021354639be0: ;   {other}
  0x0000021354639be0: 0f1f 8400 | 5023 000b | 4889 4424 | 4844 8b50 | 1045 85d2 | 0f84 2c2e | 0000 418b | 6a0c 85ed 
  0x0000021354639c00: 0f84 272e | 0000 448b | 5d38 4585 | db0f 8459 | 3d00 0049 | 8bd3 4c8b | c566 6690 

  0x0000021354639c1c: ;   {optimized virtual_call}
  0x0000021354639c1c: c5f8 77e8 

  0x0000021354639c20: ; ImmutableOopMap {[40]=Oop [48]=Oop [64]=Oop [72]=Oop [80]=Oop [88]=Oop }
                      ;*invokevirtual toExternalForm {reexecute=0 rethrow=0 return_oop=1}
                      ; - java.net.URL::toExternalForm@5
                      ; - java.net.URL::toString@1
                      ; - java.lang.ClassLoader::defineClassSourceLocation@22
                      ; - java.lang.ClassLoader::defineClass@12
                      ; - java.security.SecureClassLoader::defineClass@12
                      ; - java.net.URLClassLoader::defineClass@220
                      ; - java.net.URLClassLoader$1::run@43
  0x0000021354639c20: 7cd6 5dff 

  0x0000021354639c24: ;   {other}
  0x0000021354639c24: 0f1f 8400 | 9423 000c | 488b 5424 | 284c 8b44 | 2458 4c8b | 4c24 4033 | ff8b 7424 | 3c48 8b4c 
  0x0000021354639c44: 2448 4889 | 0424 6690 

  0x0000021354639c4c: ;   {static_call}
  0x0000021354639c4c: c5f8 77e8 

  0x0000021354639c50: ; ImmutableOopMap {[40]=Oop [48]=Oop [72]=Oop [80]=Oop }
                      ;*invokestatic defineClass1 {reexecute=0 rethrow=0 return_oop=1}
                      ; - java.lang.ClassLoader::defineClass@27
                      ; - java.security.SecureClassLoader::defineClass@12
                      ; - java.net.URLClassLoader::defineClass@220
                      ; - java.net.URLClassLoader$1::run@43
  0x0000021354639c50: 04da 5bff 

  0x0000021354639c54: ;   {other}
  0x0000021354639c54: 0f1f 8400 | c423 000d | 4889 4424 | 2048 8b54 | 2428 4c8b | c04c 8b4c | 2448 6690 

  0x0000021354639c70: ;   {optimized virtual_call}
  0x0000021354639c70: c5f8 77e8 

  0x0000021354639c74: ; ImmutableOopMap {[32]=Oop [48]=Oop [80]=Oop }
                      ;*invokevirtual postDefineClass {reexecute=0 rethrow=0 return_oop=0}
                      ; - java.lang.ClassLoader::defineClass@37
                      ; - java.security.SecureClassLoader::defineClass@12
                      ; - java.net.URLClassLoader::defineClass@220
                      ; - java.net.URLClassLoader$1::run@43
  0x0000021354639c74: 88cb f8ff 

  0x0000021354639c78: ;   {other}
  0x0000021354639c78: 0f1f 8400 | e823 000e | 488b 4424 | 20c5 f877 | 4881 c4f0 | 0000 005d 

  0x0000021354639c90: ;   {poll_return}
  0x0000021354639c90: 493b a750 | 0400 000f | 875f 7200 | 00c3 41bb | 2f00 0000 | e99b e8ff | ff4c 8bc9 | e958 eaff 
  0x0000021354639cb0: ff49 8bd1 | 4c8b 5424 | 6049 8bea 

  0x0000021354639cbc: ;   {optimized virtual_call}
  0x0000021354639cbc: c5f8 77e8 

  0x0000021354639cc0: ; ImmutableOopMap {rbp=Oop [40]=Oop [48]=Oop [64]=NarrowOop [68]=NarrowOop [72]=Oop [80]=Oop [88]=Oop [96]=Oop [104]=Oop [112]=Oop [120]=Oop [152]=NarrowOop [156]=NarrowOop [160]=Oop }
                      ;*invokevirtual newCapacity {reexecute=0 rethrow=0 return_oop=0}
                      ; - java.lang.AbstractStringBuilder::ensureCapacityInternal@24
                      ; - java.lang.AbstractStringBuilder::append@21
                      ; - java.lang.StringBuilder::append@2
                      ; - sun.net.util.URLUtil::urlNoFragString@45
                      ; - java.security.CodeSource::<init>@30
                      ; - java.net.URLClassLoader::defineClass@198
                      ; - java.net.URLClassLoader$1::run@43
  0x0000021354639cc0: bc51 00ff 

  0x0000021354639cc4: ;   {other}
  0x0000021354639cc4: 0f1f 8400 | 3424 000f | 4c8b 5424 | 7045 0fbe | 5210 c462 | 29f7 c044 | 8b54 2444 | 498b d290 
  0x0000021354639ce4: ;   {static_call}
  0x0000021354639ce4: c5f8 77e8 

  0x0000021354639ce8: ; ImmutableOopMap {[40]=Oop [48]=Oop [64]=NarrowOop [72]=Oop [80]=Oop [88]=Oop [96]=Oop [104]=Oop [112]=Oop [120]=Oop [152]=NarrowOop [156]=NarrowOop [160]=Oop }
                      ;*invokestatic copyOf {reexecute=0 rethrow=0 return_oop=1}
                      ; - java.lang.AbstractStringBuilder::ensureCapacityInternal@32
                      ; - java.lang.AbstractStringBuilder::append@21
                      ; - java.lang.StringBuilder::append@2
                      ; - sun.net.util.URLUtil::urlNoFragString@45
                      ; - java.security.CodeSource::<init>@30
                      ; - java.net.URLClassLoader::defineClass@198
                      ; - java.net.URLClassLoader$1::run@43
  0x0000021354639ce8: 945b 00ff 

  0x0000021354639cec: ;   {other}
  0x0000021354639cec: 0f1f 8400 | 5c24 0010 | 488b d841 | 807f 4000 | 0f85 6a2a | 0000 4c8b | 5424 704c | 8bcb 4d8b 
  0x0000021354639d0c: d945 895a | 144d 8bda | 4d8b c14d | 33c3 49c1 | e814 4d85 | c00f 8417 | f7ff ff4d | 85c9 0f84 
  0x0000021354639d2c: 0ef7 ffff | 49c1 eb09 | 48b9 0000 | 3f5b 1302 | 0000 4903 | cb80 3902 | 0f84 f4f6 | ffff 4d8b 
  0x0000021354639d4c: 5f58 4d8b | 4748 f083 | 4424 c000 | 8039 000f | 84dd f6ff | ff44 8821 | 4d85 c075 | 2649 8bda 
  0x0000021354639d6c: 498b d7c5 | f877 49ba | 40dd 85fc | fb7f 0000 

  0x0000021354639d7c: ;   {other}
  0x0000021354639d7c: 41ff d20f | 1f84 0000 | 0000 004c | 8bd3 e9af | f6ff ff4b | 894c 03f8 | 4983 c0f8 | 4d89 4748 
  0x0000021354639d9c: e99d f6ff | ff44 894c | 2444 4889 | 5c24 7044 | 8d41 0348 | 8bd3 4c8b | 5424 6049 | 8bea 6690 
  0x0000021354639dbc: ;   {optimized virtual_call}
  0x0000021354639dbc: c5f8 77e8 

  0x0000021354639dc0: ; ImmutableOopMap {rbp=Oop [40]=Oop [48]=Oop [64]=NarrowOop [68]=NarrowOop [72]=Oop [80]=Oop [88]=Oop [96]=Oop [104]=Oop [112]=Oop [152]=NarrowOop [156]=NarrowOop [160]=Oop }
                      ;*invokevirtual newCapacity {reexecute=0 rethrow=0 return_oop=0}
                      ; - java.lang.AbstractStringBuilder::ensureCapacityInternal@24
                      ; - java.lang.AbstractStringBuilder::append@21
                      ; - java.lang.StringBuilder::append@2
                      ; - sun.net.util.URLUtil::urlNoFragString@52
                      ; - java.security.CodeSource::<init>@30
                      ; - java.net.URLClassLoader::defineClass@198
                      ; - java.net.URLClassLoader$1::run@43
  0x0000021354639dc0: bc50 00ff 

  0x0000021354639dc4: ;   {other}
  0x0000021354639dc4: 0f1f 8400 | 3425 0011 | 4c8b 5424 | 7045 0fbe | 5a10 c462 | 21f7 c044 | 8b54 2444 | 498b d290 
  0x0000021354639de4: ;   {static_call}
  0x0000021354639de4: c5f8 77e8 

  0x0000021354639de8: ; ImmutableOopMap {[40]=Oop [48]=Oop [64]=NarrowOop [72]=Oop [80]=Oop [88]=Oop [96]=Oop [104]=Oop [112]=Oop [152]=NarrowOop [156]=NarrowOop [160]=Oop }
                      ;*invokestatic copyOf {reexecute=0 rethrow=0 return_oop=1}
                      ; - java.lang.AbstractStringBuilder::ensureCapacityInternal@32
                      ; - java.lang.AbstractStringBuilder::append@21
                      ; - java.lang.StringBuilder::append@2
                      ; - sun.net.util.URLUtil::urlNoFragString@52
                      ; - java.security.CodeSource::<init>@30
                      ; - java.net.URLClassLoader::defineClass@198
                      ; - java.net.URLClassLoader$1::run@43
  0x0000021354639de8: 945a 00ff 

  0x0000021354639dec: ;   {other}
  0x0000021354639dec: 0f1f 8400 | 5c25 0012 | 488b f841 | 807f 4000 | 0f85 a829 | 0000 488b | 5c24 704c | 8bc7 4d8b 
  0x0000021354639e0c: d844 895b | 144c 8bd3 | 4d8b d84d | 33da 49c1 | eb14 4d85 | db0f 844e | f7ff ff4d | 85c0 0f84 
  0x0000021354639e2c: 45f7 ffff | 49c1 ea09 | 48b9 0000 | 3f5b 1302 | 0000 4903 | ca80 3902 | 0f84 2bf7 | ffff 4d8b 
  0x0000021354639e4c: 5758 4d8b | 5f48 f083 | 4424 c000 | 8039 000f | 8414 f7ff | ff44 8821 | 4d85 db75 | 2049 8bd7 
  0x0000021354639e6c: c5f8 7749 | ba40 dd85 | fcfb 7f00 | 0041 ffd2 

  0x0000021354639e7c: ;   {other}
  0x0000021354639e7c: 0f1f 8400 | 0000 0000 | e9ec f6ff | ff4b 894c | 1af8 4983 | c3f8 4d89 | 5f48 e9da | f6ff ff48 
  0x0000021354639e9c: 894c 2478 | 4489 6c24 | 7044 8954 | 246c 4489 | 4c24 6848 | 895c 2440 | 4183 c003 | 488b d34c 
  0x0000021354639ebc: 8b54 2460 | 498b ea90 

  0x0000021354639ec4: ;   {optimized virtual_call}
  0x0000021354639ec4: c5f8 77e8 

  0x0000021354639ec8: ; ImmutableOopMap {rbp=Oop [40]=Oop [48]=Oop [64]=Oop [72]=Oop [80]=Oop [88]=Oop [96]=Oop [104]=NarrowOop [108]=NarrowOop [120]=Oop [152]=NarrowOop [156]=NarrowOop [160]=Oop }
                      ;*invokevirtual newCapacity {reexecute=0 rethrow=0 return_oop=0}
                      ; - java.lang.AbstractStringBuilder::ensureCapacityInternal@24
                      ; - java.lang.AbstractStringBuilder::append@21
                      ; - java.lang.StringBuilder::append@2
                      ; - sun.net.util.URLUtil::urlNoFragString@134
                      ; - java.security.CodeSource::<init>@30
                      ; - java.net.URLClassLoader::defineClass@198
                      ; - java.net.URLClassLoader$1::run@43
  0x0000021354639ec8: 7482 5bff 

  0x0000021354639ecc: ;   {other}
  0x0000021354639ecc: 0f1f 8400 | 3c26 0013 | 4c8b 5424 | 4045 0fbe | 5a10 c462 | 21f7 c044 | 8b54 2468 | 498b d290 
  0x0000021354639eec: ;   {static_call}
  0x0000021354639eec: c5f8 77e8 

  0x0000021354639ef0: ; ImmutableOopMap {[40]=Oop [48]=Oop [64]=Oop [72]=Oop [80]=Oop [88]=Oop [96]=Oop [108]=NarrowOop [120]=Oop [152]=NarrowOop [156]=NarrowOop [160]=Oop }
                      ;*invokestatic copyOf {reexecute=0 rethrow=0 return_oop=1}
                      ; - java.lang.AbstractStringBuilder::ensureCapacityInternal@32
                      ; - java.lang.AbstractStringBuilder::append@21
                      ; - java.lang.StringBuilder::append@2
                      ; - sun.net.util.URLUtil::urlNoFragString@134
                      ; - java.security.CodeSource::<init>@30
                      ; - java.net.URLClassLoader::defineClass@198
                      ; - java.net.URLClassLoader$1::run@43
  0x0000021354639ef0: ac7b 67ff 

  0x0000021354639ef4: ;   {other}
  0x0000021354639ef4: 0f1f 8400 | 6426 0014 | 488b f841 | 807f 4000 | 0f85 d828 | 0000 488b | 5c24 404c | 8bc7 4d8b 
  0x0000021354639f14: d844 895b | 144c 8bd3 | 4d8b d84d | 33da 49c1 | eb14 4d85 | db74 1f4d | 85c0 741a | 49c1 ea09 
  0x0000021354639f34: 48b9 0000 | 3f5b 1302 | 0000 4903 | ca80 3902 | 0f85 d028 | 0000 448b | 5424 6c44 | 8b6c 2470 
  0x0000021354639f54: 488b 4c24 | 78e9 edf6 | ffff 41bb | 2f00 0000 | e92a e7ff | ff44 8bdd 

  0x0000021354639f6c: ;   {metadata('java/lang/IllegalArgumentException')}
  0x0000021354639f6c: 4d8b c348 | bd00 9407 | 0001 0000 | 004c 8b54 | 2460 4d85 | d20f 84ba | 1e00 004c | 8944 2460 
  0x0000021354639f8c: 4c89 5424 | 2048 8b54 | 2428 4c8b | 8424 c800 | 0000 4d8b | ca48 8b7c | 2460 6690 

  0x0000021354639fa8: ;   {optimized virtual_call}
  0x0000021354639fa8: c5f8 77e8 

  0x0000021354639fac: ; ImmutableOopMap {[32]=Oop [40]=Oop [48]=Oop [64]=Oop [76]=NarrowOop [80]=Oop [88]=Oop [96]=Oop [152]=NarrowOop [156]=NarrowOop [200]=Oop }
                      ;*invokevirtual definePackage {reexecute=0 rethrow=0 return_oop=1}
                      ; - java.net.URLClassLoader::defineClass@64
                      ; - java.net.URLClassLoader$1::run@43
  0x0000021354639fac: f0ef d8f7 

  0x0000021354639fb0: ;   {other}
  0x0000021354639fb0: 0f1f 8400 | 2027 0015 | 488b 7424 | 5844 8b6c | 244c 4c8b | 4424 2848 | 8b7c 2440 | e9cb efff 
  0x0000021354639fd0: ff33 ed45 | 33c0 4c89 | 4424 20e9 | e1e3 ffff | 410f b668 | 1085 ed0f | 85ba 4900 | 0045 8b48 
  0x0000021354639ff0: 1841 8b69 | 188b 4d18 | 85c9 0f8c | 6f01 0000 | 443b 6540 | 0f84 6501 | 0000 898c | 2488 0000 
  0x000002135463a010: 0048 89bc | 2480 0000 | 0044 895c | 247c 4489 | 4424 784c | 8954 2470 | 4489 6c24 | 6c44 8b54 
  0x000002135463a030: 2448 4489 | 5424 684c | 8b54 2440 | 4c89 5424 | 604c 8b54 | 2428 4c89 | 5424 4844 | 8b9c 249c 
  0x000002135463a050: 0000 0044 | 895c 2444 | 448b 9424 | 9800 0000 | 4489 5424 | 4048 8974 | 2458 4c8b | 5424 304c 
  0x000002135463a070: 8954 2428 | 8b6d 384c | 8bd5 4c89 | 5424 3049 | 8bd2 448b | c166 6690 

  0x000002135463a088: ;   {static_call}
  0x000002135463a088: c5f8 77e8 

  0x000002135463a08c: ; ImmutableOopMap {rbp=NarrowOop [40]=Oop [48]=Oop [64]=NarrowOop [68]=NarrowOop [72]=Oop [80]=Oop [88]=Oop [96]=Oop [108]=NarrowOop [112]=Oop [120]=NarrowOop [128]=Oop [200]=Oop }
                      ;*invokestatic CENNAM {reexecute=0 rethrow=0 return_oop=0}
                      ; - java.util.zip.ZipFile::getEntryName@13
                      ; - java.util.zip.ZipFile::getManifestName@41
                      ; - java.util.zip.ZipFile$1::getManifestName@2
                      ; - java.util.jar.JarFile::maybeInstantiateVerifier@20
                      ; - java.util.jar.JarFile::ensureInitialization@1
                      ; - java.util.jar.JavaUtilJarAccessImpl::ensureInitialization@1
                      ; - jdk.internal.loader.URLClassPath$JarLoader$2::getManifest@10
                      ; - java.net.URLClassLoader::defineClass@34
                      ; - java.net.URLClassLoader$1::run@43
  0x000002135463a08c: f057 00ff 

  0x000002135463a090: ;   {other}
  0x000002135463a090: 0f1f 8400 | 0028 0016 | 8984 248c | 0000 0044 | 8b5c 2478 | 458b 5318 

  0x000002135463a0a8: ; implicit exception: dispatches to 0x0000021354640294
  0x000002135463a0a8: 458b 4218 | 4585 c00f | 849b 5400 | 0049 8bd0 | 448b 8424 | 8800 0000 

  0x000002135463a0c0: ;   {optimized virtual_call}
  0x000002135463a0c0: c5f8 77e8 

  0x000002135463a0c4: ; ImmutableOopMap {rbp=NarrowOop [40]=Oop [48]=Oop [64]=NarrowOop [68]=NarrowOop [72]=Oop [80]=Oop [88]=Oop [96]=Oop [108]=NarrowOop [112]=Oop [120]=NarrowOop [128]=Oop [200]=Oop }
                      ;*invokevirtual zipCoderForPos {reexecute=0 rethrow=0 return_oop=1}
                      ; - java.util.zip.ZipFile::getEntryName@25
                      ; - java.util.zip.ZipFile::getManifestName@41
                      ; - java.util.zip.ZipFile$1::getManifestName@2
                      ; - java.util.jar.JarFile::maybeInstantiateVerifier@20
                      ; - java.util.jar.JarFile::ensureInitialization@1
                      ; - java.util.jar.JavaUtilJarAccessImpl::ensureInitialization@1
                      ; - jdk.internal.loader.URLClassPath$JarLoader$2::getManifest@10
                      ; - java.net.URLClassLoader::defineClass@34
                      ; - java.net.URLClassLoader$1::run@43
  0x000002135463a0c4: b84d 00ff 

  0x000002135463a0c8: ;   {other}
  0x000002135463a0c8: 0f1f 8400 | 3828 0017 | 448b 8c24 | 8800 0000 | 4183 c12e | 488b d04c | 8b44 2430 | 8bbc 248c 
  0x000002135463a0e8: 0000 0066 | 6690 c5f8 | 7748 b8ff | ffff ffff 

  0x000002135463a0f8: ;   {virtual_call}
  0x000002135463a0f8: ffff ffe8 

  0x000002135463a0fc: ; ImmutableOopMap {[40]=Oop [64]=NarrowOop [68]=NarrowOop [72]=Oop [80]=Oop [88]=Oop [96]=Oop [108]=NarrowOop [112]=Oop [120]=NarrowOop [128]=Oop [200]=Oop }
                      ;*invokevirtual toString {reexecute=0 rethrow=0 return_oop=1}
                      ; - java.util.zip.ZipFile::getEntryName@38
                      ; - java.util.zip.ZipFile::getManifestName@41
                      ; - java.util.zip.ZipFile$1::getManifestName@2
                      ; - java.util.jar.JarFile::maybeInstantiateVerifier@20
                      ; - java.util.jar.JarFile::ensureInitialization@1
                      ; - java.util.jar.JavaUtilJarAccessImpl::ensureInitialization@1
                      ; - jdk.internal.loader.URLClassPath$JarLoader$2::getManifest@10
                      ; - java.net.URLClassLoader::defineClass@34
                      ; - java.net.URLClassLoader$1::run@43
  0x000002135463a0fc: 8052 00ff 

  0x000002135463a100: ;   {other}
  0x000002135463a100: 0f1f 8400 | 7028 0018 | 4885 c00f | 857f 4200 | 004c 8b54 | 2428 4c89 | 5424 3048 | 8b74 2458 
  0x000002135463a120: 448b 5c24 | 4044 899c | 2498 0000 | 0044 8b54 | 2444 4489 | 9424 9c00 | 0000 4c8b | 5424 484c 
  0x000002135463a140: 8954 2428 | 4c8b 5424 | 604c 8954 | 2440 448b | 5c24 6844 | 895c 2448 | 448b 6c24 | 6c4c 8b54 
  0x000002135463a160: 2470 448b | 4424 7848 | 8bbc 2480 | 0000 0045 | 8860 12e9 | 8eec ffff | 4d8b c548 | 8d9c 24d0 
  0x000002135463a180: 0000 0049 | 8b00 a802 | 0f85 2300 | 0000 4883 | c801 4889 | 03f0 490f | b118 0f84 | 3700 0000 
  0x000002135463a1a0: 482b c448 | 2507 f0ff | ff48 8903 | e924 0000 | 004c 8bd0 | 4833 c0f0 | 4d0f b17a | 3e48 c703 
  0x000002135463a1c0: 0300 0000 | 7411 4c3b | f875 1549 | ff82 8600 | 0000 4833 | c075 0949 | ff87 5005 | 0000 33c0 
  0x000002135463a1e0: 0f85 4547 | 0000 410f | b66d 1085 | ed0f 85f9 | 4700 0045 | 8b5d 1841 | 8b6b 1844 

  0x000002135463a1fc: ;   {no_reloc}
  0x000002135463a1fc: 8b55 1845 | 85d2 0f8c | 7501 0000 | 443b 6540 | 0f84 6b01 | 0000 4489 | 5424 684c | 8944 2460 
  0x000002135463a21c: 4489 6c24 | 4848 8974 | 2440 4889 | 7c24 204c | 8974 2430 | 8b6d 384c | 8bd5 4c89 | 5424 7049 
  0x000002135463a23c: 8bd2 448b | 4424 6890 

  0x000002135463a244: ;   {static_call}
  0x000002135463a244: c5f8 77e8 

  0x000002135463a248: ; ImmutableOopMap {rbp=NarrowOop [40]=Oop [48]=Oop [64]=Oop [72]=NarrowOop [76]=NarrowOop [80]=Oop [88]=Oop [96]=Oop [112]=Oop [152]=NarrowOop [156]=NarrowOop [160]=Oop }
                      ;*invokestatic CENNAM {reexecute=0 rethrow=0 return_oop=0}
                      ; - java.util.zip.ZipFile::getEntryName@13
                      ; - java.util.zip.ZipFile::getManifestName@41
                      ; - java.util.zip.ZipFile$1::getManifestName@2
                      ; - java.util.jar.JarFile::maybeInstantiateVerifier@20
                      ; - java.util.jar.JarFile$JarFileEntry::getCodeSigners@4
                      ; - jdk.internal.loader.URLClassPath$JarLoader$2::getCodeSigners@4
                      ; - java.net.URLClassLoader::defineClass@185
                      ; - java.net.URLClassLoader$1::run@43
  0x000002135463a248: 3456 00ff 

  0x000002135463a24c: ;   {other}
  0x000002135463a24c: 0f1f 8400 | bc29 0019 | 8944 246c | 448b 5424 | 4845 8b5a | 1845 8b43 | 1845 85c0 | 0f84 3a53 
  0x000002135463a26c: 0000 498b | d044 8b44 | 2468 6690 

  0x000002135463a278: ;   {optimized virtual_call}
  0x000002135463a278: c5f8 77e8 

  0x000002135463a27c: ; ImmutableOopMap {rbp=NarrowOop [40]=Oop [48]=Oop [64]=Oop [72]=NarrowOop [76]=NarrowOop [80]=Oop [88]=Oop [96]=Oop [112]=Oop [152]=NarrowOop [156]=NarrowOop [160]=Oop }
                      ;*invokevirtual zipCoderForPos {reexecute=0 rethrow=0 return_oop=1}
                      ; - java.util.zip.ZipFile::getEntryName@25
                      ; - java.util.zip.ZipFile::getManifestName@41
                      ; - java.util.zip.ZipFile$1::getManifestName@2
                      ; - java.util.jar.JarFile::maybeInstantiateVerifier@20
                      ; - java.util.jar.JarFile$JarFileEntry::getCodeSigners@4
                      ; - jdk.internal.loader.URLClassPath$JarLoader$2::getCodeSigners@4
                      ; - java.net.URLClassLoader::defineClass@185
                      ; - java.net.URLClassLoader$1::run@43
  0x000002135463a27c: 004c 00ff 

  0x000002135463a280: ;   {other}
  0x000002135463a280: 0f1f 8400 | f029 001a | 448b 4c24 | 6841 83c1 | 2e48 8bd0 | 4c8b 4424 | 708b 7c24 | 6c90 c5f8 
  0x000002135463a2a0: 7748 b8ff | ffff ffff 

  0x000002135463a2a8: ;   {virtual_call}
  0x000002135463a2a8: ffff ffe8 

  0x000002135463a2ac: ; ImmutableOopMap {[40]=Oop [48]=Oop [64]=Oop [72]=NarrowOop [76]=NarrowOop [80]=Oop [88]=Oop [96]=Oop [152]=NarrowOop [156]=NarrowOop [160]=Oop }
                      ;*invokevirtual toString {reexecute=0 rethrow=0 return_oop=1}
                      ; - java.util.zip.ZipFile::getEntryName@38
                      ; - java.util.zip.ZipFile::getManifestName@41
                      ; - java.util.zip.ZipFile$1::getManifestName@2
                      ; - java.util.jar.JarFile::maybeInstantiateVerifier@20
                      ; - java.util.jar.JarFile$JarFileEntry::getCodeSigners@4
                      ; - jdk.internal.loader.URLClassPath$JarLoader$2::getCodeSigners@4
                      ; - java.net.URLClassLoader::defineClass@185
                      ; - java.net.URLClassLoader$1::run@43
  0x000002135463a2ac: d050 00ff 

  0x000002135463a2b0: ;   {other}
  0x000002135463a2b0: 0f1f 8400 | 202a 001b | 488b d84c | 8b4c 2460 | 488d 8424 | d000 0000 | 4883 3800 | 0f84 7900 
  0x000002135463a2d0: 0000 4d8b | 1141 f6c2 | 020f 8462 | 0000 0049 | 83ba 8600 | 0000 0074 | 0949 ff8a | 8600 0000 
  0x000002135463a2f0: eb4b 498b | 8296 0000 | 0049 0b82 | 8e00 0000 | 750a 49c7 | 423e 0000 | 0000 eb3d | 4983 ba9e 
  0x000002135463a310: 0000 0000 | 7422 4833 | c049 c742 | 3e00 0000 | 00f0 8304 | 2400 4983 | ba9e 0000 | 0000 750d 
  0x000002135463a330: f04d 0fb1 | 7a3e 7505 | 83c8 01eb | 0ca8 00eb | 084c 8b10 | f04d 0fb1 | 1175 0a49 | ff8f 5005 
  0x000002135463a350: 0000 4533 | d20f 8591 | 5200 0048 | 85db 0f85 | bb40 0000 | 4c8b 7424 | 3048 8b7c | 2420 488b 
  0x000002135463a370: 7424 4044 | 8b6c 2448 | e99b 0000 | 0048 8d84 | 24d0 0000 | 0048 8338 | 000f 8479 | 0000 004d 
  0x000002135463a390: 8b10 41f6 | c202 0f84 | 6200 0000 | 4983 ba86 | 0000 0000 | 7409 49ff | 8a86 0000 

  0x000002135463a3ac: ;   {no_reloc}
  0x000002135463a3ac: 00eb 4b49 | 8b82 9600 | 0000 490b | 828e 0000 | 0075 0a49 | c742 3e00 | 0000 00eb | 3d49 83ba 
  0x000002135463a3cc: 9e00 0000 | 0074 2248 | 33c0 49c7 | 423e 0000 | 0000 f083 | 0424 0049 | 83ba 9e00 | 0000 0075 
  0x000002135463a3ec: 0df0 4d0f | b17a 3e75 | 0583 c801 | eb0c a800 | eb08 4c8b | 10f0 4d0f | b110 750a | 49ff 8f50 
  0x000002135463a40c: 0500 0045 | 33d2 0f85 | 6445 0000 | 4588 6512 | e91e eeff 

  0x000002135463a420: ;   {metadata('sun/net/www/protocol/jrt/Handler')}
  0x000002135463a420: ff41 81f8 | 733b 0220 | 0f84 e0f1 | ffff bac6 | ffff ff4c | 8b5c 2450 | 4c89 5c24 | 204c 8b5c 
  0x000002135463a440: 2430 4c89 | 5c24 284c | 8b5c 2438 | 4c89 5c24 | 304c 8b5c | 2460 4c89 | 5c24 5844 | 8954 2468 
  0x000002135463a460: 4889 5c24 | 7066 6690 

  0x000002135463a468: ;   {runtime_call UncommonTrapBlob}
  0x000002135463a468: c5f8 77e8 

  0x000002135463a46c: ; ImmutableOopMap {rbp=NarrowOop [32]=Oop [40]=Oop [72]=Oop [88]=Oop [96]=Oop [104]=NarrowOop [112]=Oop [152]=NarrowOop [156]=NarrowOop [160]=Oop }
                      ;*invokevirtual getDefaultPort {reexecute=0 rethrow=0 return_oop=0}
                      ; - java.net.URL::getDefaultPort@4
                      ; - sun.net.util.URLUtil::urlNoFragString@97
                      ; - java.security.CodeSource::<init>@30
                      ; - java.net.URLClassLoader::defineClass@198
                      ; - java.net.URLClassLoader$1::run@43
  0x000002135463a46c: 90d8 00ff 

  0x000002135463a470: ;   {other}
  0x000002135463a470: 0f1f 8400 | e02b 001c 

  0x000002135463a478: ;   {oop("jrt"{0x00000000801c4ff0})}
  0x000002135463a478: 81fd f04f | 1c80 0f85 | b046 0000 

  0x000002135463a484: ;   {oop("jrt"{0x00000000801c4ff0})}
  0x000002135463a484: 48bd f04f | 1c80 0000 | 0000 e949 | efff ff47 | 8d0c 1b45 | 85c9 0f8c | 6446 0000 | 438d 1412 
  0x000002135463a4a4: 85d2 0f8c | 5846 0000 | 418d 3c11 | 3bcf 0f82 | 4c46 0000 | 4b8d 7c0d | 1041 8bd2 | 8bca f7c2 
  0x000002135463a4c4: f0ff ffff | 0f84 8400 | 0000 f7c2 | 00f0 ffff | 0f84 5400 | 0000 83e1 | 1f83 e2e0 | 741f 488d 
  0x000002135463a4e4: 3416 488d | 3c57 48f7 | da62 f27d | 4830 0416 | 62f1 ff48 | 7f04 5748 | 83c2 2075 | ecf7 c1ff 
  0x000002135463a504: ffff ff0f | 84b2 0000 | 00ba ffff | ffff c4e2 | 71f7 d2f7 | d2c5 fb92 | fa62 f27d | cf30 0662 
  0x000002135463a524: f1ff 4f7f | 07e9 9100 | 0000 83e1 | 0f83 e2f0 | 741c 488d | 3416 488d | 3c57 48f7 | dac4 e27d 
  0x000002135463a544: 3004 16c5 | fe7f 0457 | 4883 c210 | 75ef 8bd1 | 83e1 0783 | e2f8 7427 | c4e2 7930 | 06c5 fa7f 
  0x000002135463a564: 0748 83c6 | 0848 83c7 | 10e9 1100 | 0000 c4e2 | 7930 0416 | c5fa 7f04 | 5748 83c2 

  0x000002135463a580: ;   {no_reloc}
  0x000002135463a580: 0875 ef8b | d183 fa04 | 7c19 c5f9 | 6e06 c4e2 | 7930 c0c5 | f9d6 0748 | 83ea 0448 | 83c6 0448 
  0x000002135463a5a0: 83c7 0885 | d274 1848 | 8d34 1648 | 8d3c 5748 | f7da 0fb6 | 0c16 6689 | 0c57 48ff | c275 f3e9 
  0x000002135463a5c0: 4be3 ffff 

  0x000002135463a5c4: ;   {oop(""{0x00000000801cace8})}
  0x000002135463a5c4: 48bb e8ac | 1c80 0000 | 0000 e969 

  0x000002135463a5d0: ;   {metadata('jdk/internal/loader/URLClassPath$FileLoader$1')}
  0x000002135463a5d0: e7ff ff41 | 81fa 08fa | 0c20 0f85 | 9c45 0000 | 33db e977 | ecff ff45 | 8b5a 0c41 | 8bc3 458b 
  0x000002135463a5f0: da44 8b54 | 2444 41d1 | e245 85d2 | 0f8c 7646 | 0000 8d1c | 0085 db0f | 8c6b 4600 | 0041 8d0c 
  0x000002135463a610: 1a41 8b59 | 0c3b d90f | 825b 4600 | 0044 0384 | 2480 0000 | 0048 8b4c | 2470 4489 | 410c 418b 
  0x000002135463a630: cb48 8d71 | 104d 8bd9 | 4b8d 7c11 | 108b d08b | caf7 c2f0 | ffff ff0f | 8484 0000 | 00f7 c200 
  0x000002135463a650: f0ff ff0f | 8454 0000 | 0083 e11f | 83e2 e074 | 1f48 8d34 | 1648 8d3c | 5748 f7da | 62f2 7d48 
  0x000002135463a670: 3004 1662 | f1ff 487f | 0457 4883 | c220 75ec | f7c1 ffff | ffff 0f84 | b200 0000 | baff ffff 
  0x000002135463a690: ffc4 e271 | f7d2 f7d2 | c5fb 92fa | 62f2 7dcf | 3006 62f1 | ff4f 7f07 | e991 0000 | 0083 e10f 
  0x000002135463a6b0: 83e2 f074 | 1c48 8d34 | 1648 8d3c | 5748 f7da | c4e2 7d30 | 0416 c5fe | 7f04 5748 | 83c2 1075 
  0x000002135463a6d0: ;   {no_reloc}
  0x000002135463a6d0: ef8b d183 | e107 83e2 | f874 27c4 | e279 3006 | c5fa 7f07 | 4883 c608 | 4883 c710 | e911 0000 
  0x000002135463a6f0: 00c4 e279 | 3004 16c5 | fa7f 0457 | 4883 c208 | 75ef 8bd1 | 83fa 047c | 19c5 f96e | 06c4 e279 
  0x000002135463a710: 30c0 c5f9 | d607 4883 | ea04 4883 | c604 4883 | c708 85d2 | 7418 488d | 3416 488d | 3c57 48f7 
  0x000002135463a730: da0f b60c | 1666 890c | 5748 ffc2 | 75f3 4585 | c90f 8471 | 3200 0048 | 8b5c 2470 | 418b c8e9 
  0x000002135463a750: 00ee ffff 

  0x000002135463a754: ; implicit exception: dispatches to 0x000002135463fff4
  0x000002135463a754: 448b 4f0c | 478d 141b | 4585 d20f | 8c63 4500 | 0043 8d0c | 0985 c90f | 8c57 4500 | 0041 8d34 
  0x000002135463a774: 0a41 8b50 | 0c3b d60f | 8247 4500 | 004c 8bdf | 488d 7710 | 4d8b d84b | 8d7c 1010 | 418b d18b 
  0x000002135463a794: caf7 c2f0 | ffff ff0f | 8484 0000 | 00f7 c200 | f0ff ff0f | 8454 0000 | 0083 e11f | 83e2 e074 
  0x000002135463a7b4: 1f48 8d34 | 1648 8d3c | 5748 f7da | 62f2 7d48 | 3004 1662 | f1ff 487f | 0457 4883 

  0x000002135463a7d0: ;   {no_reloc}
  0x000002135463a7d0: c220 75ec | f7c1 ffff | ffff 0f84 | b200 0000 | baff ffff | ffc4 e271 | f7d2 f7d2 | c5fb 92fa 
  0x000002135463a7f0: 62f2 7dcf | 3006 62f1 | ff4f 7f07 | e991 0000 | 0083 e10f | 83e2 f074 | 1c48 8d34 | 1648 8d3c 
  0x000002135463a810: 5748 f7da | c4e2 7d30 | 0416 c5fe | 7f04 5748 | 83c2 1075 | ef8b d183 | e107 83e2 | f874 27c4 
  0x000002135463a830: e279 3006 | c5fa 7f07 | 4883 c608 | 4883 c710 | e911 0000 | 00c4 e279 | 3004 16c5 | fa7f 0457 
  0x000002135463a850: 4883 c208 | 75ef 8bd1 | 83fa 047c | 19c5 f96e | 06c4 e279 | 30c0 c5f9 | d607 4883 | ea04 4883 
  0x000002135463a870: c604 4883 | c708 85d2 | 7418 488d | 3416 488d | 3c57 48f7 | da0f b60c | 1666 890c | 5748 ffc2 
  0x000002135463a890: 75f3 e936 | eeff ff66 | 0f1f 8400 | 0000 0000 | 8b44 2430 | 4489 5c24 | 344c 8b8c | 2488 0000 
  0x000002135463a8b0: 008b 4c24 | 484c 8bdd | 418b fae9 | 4207 0000 

  0x000002135463a8c0: ;   {metadata('jdk/internal/loader/URLClassPath$FileLoader$1')}
  0x000002135463a8c0: 4181 fb08 | fa0c 200f | 855f 4400 | 004c 8b54 | 2440 498b | fa48 8d9c | 24d0 0000 | 0048 8b07 
  0x000002135463a8e0: a802 0f85 | 2300 0000 | 4883 c801 | 4889 03f0 | 480f b11f | 0f84 3700 | 0000 482b | c448 2507 
  0x000002135463a900: f0ff ff48 | 8903 e924 | 0000 004c | 8bd0 4833 | c0f0 4d0f | b17a 3e48 | c703 0300 | 0000 7411 
  0x000002135463a920: 4c3b f875 | 1549 ff82 | 8600 0000 | 4833 c075 | 0949 ff87 | 5005 0000 | 33c0 0f85 | 1844 0000 
  0x000002135463a940: 448b 5f0c | 4585 db0f | 8538 0500 | 0049 8b87 | b801 0000 | 4c8b d049 | 83c2 204d | 3b97 c801 
  0x000002135463a960: 0000 0f83 | d03c 0000 | 4d89 97b8 | 0100 0041 | 0f0d 8ac0 | 0000 0048 | c700 0100 | 0000 4c8b 
  0x000002135463a980: d049 83c2 

  0x000002135463a984: ;   {metadata('java/io/FileInputStream')}
  0x000002135463a984: 10c7 4008 | dbdd 0020 | 4489 600c | c5fd efc0 | 62d1 fe08 | 7f02 4c8b | d044 8b4f | 1849 8b87 
  0x000002135463a9a4: b801 0000 | 4c8b d849 | 83c3 104d | 3b9f c801 | 0000 0f83 | a63c 0000 | 4d89 9fb8 | 0100 0041 
  0x000002135463a9c4: 0f0d 8bc0 | 0000 0048 | c700 0100 

  0x000002135463a9d0: ;   {metadata('java/lang/Object')}
  0x000002135463a9d0: 0000 c740 | 0849 8200 | 2044 8960 | 0c4d 8bda | 488b d041 | 8952 1c4c | 8bc0 4d33 | c349 c1e8 
  0x000002135463a9f0: 144d 85c0 | 741a 49c1 | eb09 48b9 | 0000 3f5b | 1302 0000 | 4903 cb80 | 3902 0f85 | 2b28 0000 
  0x000002135463aa10: ; implicit exception: dispatches to 0x00000213546400d4
  0x000002135463aa10: 458b 5910 

  0x000002135463aa14: ; implicit exception: dispatches to 0x0000021354640120
  0x000002135463aa14: 410f be53 | 1041 8b69 | 144d 8bc3 | 85ed 0f85 | c916 0000 | 4c89 4424 | 2044 894c | 2470 4c89 
  0x000002135463aa34: 5424 6848 | 897c 2460 | 458b 4314 | 4489 4424 | 7844 895c | 2474 498b | e985 d20f | 8587 3400 
  0x000002135463aa54: 0045 8b40 | 0cc4 426a | f7d0 453b | d045 8bda | 450f 4fd8 | 458b cb45 | 85db 0f8e | d100 0000 
  0x000002135463aa74: 453b c30f | 8207 4500 | 0044 8b5c | 2478 4d8b | d349 8d7b | 1041 8bd1 | 33c0 488b | df83 fa10 
  0x000002135463aa94: 0f8c 7900 | 0000 83fa | 200f 8c36 | 0000 00c5 | f96e c0c4 | e27d 78c0 | c5f5 efc9 | 8bca 83e1 
  0x000002135463aab4: e083 e21f | c5fe 6f13 | c5ed 74d0 | c4e2 7d17 | ca0f 8369 | 0000 0048 | 83c3 2083 

  0x000002135463aad0: ;   {no_reloc}
  0x000002135463aad0: e920 75e4 | e90d 0000 | 00c5 f96e | c0c5 f1ef | c9c4 e279 | 00c1 83fa | 100f 8c24 | 0000 008b 
  0x000002135463aaf0: ca83 e1f0 | 83e2 0fc5 | fa6f 13c5 | e974 d0c4 | e279 17ca | 0f83 2a00 | 0000 4883 | c310 83e9 
  0x000002135463ab10: 1075 e485 | d20f 8412 | 0000 000f | b60b 3bc1 | 741c 4883 | c301 83ea | 0174 02eb | eebb ffff 
  0x000002135463ab30: ffff eb0d | c5fd d7ca | 0fbc c148 | 03d8 482b | df89 5c24 | 4844 8b5c | 2448 4585 | db0f 8d71 
  0x000002135463ab50: 4800 0041 | 807f 4000 | 0f85 712b | 0000 448b 

  0x000002135463ab60: ;   {oop(a 'java/io/File$PathStatus'{0x00000000801cb1e8})}
  0x000002135463ab60: 4424 7041 | c740 14e8 

  0x000002135463ab68: ;   {oop(a 'java/io/File$PathStatus'{0x00000000801cb1e8})}
  0x000002135463ab68: b11c 8049 | bae8 b11c | 8000 0000 | 004c 8bdd | 4d33 d349 | c1ea 144d | 85d2 741a | 49c1 eb09 
  0x000002135463ab88: 48b9 0000 | 3f5b 1302 | 0000 4903 | cb80 3902 | 0f85 6f2b | 0000 488b | 7c24 604c | 8b54 2468 
  0x000002135463aba8: 448b 5c24 | 744c 8b44 | 2420 498b | b7b8 0100 | 004c 8bce | 4983 c128 | 4d3b 8fc8 | 0100 000f 
  0x000002135463abc8: 83d1 3a00 | 004d 898f | b801 0000 | 410f 0d89 | c000 0000 | 48c7 0601 | 0000 004c | 8bce 4983 
  0x000002135463abe8: ;   {metadata('java/io/FileDescriptor')}
  0x000002135463abe8: c118 c746 | 0834 de00 | 20c5 fdef | c062 d1fe | 087f 01c7 | 460c ffff | ffff 48c7 | 4610 ffff 
  0x000002135463ac08: ffff 4180 | 7f40 000f | 855b 2500 | 0048 8bce | 4189 4a10 | 4c8b ce49 | 8bda 4c33 | cb49 c1e9 
  0x000002135463ac28: 144d 85c9 | 741a 48c1 | eb09 48b9 | 0000 3f5b | 1302 0000 | 4803 cb80 | 3902 0f85 | 5026 0000 
  0x000002135463ac48: 488d 9c24 | d800 0000 | 488b 06a8 | 020f 8523 | 0000 0048 | 83c8 0148 | 8903 f048 | 0fb1 1e0f 
  0x000002135463ac68: 8437 0000 | 0048 2bc4 | 4825 07f0 | ffff 4889 | 03e9 2400 | 0000 4c8b | c848 33c0 | f04d 0fb1 
  0x000002135463ac88: 793e 48c7 | 0303 0000 | 0074 114c | 3bf8 7515 | 49ff 8186 | 0000 0048 | 33c0 7509 | 49ff 8750 
  0x000002135463aca8: 0500 0033 | c00f 8589 | 4100 008b | 6e1c 85ed | 0f85 2644 | 0000 4180 | 7f40 000f | 850c 2500 
  0x000002135463acc8: 0048 8bde | 4d8b ca44 | 894e 1c49 | 8bca 4833 | cb48 c1e9 | 1448 85c9 | 741a 48c1 | eb09 48b9 
  0x000002135463ace8: ;   {no_reloc}
  0x000002135463ace8: 0000 3f5b | 1302 0000 | 4803 cb80 | 3902 0f85 | 0a26 0000 | 488d 8424 | d800 0000 | 4883 3800 
  0x000002135463ad08: 0f84 7800 | 0000 488b | 0ef6 c102 | 0f84 6200 | 0000 4883 | b986 0000 | 0000 7409 | 48ff 8986 
  0x000002135463ad28: 0000 00eb | 4b48 8b81 | 9600 0000 | 480b 818e | 0000 0075 | 0a48 c741 | 3e00 0000 | 00eb 3d48 
  0x000002135463ad48: 83b9 9e00 | 0000 0074 | 2248 33c0 | 48c7 413e | 0000 0000 | f083 0424 | 0048 83b9 | 9e00 0000 
  0x000002135463ad68: 0075 0df0 | 4c0f b179 | 3e75 0583 | c801 eb0c | a800 eb08 | 488b 08f0 | 480f b10e | 7509 49ff 
  0x000002135463ad88: 8f50 0500 | 0033 c90f | 85f7 4000 | 0041 807f | 4000 0f85 | 0324 0000 | 4589 5a14 | 498b c849 
  0x000002135463ada8: 8bda 4833 | cb48 c1e9 | 1448 85c9 | 741a 48c1 | eb09 48b9 | 0000 3f5b | 1302 0000 | 4803 cb80 
  0x000002135463adc8: 3902 0f85 | a925 0000 

  0x000002135463add0: ;   {oop(a 'java/lang/Class'{0x0000000080798808} = 'jdk/internal/misc/VM')}
  0x000002135463add0: 48b9 0888 | 7980 0000 | 0000 8ba9 | 9400 0000 | 83fd 040f | 8c5f 4300 | 0049 8b8f | 7803 0000 
  0x000002135463adf0: 488b 298b 

  0x000002135463adf4: ;   {metadata('jdk/internal/misc/CarrierThread')}
  0x000002135463adf4: 5d08 81fb | 581d 0020 | 0f84 de3f | 0000 4c89 | 5424 6841 | 8be9 4889 | 7c24 6049 | 8bd2 6690 
  0x000002135463ae14: ;   {optimized virtual_call}
  0x000002135463ae14: c5f8 77e8 

  0x000002135463ae18: ; ImmutableOopMap {rbp=NarrowOop [40]=Oop [48]=Oop [64]=Oop [76]=NarrowOop [80]=Oop [88]=Oop [96]=Oop [104]=Oop [152]=NarrowOop [156]=NarrowOop }
                      ;*invokevirtual open0 {reexecute=0 rethrow=0 return_oop=0}
                      ; - java.io.FileInputStream::open@6
                      ; - java.io.FileInputStream::<init>@96
                      ; - jdk.internal.loader.URLClassPath$FileLoader$1::getInputStream@8
                      ; - jdk.internal.loader.Resource::cachedInputStream@9
                      ; - jdk.internal.loader.Resource::getBytes@1
                      ; - java.net.URLClassLoader::defineClass@179
                      ; - java.net.URLClassLoader$1::run@43
  0x000002135463ae18: 6440 00ff 

  0x000002135463ae1c: ;   {other}
  0x000002135463ae1c: 0f1f 8400 | 8c35 001d | 4c8b 5424 | 6845 8b5a | 1049 8bd3 

  0x000002135463ae30: ;   {static_call}
  0x000002135463ae30: c5f8 77e8 

  0x000002135463ae34: ; ImmutableOopMap {rbp=NarrowOop [40]=Oop [48]=Oop [64]=Oop [76]=NarrowOop [80]=Oop [88]=Oop [96]=Oop [104]=Oop [152]=NarrowOop [156]=NarrowOop }
                      ;*invokestatic register {reexecute=0 rethrow=0 return_oop=0}
                      ; - java.io.FileInputStream::<init>@103
                      ; - jdk.internal.loader.URLClassPath$FileLoader$1::getInputStream@8
                      ; - jdk.internal.loader.Resource::cachedInputStream@9
                      ; - jdk.internal.loader.Resource::getBytes@1
                      ; - java.net.URLClassLoader::defineClass@179
                      ; - java.net.URLClassLoader$1::run@43
  0x000002135463ae34: 484a 00ff 

  0x000002135463ae38: ;   {other}
  0x000002135463ae38: 0f1f 8400 | a835 001e | 4180 7f40 | 000f 85b8 | 2300 0048 | 8b7c 2460 | 448b dd44 | 895f 0c4c 
  0x000002135463ae58: 8b54 2468 | 4c8b c74d | 33d0 49c1 | ea14 4d85 | d274 1a49 | c1e8 0948 | b900 003f | 5b13 0200 
  0x000002135463ae78: 0049 03c8 | 8039 020f | 855d 2500 | 0048 8d84 | 24d0 0000 | 0048 8338 | 000f 8479 | 0000 004c 
  0x000002135463ae98: 8b17 41f6 | c202 0f84 | 6200 0000 | 4983 ba86 | 0000 0000 | 7409 49ff | 8a86 0000 | 00eb 4b49 
  0x000002135463aeb8: 8b82 9600 | 0000 490b | 828e 0000 | 0075 0a49 | c742 3e00 | 0000 00eb | 3d49 83ba | 9e00 0000 
  0x000002135463aed8: 0074 2248 | 33c0 49c7 | 423e 0000 | 0000 f083 | 0424 0049 | 83ba 9e00 | 0000 0075 | 0df0 4d0f 
  0x000002135463aef8: b17a 3e75 | 0583 c801 | eb0c a800 | eb08 4c8b | 10f0 4c0f | b117 750a | 49ff 8f50 | 0500 0045 
  0x000002135463af18: 33d2 0f85 | 603e 0000 | 4c8b 5424 | 3045 0fb6 | 423a 4585 | c00f 851c | 2100 0045 

  0x000002135463af34: ;   {no_reloc}
  0x000002135463af34: 33c0 48b9 | 0000 3f5b | 1302 0000 | 448b 4f18 | 4585 c90f | 8493 3c00 | 0044 8944 | 2434 4489 
  0x000002135463af54: 5c24 3048 | 897c 2468 | 4889 4c24 | 204c 8954 | 2460 498b | d166 6690 

  0x000002135463af6c: ;   {optimized virtual_call}
  0x000002135463af6c: c5f8 77e8 

  0x000002135463af70: ; ImmutableOopMap {[40]=Oop [48]=NarrowOop [64]=Oop [76]=NarrowOop [80]=Oop [88]=Oop [96]=Oop [104]=Oop [152]=NarrowOop [156]=NarrowOop }
                      ;*invokevirtual length {reexecute=0 rethrow=0 return_oop=0}
                      ; - jdk.internal.loader.URLClassPath$FileLoader$1::getContentLength@4
                      ; - jdk.internal.loader.Resource::getBytes@10
                      ; - java.net.URLClassLoader::defineClass@179
                      ; - java.net.URLClassLoader$1::run@43
  0x000002135463af70: 0c3f 00ff 

  0x000002135463af74: ;   {other}
  0x000002135463af74: 0f1f 8400 | e436 001f | 4d8b 8fb8 | 0100 004d | 8bd1 4983 | c210 8bc8 | 4d3b 97c8 | 0100 000f 
  0x000002135463af94: 83a4 3500 | 004d 8997 | b801 0000 | 410f 0d8a | c000 0000 | 49c7 0101 | 0000 0041 | 0f0d 8a00 
  0x000002135463afb4: ;   {metadata({type array byte})}
  0x000002135463afb4: 0100 0041 | c741 0845 | 8100 2041 | 0f0d 8a40 | 0100 0045 | 8961 0c41 | 0f0d 8a80 | 0100 0083 
  0x000002135463afd4: f9ff 0f84 | 8440 0000 | 85c9 7f19 | 8b4c 2430 | 85c9 0f84 | 8042 0000 | 498b e944 | 8b5c 2434 
  0x000002135463aff4: e93c 0200 | 008b 4424 | 304c 8bd8 | 33ff 458b | 410c 413b | f80f 8c41 | 1d00 008b | d92b df45 
  0x000002135463b014: 8d90 0004 | 0000 413b | da41 0f4f | da85 db0f | 8cff 3b00 | 008d 341f | 4d8b d149 | 83c2 1041 
  0x000002135463b034: 3bf0 0f84 | 5720 0000 | 81fe 0000 | 1000 0f87 | ec39 0000 | 4863 d644 | 3bc6 418b | e80f 4fee 
  0x000002135463b054: 443b c50f | 8255 3a00 | 003b f50f | 824d 3a00 | 0048 83c2 | 174c 8bc2 | 4983 e0f8 | 81fe 0000 
  0x000002135463b074: 1000 0f87 | fc2e 0000 | 4c89 8424 | a800 0000 | 4889 9424 | a000 0000 | 4c89 9424 | 9000 0000 
  0x000002135463b094: 89b4 2488 | 0000 0089 | 9c24 8400 | 0000 89bc | 2480 0000 | 004c 895c | 2478 894c | 2448 4c89 
  0x000002135463b0b4: ;   {no_reloc}
  0x000002135463b0b4: 4c24 7089 | 4424 304d | 8b97 b801 | 0000 4d8b | c24d 8bda | 4c8b 9424 | a800 0000 | 4d03 da4d 
  0x000002135463b0d4: 3b9f c801 | 0000 0f83 | d72e 0000 | 4d89 9fb8 | 0100 0041 | 0f0d 8bc0 | 0000 004d | 8bd0 49c7 
  0x000002135463b0f4: 0201 0000 | 0041 0f0d | 8b00 0100 

  0x000002135463b100: ;   {metadata({type array byte})}
  0x000002135463b100: 0041 c742 | 0845 8100 | 2041 8970 | 0c41 0f0d | 8b40 0100 | 0041 0f0d | 8b80 0100 | 004d 8bd0 
  0x000002135463b120: 498b da49 | 83c2 104d | 8bca 4c8b | 9424 a000 | 0000 49c1 | ea03 498b | ca85 ed0f | 84fb 3800 
  0x000002135463b140: 003b ac24 | 8800 0000 | 0f8c 181e | 0000 4c8b | 9424 a800 | 0000 4983 | c2f0 49c1 | ea03 488b 
  0x000002135463b160: 8c24 9000 | 0000 498b | d14d 8bc2 | c5f8 7749 | ba80 7062 | 5313 0200 | 0041 ffd2 

  0x000002135463b17c: ;   {other}
  0x000002135463b17c: 0f1f 8400 | 0000 0000 | 4889 9c24 | 8800 0000 | 8b44 2430 | 8b4c 2448 | 4c8b 5c24 | 788b bc24 
  0x000002135463b19c: 8000 0000 | 448b 9424 | 8400 0000 

  0x000002135463b1a8: ; implicit exception: dispatches to 0x000002135463ff80
  0x000002135463b1a8: 448b 4808 

  0x000002135463b1ac: ;   {metadata('java/util/zip/ZipFile$ZipFileInflaterInputStream')}
  0x000002135463b1ac: 4181 f9dd | 1701 200f | 85eb 1b00 | 0041 8bda | 897c 2470 | 894c 2448 | 8944 2430 | 498b eb4d 
  0x000002135463b1cc: 8bd3 498b | d24c 8b84 | 2488 0000 | 0044 8bcf | 8bfb 4889 | 9424 8000 | 0000 6690 

  0x000002135463b1e8: ;   {optimized virtual_call}
  0x000002135463b1e8: c5f8 77e8 

  0x000002135463b1ec: ; ImmutableOopMap {rbp=Oop [40]=Oop [48]=NarrowOop [64]=Oop [76]=NarrowOop [80]=Oop [88]=Oop [96]=Oop [104]=Oop [128]=Oop [136]=Oop [152]=NarrowOop [156]=NarrowOop }
                      ;*invokevirtual read {reexecute=0 rethrow=0 return_oop=0}
                      ; - jdk.internal.loader.Resource::getBytes@117
                      ; - java.net.URLClassLoader::defineClass@179
                      ; - java.net.URLClassLoader$1::run@43
  0x000002135463b1ec: 903c 00ff 

  0x000002135463b1f0: ;   {other}
  0x000002135463b1f0: 0f1f 8400 | 6039 0020 | 448b d045 | 8bc2 4585 | d20f 8ca5 | 3900 0044 | 8b54 2470 | 4503 d044 
  0x000002135463b210: 8b5c 2434 | 4d8b 8758 

  0x000002135463b218: ; ImmutableOopMap {rbp=Oop [40]=Oop [48]=NarrowOop [64]=Oop [76]=NarrowOop [80]=Oop [88]=Oop [96]=Oop [104]=Oop [136]=Oop [152]=NarrowOop [156]=NarrowOop }
                      ;*goto {reexecute=1 rethrow=0 return_oop=0}
                      ; - (reexecute) jdk.internal.loader.Resource::getBytes@179
                      ; - java.net.URLClassLoader::defineClass@179
                      ; - java.net.URLClassLoader$1::run@43
                      ;   {poll}
  0x000002135463b218: 0400 0041 | 8500 443b | 5424 480f | 8c77 f6ff | ff48 8bac | 2488 0000 | 008b 4c24 | 3044 8b41 
  0x000002135463b238: 0848 8bd1 

  0x000002135463b23c: ;   {metadata('java/util/zip/ZipFile$ZipFileInflaterInputStream')}
  0x000002135463b23c: 4181 f8dd | 1701 200f | 85b5 1b00 | 0044 895c | 2430 6690 

  0x000002135463b250: ;   {optimized virtual_call}
  0x000002135463b250: c5f8 77e8 

  0x000002135463b254: ; ImmutableOopMap {rbp=Oop [40]=Oop [64]=Oop [76]=NarrowOop [80]=Oop [88]=Oop [104]=Oop [152]=NarrowOop [156]=NarrowOop }
                      ;*invokevirtual close {reexecute=0 rethrow=0 return_oop=0}
                      ; - jdk.internal.loader.Resource::getBytes@183
                      ; - java.net.URLClassLoader::defineClass@179
                      ; - java.net.URLClassLoader$1::run@43
  0x000002135463b254: 283c 00ff 

  0x000002135463b258: ;   {other}
  0x000002135463b258: 0f1f 8400 | c839 0022 | 448b 5c24 | 3045 85db | 0f85 3c3e | 0000 4889 | ac24 a000 | 0000 488b 
  0x000002135463b278: 7c24 20e9 | 76df ffff | 4489 4424 | 444c 8954 | 2470 498b | d266 6690 

  0x000002135463b290: ;   {optimized virtual_call}
  0x000002135463b290: c5f8 77e8 

  0x000002135463b294: ; ImmutableOopMap {rbp=Oop [40]=Oop [48]=Oop [64]=NarrowOop [72]=Oop [80]=Oop [88]=Oop [96]=Oop [104]=Oop [112]=Oop [152]=NarrowOop [156]=NarrowOop [160]=Oop }
                      ;*invokevirtual inflate {reexecute=0 rethrow=0 return_oop=0}
                      ; - java.lang.AbstractStringBuilder::inflateIfNeededFor@18
                      ; - java.lang.AbstractStringBuilder::putStringAt@2
                      ; - java.lang.AbstractStringBuilder::append@30
                      ; - java.lang.StringBuilder::append@2
                      ; - sun.net.util.URLUtil::urlNoFragString@45
                      ; - java.security.CodeSource::<init>@30
                      ; - java.net.URLClassLoader::defineClass@198
                      ; - java.net.URLClassLoader$1::run@43
  0x000002135463b294: e83b 00ff 

  0x000002135463b298: ;   {other}
  0x000002135463b298: 0f1f 8400 | 083a 0023 | 0fbe 4d10 | 4c8b 5424 | 7045 0fbe | 5a10 458b | 420c e9ac | e1ff ff44 
  0x000002135463b2b8: 8954 2444 | 488b eb48 | 8bd3 6690 

  0x000002135463b2c4: ;   {optimized virtual_call}
  0x000002135463b2c4: c5f8 77e8 

  0x000002135463b2c8: ; ImmutableOopMap {rbp=Oop [40]=Oop [48]=Oop [64]=NarrowOop [72]=Oop [80]=Oop [88]=Oop [96]=Oop [104]=Oop [152]=NarrowOop [156]=NarrowOop [160]=Oop }
                      ;*invokevirtual inflate {reexecute=0 rethrow=0 return_oop=0}
                      ; - java.lang.AbstractStringBuilder::inflateIfNeededFor@18
                      ; - java.lang.AbstractStringBuilder::putStringAt@2
                      ; - java.lang.AbstractStringBuilder::append@30
                      ; - java.lang.StringBuilder::append@2
                      ; - sun.net.util.URLUtil::urlNoFragString@52
                      ; - java.security.CodeSource::<init>@30
                      ; - java.net.URLClassLoader::defineClass@198
                      ; - java.net.URLClassLoader$1::run@43
  0x000002135463b2c8: b43b 00ff 

  0x000002135463b2cc: ;   {other}
  0x000002135463b2cc: 0f1f 8400 | 3c3a 0024 | 488b dd44 | 8b4b 1480 | 7b10 000f | 8540 1b00 | 0045 85c9 | 0f84 9626 
  0x000002135463b2ec: 0000 448b | 5424 44e9 | 98e2 ffff | 4489 5c24 | 6844 896c | 2444 4489 | 5424 4048 | 8beb 488b 
  0x000002135463b30c: d348 898c | 24b0 0000 | 0066 6690 

  0x000002135463b318: ;   {optimized virtual_call}
  0x000002135463b318: c5f8 77e8 

  0x000002135463b31c: ; ImmutableOopMap {rbp=Oop [40]=Oop [48]=Oop [64]=NarrowOop [72]=Oop [80]=Oop [88]=Oop [96]=Oop [152]=NarrowOop [156]=NarrowOop [160]=Oop [176]=Oop }
                      ;*invokevirtual inflate {reexecute=0 rethrow=0 return_oop=0}
                      ; - java.lang.AbstractStringBuilder::inflateIfNeededFor@18
                      ; - java.lang.AbstractStringBuilder::putStringAt@2
                      ; - java.lang.AbstractStringBuilder::append@30
                      ; - java.lang.StringBuilder::append@2
                      ; - sun.net.util.URLUtil::urlNoFragString@134
                      ; - java.security.CodeSource::<init>@30
                      ; - java.net.URLClassLoader::defineClass@198
                      ; - java.net.URLClassLoader$1::run@43
  0x000002135463b31c: 603b 00ff 

  0x000002135463b320: ;   {other}
  0x000002135463b320: 0f1f 8400 | 903a 0025 | 448b 5424 | 4045 0fbe | 4a10 488b | dd0f be53 | 1044 8b6c | 2444 448b 
  0x000002135463b340: 5c24 68e9 | 19e3 ffff 

  0x000002135463b348: ;   {metadata('jdk/internal/loader/URLClassPath$FileLoader$1')}
  0x000002135463b348: 4181 f908 | fa0c 200f | 855c 3a00 | 004c 8bde | 418b 4b1c 

  0x000002135463b35c: ; implicit exception: dispatches to 0x0000021354640020
  0x000002135463b35c: 448b 690c | e932 d7ff | ff44 0fb6 | 5b11 4d8b | c845 85db | 0f84 5110 | 0000 4c89 | 4c24 6841 
  0x000002135463b37c: 8bc8 4889 | 7424 4041 | 8bea 498b | d145 33c0 | 458b ca89 | 8c24 9000 | 0000 6690 

  0x000002135463b398: ;   {static_call}
  0x000002135463b398: c5f8 77e8 

  0x000002135463b39c: ; ImmutableOopMap {[40]=Oop [48]=Oop [64]=Oop [72]=Oop [80]=Oop [88]=Oop [96]=Oop [104]=Oop [144]=NarrowOop [152]=NarrowOop [156]=NarrowOop [160]=Oop }
                      ;*invokestatic compress {reexecute=0 rethrow=0 return_oop=1}
                      ; - java.lang.String::<init>@58
                      ; - java.lang.String::<init>@3
                      ; - java.lang.StringBuilder::toString@5
                      ; - sun.net.util.URLUtil::urlNoFragString@139
                      ; - java.security.CodeSource::<init>@30
                      ; - java.net.URLClassLoader::defineClass@198
                      ; - java.net.URLClassLoader$1::run@43
  0x000002135463b39c: e044 00ff 

  0x000002135463b3a0: ;   {other}
  0x000002135463b3a0: 0f1f 8400 | 103b 0026 | 4c8b c048 | 85c0 0f84 | 1a10 0000 | 4180 7f40 | 000f 85cb | 2000 0048 
  0x000002135463b3c0: 8b74 2440 | 4488 6610 | 4d8b d044 | 8956 144d | 8bd0 4c8b | de4d 33d3 | 49c1 ea14 | 4d85 d20f 
  0x000002135463b3e0: 8440 e5ff | ff49 c1eb | 0948 b900 | 003f 5b13 | 0200 0049 | 03cb 8039 | 020f 8426 | e5ff ff4d 
  0x000002135463b400: 8b57 484d | 8b5f 58f0 | 8344 24c0 | 0080 3900 | 0f84 0fe5 | ffff 4488 | 214d 85d2 | 7520 498b 
  0x000002135463b420: d7c5 f877 | 49ba 40dd | 85fc fb7f | 0000 41ff 

  0x000002135463b430: ;   {other}
  0x000002135463b430: d20f 1f84 | 0000 0000 | 00e9 e7e4 | ffff 4b89 | 4c13 f849 | 83c2 f84d | 8957 48e9 | d5e4 ffff 
  0x000002135463b450: 41bb ffff | ffff 4489 | 5c24 48e9 | 15d6 ffff 

  0x000002135463b460: ;   {metadata('jdk/internal/loader/URLClassPath$FileLoader$1')}
  0x000002135463b460: 4181 fb08 | fa0c 200f | 8597 3a00 | 004c 8bce | 498b 87b8 | 0100 004c | 8bd0 4983 | c220 4d3b 
  0x000002135463b480: 97c8 0100 | 000f 837a | 3200 004c | 894c 2460 | 4489 5c24 | 5844 896c | 244c 4889 | 7c24 284c 
  0x000002135463b4a0: 8944 2420 | 4889 7424 | 404d 8997 | b801 0000 | 410f 0d8a | c000 0000 | 48c7 0001 | 0000 004c 
  0x000002135463b4c0: 8bd0 4983 

  0x000002135463b4c4: ;   {metadata('java/io/FileInputStream')}
  0x000002135463b4c4: c210 c740 | 08db dd00 | 2044 8960 | 0cc5 fdef | c062 d1fe | 087f 024c | 8bd0 4c89 | 5424 684c 
  0x000002135463b4e4: 8b54 2460 | 458b 5a18 | 418b eb49 | 8b87 b801 | 0000 4c8b | d049 83c2 | 104d 3b97 | c801 0000 
  0x000002135463b504: 0f83 dc31 | 0000 4d89 | 97b8 0100 | 0041 0f0d | 8ac0 0000 | 0048 c700 | 0100 0000 

  0x000002135463b520: ;   {metadata('java/lang/Object')}
  0x000002135463b520: c740 0849 | 8200 2044 | 8960 0c4c | 8b54 2468 | 4c8b d84c | 8b44 2468 | 4589 581c | 4c8b d84d 
  0x000002135463b540: 33da 49c1 | eb14 4d85 | db74 1a49 | c1ea 0948 | b900 003f | 5b13 0200 | 0049 03ca | 8039 020f 
  0x000002135463b560: 8518 2000 | 0044 8bdd 

  0x000002135463b568: ; implicit exception: dispatches to 0x000002135464016c
  0x000002135463b568: 458b 5310 | 4489 5424 | 7044 895c | 245c 450f | be4a 1041 | 8b6b 144c | 8954 2478 | 85ed 0f85 
  0x000002135463b588: 6f0d 0000 | 448b 5424 | 7045 8b5a | 1444 895c | 2474 448b | 5c24 5c49 | 8beb 4585 | c90f 8539 
  0x000002135463b5a8: 2a00 0044 | 8b54 2474 

  0x000002135463b5b0: ; implicit exception: dispatches to 0x000002135464009c
  0x000002135463b5b0: 418b 5a0c | c462 32f7 | d344 3bd3 | 440f 4fd3 | 458b c245 | 85d2 0f8e | 2418 0000 | 413b da0f 
  0x000002135463b5d0: 8203 3a00 | 0044 8b5c | 2474 4d8b | d349 8d7b | 1041 8bd0 | 33c0 488b | df83 fa10 | 0f8c 7900 
  0x000002135463b5f0: 0000 83fa | 200f 8c36 | 0000 00c5 | f96e c0c4 | e27d 78c0 | c5f5 efc9 | 8bca 83e1 | e083 e21f 
  0x000002135463b610: c5fe 6f13 | c5ed 74d0 | c4e2 7d17 

  0x000002135463b61c: ;   {no_reloc}
  0x000002135463b61c: ca0f 8369 | 0000 0048 | 83c3 2083 | e920 75e4 | e90d 0000 | 00c5 f96e | c0c5 f1ef | c9c4 e279 
  0x000002135463b63c: 00c1 83fa | 100f 8c24 | 0000 008b | ca83 e1f0 | 83e2 0fc5 | fa6f 13c5 | e974 d0c4 | e279 17ca 
  0x000002135463b65c: 0f83 2a00 | 0000 4883 | c310 83e9 | 1075 e485 | d20f 8412 | 0000 000f | b60b 3bc1 | 741c 4883 
  0x000002135463b67c: c301 83ea | 0174 02eb | eebb ffff | ffff eb0d | c5fd d7ca | 0fbc c148 | 03d8 482b | df44 8bd3 
  0x000002135463b69c: 4585 d20f | 8d97 3d00 | 0041 807f | 4000 0f85 | ae20 0000 | 448b 5c24 

  0x000002135463b6b4: ;   {oop(a 'java/io/File$PathStatus'{0x00000000801cb1e8})}
  0x000002135463b6b4: 5c41 c743 | 14e8 b11c 

  0x000002135463b6bc: ;   {oop(a 'java/io/File$PathStatus'{0x00000000801cb1e8})}
  0x000002135463b6bc: 8049 bae8 | b11c 8000 | 0000 004c | 8bdd 4d33 | d349 c1ea | 144d 85d2 | 741a 49c1 | eb09 48b9 
  0x000002135463b6dc: 0000 3f5b | 1302 0000 | 4903 cb80 | 3902 0f85 | a620 0000 | 4d8b 87b8 | 0100 004d | 8bd0 4983 
  0x000002135463b6fc: c228 4d3b | 97c8 0100 | 000f 833a | 3000 004d | 8997 b801 | 0000 410f | 0d8a c000 | 0000 49c7 
  0x000002135463b71c: 0001 0000 | 004d 8bd8 | 4983 c318 

  0x000002135463b728: ;   {metadata('java/io/FileDescriptor')}
  0x000002135463b728: 41c7 4008 | 34de 0020 | 4d8b d0c5 | fdef c062 | d1fe 087f | 034d 8bc2 | 41c7 400c | ffff ffff 
  0x000002135463b748: 49c7 4010 | ffff ffff | 4180 7f40 | 000f 8567 | 1d00 004d | 8bd0 4c8b | 5c24 6845 | 8953 104d 
  0x000002135463b768: 8bd0 498b | e84d 33d3 | 49c1 ea14 | 4d85 d274 | 2449 c1eb | 0948 b900 | 003f 5b13 | 0200 0049 
  0x000002135463b788: 03cb 8039 | 020f 853b | 1e00 004c | 8b44 2468 | 4c89 4424 | 6848 8d9c | 24d8 0000 | 0048 8b45 
  0x000002135463b7a8: 00a8 020f | 8524 0000 | 0048 83c8 | 0148 8903 | f048 0fb1 | 5d00 0f84 | 3700 0000 | 482b c448 
  0x000002135463b7c8: 2507 f0ff | ff48 8903 | e924 0000 | 004c 8bd0 | 4833 c0f0 | 4d0f b17a | 3e48 c703 | 0300 0000 
  0x000002135463b7e8: 7411 4c3b | f875 1549 | ff82 8600 | 0000 4833 | c075 0949 | ff87 5005 | 0000 33c0 | 0f85 2e37 
  0x000002135463b808: 0000 4c8b | c58b 6d1c | 85ed 0f85 | b23a 0000 | 4180 7f40 | 000f 85e4 | 1c00 004d 

  0x000002135463b824: ;   {no_reloc}
  0x000002135463b824: 8bd0 498b | d84c 8b5c | 2468 4d8b | c344 8943 | 1c4c 8b5c | 2468 4d33 | da49 c1eb | 144d 85db 
  0x000002135463b844: 741a 49c1 | ea09 48b9 | 0000 3f5b | 1302 0000 | 4903 ca80 | 3902 0f85 | cd1d 0000 | 4c8b db48 
  0x000002135463b864: 8d84 24d8 | 0000 0048 | 8338 000f | 8479 0000 | 004d 8b13 | 41f6 c202 | 0f84 6200 | 0000 4983 
  0x000002135463b884: ba86 0000 | 0000 7409 | 49ff 8a86 | 0000 00eb | 4b49 8b82 | 9600 0000 | 490b 828e | 0000 0075 
  0x000002135463b8a4: 0a49 c742 | 3e00 0000 | 00eb 3d49 | 83ba 9e00 | 0000 0074 | 2248 33c0 | 49c7 423e | 0000 0000 
  0x000002135463b8c4: f083 0424 | 0049 83ba | 9e00 0000 | 0075 0df0 | 4d0f b17a | 3e75 0583 | c801 eb0c | a800 eb08 
  0x000002135463b8e4: 4c8b 10f0 | 4d0f b113 | 750a 49ff | 8f50 0500 | 0045 33d2 | 0f85 5b36 | 0000 4180 | 7f40 000f 
  0x000002135463b904: 8537 1c00 | 004c 8b54 | 2468 448b | 5c24 7045 | 895a 144c | 8954 2468 | 4c8b 5424 | 784c 8b5c 
  0x000002135463b924: ;   {no_reloc}
  0x000002135463b924: 2468 4d33 | d349 c1ea | 144d 85d2 | 741a 49c1 | eb09 48b9 | 0000 3f5b | 1302 0000 | 4903 cb80 
  0x000002135463b944: 3902 0f85 | 321d 0000 

  0x000002135463b94c: ;   {oop(a 'java/lang/Class'{0x0000000080798808} = 'jdk/internal/misc/VM')}
  0x000002135463b94c: 49ba 0888 | 7980 0000 | 0000 418b | aa94 0000 | 0083 fd04 | 0f8c aa39 | 0000 4d8b | 9778 0300 
  0x000002135463b96c: 0049 8b2a | 448b 5d08 

  0x000002135463b974: ;   {metadata('jdk/internal/misc/CarrierThread')}
  0x000002135463b974: 4181 fb58 | 1d00 200f | 844e 3500 | 0048 8b54 | 2468 4c8b | 4424 7890 

  0x000002135463b98c: ;   {optimized virtual_call}
  0x000002135463b98c: c5f8 77e8 

  0x000002135463b990: ; ImmutableOopMap {[32]=Oop [40]=Oop [48]=Oop [64]=Oop [76]=NarrowOop [80]=Oop [96]=Oop [104]=Oop [152]=NarrowOop [156]=NarrowOop }
                      ;*invokevirtual open0 {reexecute=0 rethrow=0 return_oop=0}
                      ; - java.io.FileInputStream::open@6
                      ; - java.io.FileInputStream::<init>@96
                      ; - jdk.internal.loader.URLClassPath$FileLoader$1::getInputStream@8
                      ; - jdk.internal.loader.Resource::cachedInputStream@9
                      ; - jdk.internal.loader.Resource::getByteBuffer@1
                      ; - java.net.URLClassLoader::defineClass@132
                      ; - java.net.URLClassLoader$1::run@43
  0x000002135463b990: ec34 00ff 

  0x000002135463b994: ;   {other}
  0x000002135463b994: 0f1f 8400 | 0441 0027 | 4c8b 5424 | 6845 8b5a | 1049 8bd3 

  0x000002135463b9a8: ;   {static_call}
  0x000002135463b9a8: c5f8 77e8 

  0x000002135463b9ac: ; ImmutableOopMap {[32]=Oop [40]=Oop [48]=Oop [64]=Oop [76]=NarrowOop [80]=Oop [96]=Oop [104]=Oop [152]=NarrowOop [156]=NarrowOop }
                      ;*invokestatic register {reexecute=0 rethrow=0 return_oop=0}
                      ; - java.io.FileInputStream::<init>@103
                      ; - jdk.internal.loader.URLClassPath$FileLoader$1::getInputStream@8
                      ; - jdk.internal.loader.Resource::cachedInputStream@9
                      ; - jdk.internal.loader.Resource::getByteBuffer@1
                      ; - java.net.URLClassLoader::defineClass@132
                      ; - java.net.URLClassLoader$1::run@43
  0x000002135463b9ac: d03e 00ff 

  0x000002135463b9b0: ;   {other}
  0x000002135463b9b0: 0f1f 8400 | 2041 0028 | 488b 5c24 | 68e9 add6 

  0x000002135463b9c0: ;   {metadata('jdk/internal/loader/URLClassPath$FileLoader$1')}
  0x000002135463b9c0: ffff 4181 | fb08 fa0c | 200f 855d | 3600 0033 | c0e9 1cd5 | ffff 448b | d041 8bdd | 453b c10f 
  0x000002135463b9e0: 8d18 cdff | ff66 6690 | 430f be44 | 0310 83f8 | 2e0f 84f1 | 1300 0041 | ffc0 453b | c17c e9e9 
  0x000002135463ba00: f9cc ffff | 4c8b 6c24 | 6045 8b5d | 2045 85db | 0f84 1fdf | ffff 4d8b | 5728 498b | cb4d 85d2 
  0x000002135463ba20: 0f84 0e27 | 0000 4d8b | 5f38 4b89 | 4c13 f849 | 83c2 f84d | 8957 28e9 | f9de ffff | 4d8b 5748 
  0x000002135463ba40: 498b 5758 | f083 4424 | c000 8039 | 000f 8463 | d9ff ff44 | 8821 4d85 | d275 4c4c | 894c 2430 
  0x000002135463ba60: 4889 7424 | 204d 8beb | 488b eb48 | 8bf7 418b | f849 8bd7 | c5f8 7749 | ba40 dd85 | fcfb 7f00 
  0x000002135463ba80: 0041 ffd2 

  0x000002135463ba84: ;   {other}
  0x000002135463ba84: 0f1f 8400 | 0000 0000 | 448b c748 | 8bfe 488b | dd4d 8bdd | 488b 7424 | 204c 8b4c | 2430 e90f 
  0x000002135463baa4: d9ff ff4a | 894c 12f8 | 4983 c2f8 | 4d89 5748 | e9fd d8ff | ff4d 8b57 | 484d 8b5f | 58f0 8344 
  0x000002135463bac4: 24c0 0080 | 3900 0f84 | 98de ffff | 4488 214d | 85d2 7520 | 498b d7c5 | f877 49ba | 40dd 85fc 
  0x000002135463bae4: fb7f 0000 

  0x000002135463bae8: ;   {other}
  0x000002135463bae8: 41ff d20f | 1f84 0000 | 0000 00e9 | 70de ffff | 4b89 4c13 | f849 83c2 | f84d 8957 | 48e9 5ede 
  0x000002135463bb08: ffff 448b | 4614 4585 | c00f 84de | ddff ff4d | 8b57 2849 | 8bc8 4d85 | d20f 846d | 2600 004d 
  0x000002135463bb28: 8b47 384b | 894c 10f8 | 4983 c2f8 | 4d89 5728 | e9b8 ddff | ff4d 8b57 | 484d 8b5f | 58f0 8344 
  0x000002135463bb48: 24c0 0080 | 3900 0f84 | d1dd ffff | 4488 214d | 85d2 7520 | 498b d7c5 | f877 49ba | 40dd 85fc 
  0x000002135463bb68: fb7f 0000 

  0x000002135463bb6c: ;   {other}
  0x000002135463bb6c: 41ff d20f | 1f84 0000 | 0000 00e9 | a9dd ffff | 4b89 4c13 | f849 83c2 | f84d 8957 | 48e9 97dd 
  0x000002135463bb8c: ffff 488b | 7424 4044 | 8b56 0c45 | 85d2 0f84 | dfd4 ffff | 4d8b 5f28 | 498b ca4d | 85db 0f84 
  0x000002135463bbac: 6829 0000 | 488b 7c24 | 404d 8b57 | 384b 894c | 1af8 4983 | c3f8 4d89 | 5f28 488b | f7e9 b1d4 
  0x000002135463bbcc: ffff 4d8b | 5748 4d8b | 5f58 f083 | 4424 c000 | 8039 000f | 84d2 d4ff | ff44 8821 | 4d85 d275 
  0x000002135463bbec: 2049 8bd7 | c5f8 7749 | ba40 dd85 | fcfb 7f00 | 0041 ffd2 

  0x000002135463bc00: ;   {other}
  0x000002135463bc00: 0f1f 8400 | 0000 0000 | e9aa d4ff | ff4b 894c | 13f8 4983 | c2f8 4d89 | 5748 e998 | d4ff ff44 
  0x000002135463bc20: 8b5b 1445 | 85db 0f84 | d9d0 ffff | 4d8b 5728 | 498b cb4d | 85d2 0f84 | 6229 0000 | 4d8b 5f38 
  0x000002135463bc40: 4b89 4c13 | f849 83c2 | f84d 8957 | 28e9 b3d0 | ffff 4d8b | 5748 4d8b | 5f58 f083 | 4424 c000 
  0x000002135463bc60: 8039 000f | 84cf d0ff | ff44 8821 | 4d85 d275 | 2049 8bd7 | c5f8 7749 | ba40 dd85 | fcfb 7f00 
  0x000002135463bc80: 0041 ffd2 

  0x000002135463bc84: ;   {other}
  0x000002135463bc84: 0f1f 8400 | 0000 0000 | e9a7 d0ff | ff4b 894c | 13f8 4983 | c2f8 4d89 | 5748 e995 | d0ff ff4c 
  0x000002135463bca4: 8bca 4d8b | eb4c 8bdb | 4c8b d14c | 63c5 498d | 4810 488b | d148 83e2 | f849 8bfd | 4803 fa48 
  0x000002135463bcc4: c1e9 034c | 2bd9 498b | cb48 33c0 | 4883 f908 | 7f10 48ff | c978 5948 | 8904 cf48 | ffc9 7df7 
  0x000002135463bce4: eb4e c5fd | efc0 e90d | 0000 00c5 | fe7f 07c5 | fe7f 4720 | 4883 c740 | 4883 e908 | 7ded 4883 
  0x000002135463bd04: c104 7c0c | c5fe 7f07 | 4883 c720 | 4883 e904 | 4883 c104 | 7e1a 48b8 | ffff ffff | ffff ffff 
  0x000002135463bd24: c4e2 f0f5 | c0c4 e1fb | 92f8 62f1 | fe2f 7f07 | 4983 f820 | 772b 4c63 | dd49 b8ff | ffff ffff 
  0x000002135463bd44: ffff ffc4 | 42a0 f5c0 | c4c1 fb92 | f862 d17f | af6f 0262 | d17f 2f7f | 014d 8bdd | e985 dbff 
  0x000002135463bd64: ff49 8bca | 498b d1c5 | f877 49ba | c04d 6253 | 1302 0000 

  0x000002135463bd78: ;   {other}
  0x000002135463bd78: 41ff d20f | 1f84 0000 | 0000 00eb | d84c 896c | 2458 894c | 2448 4889 | 5c24 404c | 894c 2438 
  0x000002135463bd98: 4c8b 5c24 | 304c 895c | 2428 488b 

  0x000002135463bda4: ;   {oop(".class"{0x00000000806fad38})}
  0x000002135463bda4: 6c24 5048 | ba38 ad6f | 8000 0000 | 004d 8bc5 | 458b cabf | 0100 0000 

  0x000002135463bdbc: ;   {optimized virtual_call}
  0x000002135463bdbc: c5f8 77e8 

  0x000002135463bdc0: ; ImmutableOopMap {rbp=Oop [40]=Oop [56]=Oop [88]=Oop }
                      ;*invokevirtual getBytes {reexecute=0 rethrow=0 return_oop=0}
                      ; - java.lang.StringConcatHelper::prepend@32
                      ; - java.lang.StringConcatHelper::simpleConcat@71
                      ; - java.lang.String::concat@11
                      ; - java.net.URLClassLoader$1::run@13
  0x000002135463bdc0: bc30 00ff 

  0x000002135463bdc4: ;   {other}
  0x000002135463bdc4: 0f1f 8400 | 3445 0029 | 4889 6c24 | 504c 8b54 | 2428 4c89 | 5424 304c | 8b4c 2438 | 488b 5c24 
  0x000002135463bde4: 408b 4c24 | 484c 8b6c | 2458 e997 | caff ff41 | 8bcb 4c89 | 6c24 4048 | 895c 2438 | 4c8b 5c24 
  0x000002135463be04: 304c 895c | 2428 498b | d14d 8bc5 | 448b c9bf | 0100 0000 

  0x000002135463be18: ;   {optimized virtual_call}
  0x000002135463be18: c5f8 77e8 

  0x000002135463be1c: ; ImmutableOopMap {[40]=Oop [64]=Oop [80]=Oop }
                      ;*invokevirtual getBytes {reexecute=0 rethrow=0 return_oop=0}
                      ; - java.lang.StringConcatHelper::prepend@32
                      ; - java.lang.StringConcatHelper::simpleConcat@81
                      ; - java.lang.String::concat@11
                      ; - java.net.URLClassLoader$1::run@13
  0x000002135463be1c: 6030 00ff 

  0x000002135463be20: ;   {other}
  0x000002135463be20: 0f1f 8400 | 9045 002a | 4c8b 5424 | 284c 8954 | 2430 488b | 5c24 384c | 8b6c 2440 | e9ce caff 
  0x000002135463be40: ff4c 8944 | 2460 488b | 5424 284c | 8b84 24c8 | 0000 004c | 8b4c 2420 | 488b 7c24 | 2048 8b74 
  0x000002135463be60: 2420 488b | 4c24 204c | 890c 244c | 894c 2408 | 4c89 4c24 | 1066 6690 

  0x000002135463be78: ;   {optimized virtual_call}
  0x000002135463be78: c5f8 77e8 

  0x000002135463be7c: ; ImmutableOopMap {[40]=Oop [48]=Oop [64]=Oop [76]=NarrowOop [80]=Oop [88]=Oop [96]=Oop [152]=NarrowOop [156]=NarrowOop [200]=Oop }
                      ;*invokevirtual definePackage {reexecute=0 rethrow=0 return_oop=1}
                      ; - java.net.URLClassLoader::defineClass@81
                      ; - java.net.URLClassLoader$1::run@43
  0x000002135463be7c: a09e d7f7 

  0x000002135463be80: ;   {other}
  0x000002135463be80: 0f1f 8400 | f045 002b | e92b e1ff | ff45 0fb6 | 4811 4585 | c90f 8575 | cfff ff48 | 89bc 2480 
  0x000002135463bea0: 0000 0044 | 8944 2478 | 4c89 5424 | 7044 896c | 246c 448b | 5c24 4844 | 895c 2468 | 4c8b 5424 
  0x000002135463bec0: 404c 8954 | 2460 4c8b | 5424 284c | 8954 2448 | 448b 9424 | 9c00 0000 | 4489 5424 | 4444 8b9c 
  0x000002135463bee0: 2498 0000 | 0044 895c | 2440 4889 | 7424 584c | 8b54 2430 | 4c89 5424 | 2848 8b6c | 2420 6690 
  0x000002135463bf00: ;   {static_call}
  0x000002135463bf00: c5f8 77e8 

  0x000002135463bf04: ; ImmutableOopMap {[40]=Oop [64]=NarrowOop [68]=NarrowOop [72]=Oop [80]=Oop [88]=Oop [96]=Oop [108]=NarrowOop [112]=Oop [120]=NarrowOop [128]=Oop [200]=Oop }
                      ;*invokestatic beginInit {reexecute=0 rethrow=0 return_oop=1}
                      ; - java.util.jar.JarFile::ensureInitialization@31
                      ; - java.util.jar.JavaUtilJarAccessImpl::ensureInitialization@1
                      ; - jdk.internal.loader.URLClassPath$JarLoader$2::getManifest@10
                      ; - java.net.URLClassLoader::defineClass@34
                      ; - java.net.URLClassLoader$1::run@43
  0x000002135463bf04: 7151 0000 

  0x000002135463bf08: ;   {other}
  0x000002135463bf08: 0f1f 8400 | 7846 002c | 4889 4424 | 3048 8b94 | 2480 0000 | 0066 6690 

  0x000002135463bf20: ;   {optimized virtual_call}
  0x000002135463bf20: c5f8 77e8 

  0x000002135463bf24: ; ImmutableOopMap {[40]=Oop [48]=Oop [64]=NarrowOop [68]=NarrowOop [72]=Oop [80]=Oop [88]=Oop [96]=Oop [108]=NarrowOop [112]=Oop [120]=NarrowOop [128]=Oop [200]=Oop }
                      ;*invokevirtual initializeVerifier {reexecute=0 rethrow=0 return_oop=0}
                      ; - java.util.jar.JarFile::ensureInitialization@36
                      ; - java.util.jar.JavaUtilJarAccessImpl::ensureInitialization@1
                      ; - jdk.internal.loader.URLClassPath$JarLoader$2::getManifest@10
                      ; - java.net.URLClassLoader::defineClass@34
                      ; - java.net.URLClassLoader$1::run@43
  0x000002135463bf24: 6051 0000 

  0x000002135463bf28: ;   {other}
  0x000002135463bf28: 0f1f 8400 | 9846 002d | 448b 5c24 | 7841 c643 | 1101 488b | 5424 3090 

  0x000002135463bf40: ;   {static_call}
  0x000002135463bf40: c5f8 77e8 

  0x000002135463bf44: ; ImmutableOopMap {[40]=Oop [64]=NarrowOop [68]=NarrowOop [72]=Oop [80]=Oop [88]=Oop [96]=Oop [108]=NarrowOop [112]=Oop [128]=Oop [200]=Oop }
                      ;*invokestatic endInit {reexecute=0 rethrow=0 return_oop=0}
                      ; - java.util.jar.JarFile::ensureInitialization@45
                      ; - java.util.jar.JavaUtilJarAccessImpl::ensureInitialization@1
                      ; - jdk.internal.loader.URLClassPath$JarLoader$2::getManifest@10
                      ; - java.net.URLClassLoader::defineClass@34
                      ; - java.net.URLClassLoader$1::run@43
  0x000002135463bf44: 4f51 0000 

  0x000002135463bf48: ;   {other}
  0x000002135463bf48: 0f1f 8400 | b846 002e | 4889 6c24 | 204c 8b54 | 2428 4c89 | 5424 3048 | 8b74 2458 | 448b 5424 
  0x000002135463bf68: 4044 8994 | 2498 0000 | 0044 8b5c | 2444 4489 | 9c24 9c00 | 0000 4c8b | 5424 484c | 8954 2428 
  0x000002135463bf88: 4c8b 5424 | 604c 8954 | 2440 448b | 5424 6844 | 8954 2448 | 448b 6c24 | 6c4c 8b54 | 2470 488b 
  0x000002135463bfa8: bc24 8000 | 0000 e95d | ceff ff4c | 63c5 4d8d | 5010 498b | ca48 83e1 | f849 8bfe | 4803 f949 
  0x000002135463bfc8: c1ea 0349 | 2bd2 488b | ca48 33c0 | 4883 f908 | 7f10 48ff | c978 5948 | 8904 cf48 | ffc9 7df7 
  0x000002135463bfe8: eb4e c5fd | efc0 e90d | 0000 00c5 | fe7f 07c5 | fe7f 4720 | 4883 c740 | 4883 e908 | 7ded 4883 
  0x000002135463c008: c104 7c0c | c5fe 7f07 | 4883 c720 | 4883 e904 | 4883 c104 | 7e1a 48b8 | ffff ffff | ffff ffff 
  0x000002135463c028: c4e2 f0f5 | c0c4 e1fb | 92f8 62f1 | fe2f 7f07 | 4983 f820 | 7728 4c63 | d549 b8ff 

  0x000002135463c044: ;   {no_reloc}
  0x000002135463c044: ffff ffff | ffff ffc4 | 42a8 f5c0 | c4c1 fb92 | f862 d17f | af6f 0362 | d17f 2f7f | 01e9 94cc 
  0x000002135463c064: ffff 498b | d14c 8974 | 2460 4d8b | cb48 895c | 2458 4489 | 6c24 4c48 | 8bee 488b | 7c24 2049 
  0x000002135463c084: 8bc9 c5f8 | 7749 bac0 | 4d62 5313 | 0200 0041 

  0x000002135463c094: ;   {other}
  0x000002135463c094: ffd2 0f1f | 8400 0000 | 0000 4889 | 7c24 2048 | 8bf5 448b | 6c24 4c48 | 8b5c 2458 | 4c8b 7424 
  0x000002135463c0b4: 60e9 40cc | ffff 4889 | 4c24 2048 | 8bea 498b | d341 b82e | 0000 0090 

  0x000002135463c0cc: ;   {static_call}
  0x000002135463c0cc: c5f8 77e8 

  0x000002135463c0d0: ; ImmutableOopMap {rbp=Oop [32]=Oop [48]=Oop [80]=Oop }
                      ;*invokestatic replace {reexecute=0 rethrow=0 return_oop=1}
                      ; - java.lang.String::replace@30
                      ; - java.net.URLClassLoader$1::run@8
  0x000002135463c0d0: ac37 00ff 

  0x000002135463c0d4: ;   {other}
  0x000002135463c0d4: 0f1f 8400 | 4448 002f | 488b 4c24 | 204c 8bc8 | 4533 d24c | 8954 2420 | e90f c6ff 

  0x000002135463c0f0: ;   {oop(a 'java/io/File$PathStatus'{0x00000000806fa1d8})}
  0x000002135463c0f0: ff81 fdd8 | a16f 800f | 85b5 eaff | ffba 45ff | ffff 4c8b | 4424 504c | 8944 2420 | 4c8b 4424 
  0x000002135463c110: 404c 8944 | 2428 4c8b | 4424 384c | 8944 2430 | 448b 4424 | 4c44 8944 | 2448 4889 | 7c24 5048 
  0x000002135463c130: 897c 2458 | 4c89 5424 | 7844 895c | 244c 6690 

  0x000002135463c140: ;   {runtime_call UncommonTrapBlob}
  0x000002135463c140: c5f8 77e8 

  0x000002135463c144: ; ImmutableOopMap {rbp=NarrowOop [32]=Oop [40]=Oop [72]=NarrowOop [76]=NarrowOop [80]=Oop [88]=Oop [120]=Oop [152]=NarrowOop [156]=NarrowOop }
                      ;*if_acmpne {reexecute=1 rethrow=0 return_oop=0}
                      ; - (reexecute) java.io.File::isInvalid@38
                      ; - java.io.FileInputStream::<init>@54
                      ; - jdk.internal.loader.URLClassPath$FileLoader$1::getInputStream@8
                      ; - jdk.internal.loader.Resource::cachedInputStream@9
                      ; - jdk.internal.loader.Resource::getBytes@1
                      ; - java.net.URLClassLoader::defineClass@179
                      ; - java.net.URLClassLoader$1::run@43
  0x000002135463c144: b8bb 00ff 

  0x000002135463c148: ;   {other}
  0x000002135463c148: 0f1f 8400 | b848 0030 | 418b 580c | 4c63 cb49 | c1e1 0281 | fb00 0004 | 000f 8755 | 2700 0049 
  0x000002135463c168: 8bbf b801 | 0000 4d8d | 5117 4983 | e2f8 4c8b | df4d 03da | 4d3b 9fc8 | 0100 000f | 8333 2700 
  0x000002135463c188: 004d 899f | b801 0000 | 410f 0d8b | c000 0000 | 48c7 0701 | 0000 0041 | 0f0d 8b00 

  0x000002135463c1a4: ;   {metadata('java/security/CodeSigner'[])}
  0x000002135463c1a4: 0100 00c7 | 4708 0ff9 | 0c20 895f | 0c41 0f0d | 8b40 0100 | 0041 0f0d | 8b80 0100 | 004c 8944 
  0x000002135463c1c4: 2440 4c89 | 6c24 4849 | 8be9 488b | 4c24 4048 | 83c1 1048 | 8bd7 4883 | c210 488b | df4c 8d55 
  0x000002135463c1e4: 0749 c1ea | 034d 8bc2 | c5f8 7749 | ba80 7062 | 5313 0200 | 0041 ffd2 

  0x000002135463c1fc: ;   {other}
  0x000002135463c1fc: 0f1f 8400 | 0000 0000 | 4180 7f40 | 000f 8557 | 2300 004c | 8b6c 2448 | 4d8b d54c | 8bdb 4d8b 
  0x000002135463c21c: c345 8945 | 104d 33da | 49c1 eb14 | 4d85 db0f | 8445 d7ff | ff49 c1ea | 094c 8b44 | 2420 4d03 
  0x000002135463c23c: c241 8038 | 020f 842f | d7ff ff4d | 8b57 484d | 8b5f 58f0 | 8344 24c0 | 0041 8038 | 000f 8417 
  0x000002135463c25c: d7ff ff45 | 8820 4d85 | d275 2349 | 8bc8 498b | d7c5 f877 | 49ba 40dd | 85fc fb7f | 0000 41ff 
  0x000002135463c27c: ;   {other}
  0x000002135463c27c: d20f 1f84 | 0000 0000 | 00e9 ecd6 | ffff 4f89 | 4413 f849 | 83c2 f84d | 8957 48e9 | dad6 ffff 
  0x000002135463c29c: 49ba 0000 | 0000 0100 | 0000 493b | da0f 8525 | 3200 0049 | 8b87 b801 | 0000 4c8b | d049 83c2 
  0x000002135463c2bc: 184d 3b97 | c801 0000 | 0f83 2626 | 0000 4d89 | 97b8 0100 | 0041 0f0d | 8ac0 0000 | 0048 c700 
  0x000002135463c2dc: 0100 0000 

  0x000002135463c2e0: ;   {metadata('java/lang/String')}
  0x000002135463c2e0: c740 08d6 | 8300 2044 | 8960 0c48 | c740 1001 | 0000 0089 | 6814 e96f 

  0x000002135463c2f8: ;   {oop(a 'java/io/File$PathStatus'{0x00000000806fa1d8})}
  0x000002135463c2f8: c6ff ff81 | fdd8 a16f | 800f 85e9 | f3ff ffba | 45ff ffff | 4c8b 5424 | 504c 8954 | 2420 4c8b 
  0x000002135463c318: 5424 404c | 8954 2430 | 448b 5424 | 4c44 8954 | 2448 6690 

  0x000002135463c32c: ;   {runtime_call UncommonTrapBlob}
  0x000002135463c32c: c5f8 77e8 

  0x000002135463c330: ; ImmutableOopMap {rbp=NarrowOop [32]=Oop [48]=Oop [72]=NarrowOop [96]=Oop [104]=Oop [112]=NarrowOop [152]=NarrowOop [156]=NarrowOop }
                      ;*if_acmpne {reexecute=1 rethrow=0 return_oop=0}
                      ; - (reexecute) java.io.File::isInvalid@38
                      ; - java.io.FileInputStream::<init>@54
                      ; - jdk.internal.loader.URLClassPath$FileLoader$1::getInputStream@8
                      ; - jdk.internal.loader.Resource::cachedInputStream@9
                      ; - jdk.internal.loader.Resource::getByteBuffer@1
                      ; - java.net.URLClassLoader::defineClass@132
                      ; - java.net.URLClassLoader$1::run@43
  0x000002135463c330: ccb9 00ff 

  0x000002135463c334: ;   {other}
  0x000002135463c334: 0f1f 8400 | a44a 0031 | 4489 6c24 | 6c44 8b5c | 2448 4489 | 5c24 6848 | 897c 2460 | 4c8b 5c24 
  0x000002135463c354: 284c 895c | 2458 4889 | 7424 404c | 8b5c 2430 | 4c89 5c24 | 2848 8b6c | 2420 498b | d145 33c0 
  0x000002135463c374: 458b ca90 

  0x000002135463c378: ;   {static_call}
  0x000002135463c378: c5f8 77e8 

  0x000002135463c37c: ; ImmutableOopMap {[40]=Oop [64]=Oop [80]=Oop [88]=Oop [96]=Oop [108]=NarrowOop [152]=NarrowOop [156]=NarrowOop }
                      ;*invokestatic newString {reexecute=0 rethrow=0 return_oop=1}
                      ; - java.lang.String::substring@54
                      ; - java.net.URLClassLoader::defineClass@28
                      ; - java.net.URLClassLoader$1::run@43
  0x000002135463c37c: 0035 00ff 

  0x000002135463c380: ;   {other}
  0x000002135463c380: 0f1f 8400 | f04a 0032 | 4889 6c24 | 204c 8b5c | 2428 4c89 | 5c24 3048 | 8b74 2440 | 4c8b 5c24 
  0x000002135463c3a0: 584c 895c | 2428 4c8b | 5c24 604c | 895c 2440 | 448b 4424 | 6844 8944 | 2448 448b | 6c24 6c48 
  0x000002135463c3c0: 8bd8 e975 | c9ff ff4c | 894c 2468 | eb08 448b | d548 8b74 | 2440 c646 | 1001 488b | ee47 8d0c 
  0x000002135463c3e0: 1248 8b54 | 2468 4533 | c066 6690 

  0x000002135463c3ec: ;   {static_call}
  0x000002135463c3ec: c5f8 77e8 

  0x000002135463c3f0: ; ImmutableOopMap {rbp=Oop [40]=Oop [48]=Oop [72]=Oop [80]=Oop [88]=Oop [96]=Oop [152]=NarrowOop [156]=NarrowOop [160]=Oop }
                      ;*invokestatic copyOfRange {reexecute=0 rethrow=0 return_oop=1}
                      ; - java.lang.String::<init>@92
                      ; - java.lang.String::<init>@3
                      ; - java.lang.StringBuilder::toString@5
                      ; - sun.net.util.URLUtil::urlNoFragString@139
                      ; - java.security.CodeSource::<init>@30
                      ; - java.net.URLClassLoader::defineClass@198
                      ; - java.net.URLClassLoader$1::run@43
  0x000002135463c3f0: 8c34 00ff 

  0x000002135463c3f4: ;   {other}
  0x000002135463c3f4: 0f1f 8400 | 644b 0033 | 488b d841 | 807f 4000 | 0f85 aa1e | 0000 488b | f54c 8bc3 | 4d8b d844 
  0x000002135463c414: 895e 144c | 8bd6 4d8b | d84d 33da | 49c1 eb14 | 4d85 db0f | 84f8 d4ff | ff4d 85c0 | 0f84 efd4 
  0x000002135463c434: ffff 49c1 | ea09 48b9 | 0000 3f5b | 1302 0000 | 4903 ca80 | 3902 0f84 | d5d4 ffff | 4d8b 5758 
  0x000002135463c454: 4d8b 5f48 | f083 4424 | c000 8039 | 000f 84be | d4ff ff44 | 8821 4d85 | db75 2049 | 8bd7 c5f8 
  0x000002135463c474: 7749 ba40 | dd85 fcfb | 7f00 0041 

  0x000002135463c480: ;   {other}
  0x000002135463c480: ffd2 0f1f | 8400 0000 | 0000 e996 | d4ff ff4b | 894c 1af8 | 4983 c3f8 | 4d89 5f48 | e984 d4ff 
  0x000002135463c4a0: ff48 8974 | 2440 4889 | 7c24 204c | 8974 2430 | 488b d690 

  0x000002135463c4b4: ;   {optimized virtual_call}
  0x000002135463c4b4: c5f8 77e8 

  0x000002135463c4b8: ; ImmutableOopMap {rbp=NarrowOop [40]=Oop [48]=Oop [64]=Oop [76]=NarrowOop [80]=Oop [88]=Oop [152]=NarrowOop [156]=NarrowOop [160]=Oop }
                      ;*invokevirtual realEntry {reexecute=0 rethrow=0 return_oop=1}
                      ; - java.util.jar.JarFile$JarFileEntry::getCodeSigners@46
                      ; - jdk.internal.loader.URLClassPath$JarLoader$2::getCodeSigners@4
                      ; - java.net.URLClassLoader::defineClass@185
                      ; - java.net.URLClassLoader$1::run@43
  0x000002135463c4b8: c429 00ff 

  0x000002135463c4bc: ;   {other}
  0x000002135463c4bc: 0f1f 8400 | 2c4c 0034 | 488b d54c | 8bc0 6690 

  0x000002135463c4cc: ;   {optimized virtual_call}
  0x000002135463c4cc: c5f8 77e8 

  0x000002135463c4d0: ; ImmutableOopMap {[40]=Oop [48]=Oop [64]=Oop [76]=NarrowOop [80]=Oop [88]=Oop [152]=NarrowOop [156]=NarrowOop [160]=Oop }
                      ;*invokevirtual getCodeSigners {reexecute=0 rethrow=0 return_oop=1}
                      ; - java.util.jar.JarFile$JarFileEntry::getCodeSigners@49
                      ; - jdk.internal.loader.URLClassPath$JarLoader$2::getCodeSigners@4
                      ; - java.net.URLClassLoader::defineClass@185
                      ; - java.net.URLClassLoader$1::run@43
  0x000002135463c4d0: ac29 00ff 

  0x000002135463c4d4: ;   {other}
  0x000002135463c4d4: 0f1f 8400 | 444c 0035 | 488b d841 | 807f 4000 | 0f85 ea22 | 0000 488b | 7c24 404c | 8bcb 4d8b 
  0x000002135463c4f4: d944 895f | 5c4c 8bd7 | 4d8b c14d | 33c2 49c1 | e814 4d85 | c00f 8459 | 2200 004d | 85c9 0f84 
  0x000002135463c514: ad22 0000 | 49c1 ea09 | 48b9 0000 | 3f5b 1302 | 0000 4903 | ca80 3902 | 0f85 4122 | 0000 4c8b 
  0x000002135463c534: 7424 3048 | 8b7c 2420 | 458b 430c | 498b d34d | 63c8 49c1 | e102 4181 | f800 0004 | 000f 8718 
  0x000002135463c554: 2300 0049 | 8b87 b801 | 0000 4d8d | 5117 4983 | e2f8 488b | c849 03ca | 493b 8fc8 | 0100 000f 
  0x000002135463c574: 83f6 2200 | 0049 898f | b801 0000 | 0f0d 89c0 | 0000 0048 | c700 0100 | 0000 0f0d | 8900 0100 
  0x000002135463c594: ;   {metadata('java/security/CodeSigner'[])}
  0x000002135463c594: 00c7 4008 | 0ff9 0c20 | 4489 400c | 0f0d 8940 | 0100 000f | 0d89 8001 | 0000 488b | d849 8d4b 
  0x000002135463c5b4: 1048 8bd3 | 4883 c210 | 4983 c107 | 49c1 e903 | 4d8b c1c5 | f877 49ba | 8070 6253 | 1302 0000 
  0x000002135463c5d4: ;   {other}
  0x000002135463c5d4: 41ff d20f | 1f84 0000 | 0000 00e9 | 7acc ffff | 894c 2444 | 4d8b d848 | 895c 2448 | 4489 5424 
  0x000002135463c5f4: 404c 894c | 2438 4c8b | 5424 304c | 8954 2428 | 488b 6c24 

  0x000002135463c608: ;   {metadata({type array byte})}
  0x000002135463c608: 5048 ba28 | 0a04 0001 | 0000 0044 | 8bc1 4c89 | 5c24 5090 

  0x000002135463c61c: ;   {runtime_call _new_array_Java}
  0x000002135463c61c: c5f8 77e8 

  0x000002135463c620: ; ImmutableOopMap {rbp=Oop [40]=Oop [56]=Oop }
                      ;*invokevirtual allocateUninitializedArray0 {reexecute=0 rethrow=0 return_oop=1}
                      ; - jdk.internal.misc.Unsafe::allocateUninitializedArray@51
                      ; - java.lang.StringConcatHelper::newArray@33
                      ; - java.lang.StringConcatHelper::simpleConcat@61
                      ; - java.lang.String::concat@11
                      ; - java.net.URLClassLoader$1::run@13
  0x000002135463c620: dca5 0dff 

  0x000002135463c624: ;   {other}
  0x000002135463c624: 0f1f 8400 | 944d 0036 | 4889 6c24 | 504c 8b54 | 2428 4c89 | 5424 304c | 8b4c 2438 | 448b 5424 
  0x000002135463c644: 4048 8b5c | 2448 8b4c | 2444 4c8b | e8e9 e4c1 | ffff 4c8b | 5c24 204c | 895c 2428 

  0x000002135463c660: ;   {metadata('java/lang/String')}
  0x000002135463c660: 48ba b01e | 0400 0100 | 0000 4c89 | 6c24 3890 

  0x000002135463c670: ;   {runtime_call _new_instance_Java}
  0x000002135463c670: c5f8 77e8 

  0x000002135463c674: ; ImmutableOopMap {rbp=NarrowOop [48]=Oop [56]=Oop [80]=Oop }
                      ;*new {reexecute=0 rethrow=0 return_oop=1}
                      ; - java.lang.StringConcatHelper::newString@6
                      ; - java.lang.StringConcatHelper::simpleConcat@90
                      ; - java.lang.String::concat@11
                      ; - java.net.URLClassLoader$1::run@13
  0x000002135463c674: 085d 0dff 

  0x000002135463c678: ;   {other}
  0x000002135463c678: 0f1f 8400 | e84d 0037 | 4c8b 5c24 | 284c 895c | 2420 e9d8 | c2ff ff44 | 895c 2458 | 895c 245c 
  0x000002135463c698: 8954 2460 | 4889 7c24 | 4844 894c | 242c 4c8b | 5c24 304c | 895c 2440 | 4c8b 5c24 | 204c 895c 
  0x000002135463c6b8: 2438 4889 | 4c24 3044 | 8954 2428 | 4c8b 5424 | 504c 8954 

  0x000002135463c6cc: ;   {metadata({type array byte})}
  0x000002135463c6cc: 2420 48ba | 280a 0400 | 0100 0000 | 458b c190 

  0x000002135463c6dc: ;   {runtime_call _new_array_Java}
  0x000002135463c6dc: c5f8 77e8 

  0x000002135463c6e0: ; ImmutableOopMap {[32]=Oop [40]=NarrowOop [48]=Oop [64]=Oop [72]=Oop [80]=Oop [88]=NarrowOop }
                      ;*invokevirtual allocateUninitializedArray0 {reexecute=0 rethrow=0 return_oop=1}
                      ; - jdk.internal.misc.Unsafe::allocateUninitializedArray@51
                      ; - java.lang.StringConcatHelper::newArray@33
                      ; - java.lang.StringLatin1::replace@49
                      ; - java.lang.String::replace@18
                      ; - java.net.URLClassLoader$1::run@8
  0x000002135463c6e0: 1ca5 0dff 

  0x000002135463c6e4: ;   {other}
  0x000002135463c6e4: 0f1f 8400 | 544e 0038 | 448b 5424 | 2848 8b4c | 2430 4c8b | 4424 384c | 8944 2420 | 4c8b 4424 
  0x000002135463c704: 404c 8944 | 2430 448b | 4c24 2c48 | 8b7c 2448 | 488b d8e9 | 26bd ffff | 4889 5c24 | 384c 8b54 
  0x000002135463c724: 2420 4c89 | 5424 2848 | 894c 2420 | 488b 6c24 

  0x000002135463c734: ;   {metadata('java/lang/String')}
  0x000002135463c734: 5048 bab0 | 1e04 0001 | 0000 0090 

  0x000002135463c740: ;   {runtime_call _new_instance_Java}
  0x000002135463c740: c5f8 77e8 

  0x000002135463c744: ; ImmutableOopMap {rbp=Oop [32]=Oop [48]=Oop [56]=Oop [80]=Oop }
                      ;*new {reexecute=0 rethrow=0 return_oop=1}
                      ; - java.lang.StringLatin1::replace@116
                      ; - java.lang.String::replace@18
                      ; - java.net.URLClassLoader$1::run@8
  0x000002135463c744: 385c 0dff 

  0x000002135463c748: ;   {other}
  0x000002135463c748: 0f1f 8400 | b84e 0039 | 488b 4c24 | 204c 8b5c | 2428 4c89 | 5c24 2048 | 8b5c 2438 | 4c8b c8e9 
  0x000002135463c768: 80bf ffff | 4c8b 5424 | 7045 8b42 | 1445 85c0 | 0f84 89d5 | ffff 4d8b | 5f28 498b | c84d 85db 
  0x000002135463c788: 0f84 7e20 | 0000 498b | fa4d 8b57 | 384b 894c | 1af8 4983 | c3f8 4d89 | 5f28 4c8b | d7e9 5dd5 
  0x000002135463c7a8: ffff 488b | 5c24 7044 | 8b53 1445 | 85d2 0f84 | 4bd6 ffff | 4d8b 5f28 | 498b ca4d | 85db 0f84 
  0x000002135463c7c8: 6320 0000 | 4d8b 5738 | 4b89 4c1a | f849 83c3 | f84d 895f | 28e9 25d6 | ffff 488b | 5c24 4044 
  0x000002135463c7e8: 8b53 1445 | 85d2 0f84 | 1bd7 ffff | 4d8b 5f28 | 498b ca4d | 85db 0f84 | 4b20 0000 | 4d8b 5738 
  0x000002135463c808: 4b89 4c1a | f849 83c3 | f84d 895f | 28e9 f5d6 | ffff 4d8b | 5758 4d8b | 5f48 f083 | 4424 c000 
  0x000002135463c828: 8039 000f | 8419 d7ff | ff44 8821 | 4d85 db75 | 2049 8bd7 | c5f8 7749 | ba40 dd85 

  0x000002135463c844: ;   {no_reloc}
  0x000002135463c844: fcfb 7f00 | 0041 ffd2 

  0x000002135463c84c: ;   {other}
  0x000002135463c84c: 0f1f 8400 | 0000 0000 | e9f1 d6ff | ff4b 894c | 1af8 4983 | c3f8 4d89 | 5f48 e9df | d6ff ff48 
  0x000002135463c86c: 895c 2430 | 4889 7c24 | 2049 8bee 

  0x000002135463c878: ;   {metadata('java/security/CodeSource')}
  0x000002135463c878: 48ba 9050 | 0500 0100 | 0000 6690 

  0x000002135463c884: ;   {runtime_call _new_instance_Java}
  0x000002135463c884: c5f8 77e8 

  0x000002135463c888: ; ImmutableOopMap {rbp=Oop [40]=Oop [48]=Oop [76]=NarrowOop [80]=Oop [88]=Oop [152]=NarrowOop [156]=NarrowOop [160]=Oop }
                      ;*new {reexecute=0 rethrow=0 return_oop=1}
                      ; - java.net.URLClassLoader::defineClass@190
                      ; - java.net.URLClassLoader$1::run@43
  0x000002135463c888: f45a 0dff 

  0x000002135463c88c: ;   {other}
  0x000002135463c88c: 0f1f 8400 | fc4f 003a | 4c8b f548 | 8b7c 2420 | 488b 5c24 | 304c 8bd8 | e90e caff | ff48 8974 
  0x000002135463c8ac: 2460 4c89 | 5c24 4848 | 895c 2440 | 4889 7c24 | 2041 8be8 | 4c89 7424 

  0x000002135463c8c4: ;   {metadata('java/lang/StringBuilder')}
  0x000002135463c8c4: 3048 bad0 | 2505 0001 | 0000 0090 

  0x000002135463c8d0: ;   {runtime_call _new_instance_Java}
  0x000002135463c8d0: c5f8 77e8 

  0x000002135463c8d4: ; ImmutableOopMap {rbp=NarrowOop [40]=Oop [48]=Oop [64]=Oop [72]=Oop [80]=Oop [88]=Oop [96]=Oop [152]=NarrowOop [156]=NarrowOop [160]=Oop }
                      ;*new {reexecute=0 rethrow=0 return_oop=1}
                      ; - sun.net.util.URLUtil::urlNoFragString@0
                      ; - java.security.CodeSource::<init>@30
                      ; - java.net.URLClassLoader::defineClass@198
                      ; - java.net.URLClassLoader$1::run@43
  0x000002135463c8d4: a85a 0dff 

  0x000002135463c8d8: ;   {other}
  0x000002135463c8d8: 0f1f 8400 | 4850 003b | 4c8b 7424 | 3044 8bc5 | 488b 7c24 | 2048 8b5c | 2440 4c8b | 5c24 4848 
  0x000002135463c8f8: 8b74 2460 | e917 caff | ff4c 894c | 2468 4889 | 7424 604c | 895c 2448 | 4889 5c24 | 4048 897c 
  0x000002135463c918: 2420 418b | e84c 8974 

  0x000002135463c920: ;   {metadata({type array byte})}
  0x000002135463c920: 2430 48ba | 280a 0400 | 0100 0000 | 41b8 1000 | 0000 6690 

  0x000002135463c934: ;   {runtime_call _new_array_Java}
  0x000002135463c934: c5f8 77e8 

  0x000002135463c938: ; ImmutableOopMap {rbp=NarrowOop [40]=Oop [48]=Oop [64]=Oop [72]=Oop [80]=Oop [88]=Oop [96]=Oop [104]=Oop [152]=NarrowOop [156]=NarrowOop [160]=Oop }
                      ;*newarray {reexecute=0 rethrow=0 return_oop=1}
                      ; - java.lang.AbstractStringBuilder::<init>@12
                      ; - java.lang.StringBuilder::<init>@3
                      ; - sun.net.util.URLUtil::urlNoFragString@4
                      ; - java.security.CodeSource::<init>@30
                      ; - java.net.URLClassLoader::defineClass@198
                      ; - java.net.URLClassLoader$1::run@43
  0x000002135463c938: c4a2 0dff 

  0x000002135463c93c: ;   {other}
  0x000002135463c93c: 0f1f 8400 | ac50 003c | 4c8b 7424 | 3044 8bc5 | 488b 7c24 | 2048 8b5c | 2440 4c8b | 5c24 4848 
  0x000002135463c95c: 8b74 2460 | 4c8b 4c24 | 68e9 19ca | ffff 4489 | 5424 4048 

  0x000002135463c970: ;   {metadata('java/lang/String')}
  0x000002135463c970: 8beb 48ba | b01e 0400 | 0100 0000 

  0x000002135463c97c: ;   {runtime_call _new_instance_Java}
  0x000002135463c97c: c5f8 77e8 

  0x000002135463c980: ; ImmutableOopMap {rbp=Oop [40]=Oop [48]=Oop [72]=Oop [80]=Oop [88]=Oop [96]=Oop [152]=NarrowOop [156]=NarrowOop [160]=Oop }
                      ;*new {reexecute=0 rethrow=0 return_oop=1}
                      ; - java.lang.StringBuilder::toString@0
                      ; - sun.net.util.URLUtil::urlNoFragString@139
                      ; - java.security.CodeSource::<init>@30
                      ; - java.net.URLClassLoader::defineClass@198
                      ; - java.net.URLClassLoader$1::run@43
  0x000002135463c980: fc59 0dff 

  0x000002135463c984: ;   {other}
  0x000002135463c984: 0f1f 8400 | f450 003d | 488b dd44 | 8b54 2440 | 488b f0e9 | 88cd ffff | 4889 4c24 | 4044 895c 
  0x000002135463c9a4: 2424 4c89 

  0x000002135463c9a8: ;   {metadata('java/security/SecureClassLoader$1')}
  0x000002135463c9a8: 4c24 3848 | bac0 f908 | 0001 0000 | 0066 6690 

  0x000002135463c9b8: ;   {runtime_call _new_instance_Java}
  0x000002135463c9b8: c5f8 77e8 

  0x000002135463c9bc: ; ImmutableOopMap {rbp=NarrowOop [40]=Oop [48]=Oop [56]=Oop [64]=Oop [80]=Oop [88]=Oop [152]=NarrowOop [156]=NarrowOop }
                      ;*new {reexecute=0 rethrow=0 return_oop=1}
                      ; - java.security.SecureClassLoader::getProtectionDomain@20
                      ; - java.security.SecureClassLoader::defineClass@9
                      ; - java.net.URLClassLoader::defineClass@220
                      ; - java.net.URLClassLoader$1::run@43
  0x000002135463c9bc: c059 0dff 

  0x000002135463c9c0: ;   {other}
  0x000002135463c9c0: 0f1f 8400 | 3051 003e | 8b9c 2498 | 0000 004c | 8b4c 2438 | 448b 5c24 | 2448 8b4c | 2440 488b 
  0x000002135463c9e0: f8e9 94d1 | ffff 4489 | 5c24 384c | 896c 2420 

  0x000002135463c9f0: ;   {metadata('java/security/SecureClassLoader$CodeSourceKey')}
  0x000002135463c9f0: 48ba a0f7 | 0800 0100 | 0000 6690 

  0x000002135463c9fc: ;   {runtime_call _new_instance_Java}
  0x000002135463c9fc: c5f8 77e8 

  0x000002135463ca00: ; ImmutableOopMap {[32]=Oop [40]=Oop [48]=Oop [80]=Oop [88]=Oop [152]=NarrowOop [156]=NarrowOop [160]=Oop }
                      ;*new {reexecute=0 rethrow=0 return_oop=1}
                      ; - java.security.SecureClassLoader::getProtectionDomain@6
                      ; - java.security.SecureClassLoader::defineClass@9
                      ; - java.net.URLClassLoader::defineClass@220
                      ; - java.net.URLClassLoader$1::run@43
  0x000002135463ca00: 7c59 0dff 

  0x000002135463ca04: ;   {other}
  0x000002135463ca04: 0f1f 8400 | 7451 003f | 4c8b 8c24 | a000 0000 | 4c8b 6c24 | 2044 8b5c | 2438 488b | c8e9 07d1 
  0x000002135463ca24: ffff 33c0 | e9ff d1ff | ff33 c0e9 | f8d1 ffff | 894c 2478 | 4489 4c24 | 7444 896c | 2470 4489 
  0x000002135463ca44: 5424 6c44 | 8b54 2448 | 4489 5424 | 6848 897c | 2460 4c8b | 5424 284c | 8954 2458 | 4889 7424 
  0x000002135463ca64: 404c 8b54 | 2430 4c89 | 5424 2848 | 8b6c 2420 

  0x000002135463ca74: ;   {metadata('java/lang/String')}
  0x000002135463ca74: 48ba b01e | 0400 0100 | 0000 6690 

  0x000002135463ca80: ;   {runtime_call _new_instance_Java}
  0x000002135463ca80: c5f8 77e8 

  0x000002135463ca84: ; ImmutableOopMap {[40]=Oop [64]=Oop [80]=Oop [88]=Oop [96]=Oop [112]=NarrowOop [116]=NarrowOop [152]=NarrowOop [156]=NarrowOop }
                      ;*new {reexecute=0 rethrow=0 return_oop=1}
                      ; - java.lang.StringLatin1::newString@7
                      ; - java.lang.String::substring@41
                      ; - java.net.URLClassLoader::defineClass@28
                      ; - java.net.URLClassLoader$1::run@43
  0x000002135463ca84: f858 0dff 

  0x000002135463ca88: ;   {other}
  0x000002135463ca88: 0f1f 8400 | f851 0040 | 4889 6c24 | 204c 8b54 | 2428 4c89 | 5424 3048 | 8b74 2440 | 4c8b 5424 
  0x000002135463caa8: 584c 8954 | 2428 4c8b | 5424 604c | 8954 2440 | 448b 4424 | 6844 8944 | 2448 448b | 5424 6c44 
  0x000002135463cac8: 8b6c 2470 | 448b 4c24 | 748b 4c24 | 7848 8bd8 | e96a c0ff | ff4c 8984 | 2480 0000 | 0048 895c 
  0x000002135463cae8: 2478 4889 | 4c24 7048 | 8974 2468 | 4489 5424 

  0x000002135463caf8: ;   {metadata({type array byte})}
  0x000002135463caf8: 4048 ba28 | 0a04 0001 | 0000 0045 | 8bc2 6690 

  0x000002135463cb08: ;   {runtime_call _new_array_nozero_Java}
  0x000002135463cb08: c5f8 77e8 

  0x000002135463cb0c: ; ImmutableOopMap {[40]=Oop [48]=Oop [72]=Oop [80]=Oop [88]=Oop [96]=Oop [104]=Oop [152]=NarrowOop [156]=NarrowOop [160]=Oop [184]=Oop [112]=Derived_oop_[184] }
                      ;*newarray {reexecute=0 rethrow=0 return_oop=1}
                      ; - java.util.Arrays::copyOfRangeByte@10
                      ; - java.util.Arrays::copyOfRange@13
                      ; - java.lang.String::<init>@32
                      ; - java.lang.String::<init>@3
                      ; - java.lang.StringBuilder::toString@5
                      ; - sun.net.util.URLUtil::urlNoFragString@139
                      ; - java.security.CodeSource::<init>@30
                      ; - java.net.URLClassLoader::defineClass@198
                      ; - java.net.URLClassLoader$1::run@43
  0x000002135463cb0c: f0a3 0dff 

  0x000002135463cb10: ;   {other}
  0x000002135463cb10: 0f1f 8400 | 8052 0041 | 448b 5424 | 4048 8b74 | 2468 488b | 4c24 7048 | 8b5c 2478 | 4c8b 8424 
  0x000002135463cb30: 8000 0000 | 4c8b d8e9 | 6ccd ffff | 49ba 0000 | 0000 0100 | 0000 490b | da44 8bd3 | e942 bcff 
  0x000002135463cb50: ff48 8b6c 

  0x000002135463cb54: ;   {metadata('java/lang/String')}
  0x000002135463cb54: 2450 48ba | b01e 0400 | 0100 0000 

  0x000002135463cb60: ;   {runtime_call _new_instance_Java}
  0x000002135463cb60: c5f8 77e8 

  0x000002135463cb64: ; ImmutableOopMap {rbp=Oop [48]=Oop [80]=Oop }
                      ;*new {reexecute=0 rethrow=0 return_oop=1}
                      ; - java.lang.StringConcatHelper::simpleConcat@17
                      ; - java.lang.String::concat@11
                      ; - java.net.URLClassLoader$1::run@13
  0x000002135463cb64: 1858 0dff 

  0x000002135463cb68: ;   {other}
  0x000002135463cb68: 0f1f 8400 | d852 0042 | e9e1 bbff | ff48 898c | 2490 0000 | 0048 8994 | 2488 0000 | 004c 899c 
  0x000002135463cb88: 2480 0000 | 0048 895c | 2478 4489 | 6c24 7044 | 8954 246c | 448b 5c24 | 4844 895c | 2468 4c8b 
  0x000002135463cba8: 5424 404c | 8954 2460 | 4c8b 5424 | 284c 8954 | 2458 448b | 9424 9c00 | 0000 4489 | 5424 4c44 
  0x000002135463cbc8: 8b94 2498 | 0000 0044 | 8954 2448 | 4889 7424 | 404c 8b54 | 2430 4c89 

  0x000002135463cbe0: ;   {metadata({type array byte})}
  0x000002135463cbe0: 5424 2848 | ba28 0a04 | 0001 0000 | 0044 8b44 | 246c 6690 

  0x000002135463cbf4: ;   {runtime_call _new_array_nozero_Java}
  0x000002135463cbf4: c5f8 77e8 

  0x000002135463cbf8: ; ImmutableOopMap {[40]=Oop [64]=Oop [72]=NarrowOop [76]=NarrowOop [80]=Oop [88]=Oop [96]=Oop [112]=NarrowOop [120]=Oop [168]=Oop [128]=Derived_oop_[168] }
                      ;*newarray {reexecute=0 rethrow=0 return_oop=1}
                      ; - java.util.Arrays::copyOfRangeByte@10
                      ; - java.util.Arrays::copyOfRange@13
                      ; - java.lang.StringLatin1::newString@16
                      ; - java.lang.String::substring@41
                      ; - java.net.URLClassLoader::defineClass@28
                      ; - java.net.URLClassLoader$1::run@43
  0x000002135463cbf8: 04a3 0dff 

  0x000002135463cbfc: ;   {other}
  0x000002135463cbfc: 0f1f 8400 | 6c53 0043 | 4c8b 5424 | 284c 8954 | 2430 488b | 7424 4044 | 8b5c 2448 | 4489 9c24 
  0x000002135463cc1c: 9800 0000 | 448b 5c24 | 4c44 899c | 249c 0000 | 004c 8b54 | 2458 4c89 | 5424 284c | 8b54 2460 
  0x000002135463cc3c: 4c89 5424 | 4044 8b54 | 2468 4489 | 5424 4844 | 8b54 246c | 448b 6c24 | 7048 8b5c | 2478 4c8b 
  0x000002135463cc5c: 9c24 8000 | 0000 488b | 9424 8800 | 0000 488b | 8c24 9000 | 0000 4c8b | f0e9 3bc0 | ffff 4889 
  0x000002135463cc7c: 7424 4044 | 8944 2468 | 488b e94c | 8954 2470 

  0x000002135463cc8c: ;   {metadata({type array byte})}
  0x000002135463cc8c: 48ba 280a | 0400 0100 | 0000 458b | c366 6690 

  0x000002135463cc9c: ;   {runtime_call _new_array_nozero_Java}
  0x000002135463cc9c: c5f8 77e8 

  0x000002135463cca0: ; ImmutableOopMap {[40]=Oop [48]=Oop [64]=Oop [72]=Oop [80]=Oop [88]=Oop [96]=Oop [104]=NarrowOop [152]=NarrowOop [156]=NarrowOop [160]=Oop [184]=Oop rbp=Derived_oop_[184] }
                      ;*invokevirtual clone {reexecute=1 rethrow=0 return_oop=1}
                      ; - (reexecute) java.util.Arrays::copyOfRange@18
                      ; - java.lang.String::<init>@32
                      ; - java.lang.String::<init>@3
                      ; - java.lang.StringBuilder::toString@5
                      ; - sun.net.util.URLUtil::urlNoFragString@139
                      ; - java.security.CodeSource::<init>@30
                      ; - java.net.URLClassLoader::defineClass@198
                      ; - java.net.URLClassLoader$1::run@43
  0x000002135463cca0: 5ca2 0dff 

  0x000002135463cca4: ;   {other}
  0x000002135463cca4: 0f1f 8400 | 1454 0044 | 488b d8e9 | 17cb ffff | 4889 7c24 | 604c 8944 | 2458 4889 | 7424 404c 
  0x000002135463ccc4: 8b54 2430 | 4c89 5424 | 2848 8b6c | 2420 488b | d341 b82e | 0000 0090 

  0x000002135463ccdc: ;   {static_call}
  0x000002135463ccdc: c5f8 77e8 

  0x000002135463cce0: ; ImmutableOopMap {[40]=Oop [64]=Oop [80]=Oop [88]=Oop [96]=Oop [152]=NarrowOop [156]=NarrowOop }
                      ;*invokestatic lastIndexOf {reexecute=0 rethrow=0 return_oop=0}
                      ; - java.lang.String::lastIndexOf@25
                      ; - java.lang.String::lastIndexOf@8
                      ; - java.net.URLClassLoader::defineClass@7
                      ; - java.net.URLClassLoader$1::run@43
  0x000002135463cce0: 9c2b 00ff 

  0x000002135463cce4: ;   {other}
  0x000002135463cce4: 0f1f 8400 | 5454 0045 | 4889 6c24 | 204c 8b54 | 2428 4c89 | 5424 3048 | 8b74 2440 | 4c8b 4424 
  0x000002135463cd04: 5848 8b4c | 2460 448b | d041 b9ff | ffff ff48 | 8bf9 4489 | 4c24 48e9 | 5bbd ffff | bae4 ffff 
  0x000002135463cd24: ff48 8974 | 2428 4c8b | 5c24 384c | 895c 2430 | 895c 2440 | 4489 5424 | 4466 6690 

  0x000002135463cd40: ;   {runtime_call UncommonTrapBlob}
  0x000002135463cd40: c5f8 77e8 

  0x000002135463cd44: ; ImmutableOopMap {[40]=Oop [64]=NarrowOop [80]=Oop [152]=NarrowOop [156]=NarrowOop }
                      ;*baload {reexecute=0 rethrow=0 return_oop=0}
                      ; - java.lang.StringLatin1::lastIndexOf@24
                      ; - java.lang.String::lastIndexOf@13
                      ; - java.lang.String::lastIndexOf@8
                      ; - java.net.URLClassLoader::defineClass@7
                      ; - java.net.URLClassLoader$1::run@43
  0x000002135463cd44: b8af 00ff 

  0x000002135463cd48: ;   {other}
  0x000002135463cd48: 0f1f 8400 | b854 0046 | 458b d044 | 2bd7 4c89 | 8c24 8800 | 0000 e945 | e4ff ff4c | 895c 2470 
  0x000002135463cd68: 4889 5c24 | 6844 894c | 2460 4489 | 6c24 4c48 | 8974 2458 

  0x000002135463cd7c: ;   {metadata({type array byte})}
  0x000002135463cd7c: 48ba 280a | 0400 0100 | 0000 448b | c166 6690 

  0x000002135463cd8c: ;   {runtime_call _new_array_nozero_Java}
  0x000002135463cd8c: c5f8 77e8 

  0x000002135463cd90: ; ImmutableOopMap {[40]=Oop [48]=Oop [64]=Oop [76]=NarrowOop [80]=Oop [88]=Oop [96]=NarrowOop [104]=Oop [152]=NarrowOop [156]=NarrowOop [168]=Oop [112]=Derived_oop_[168] }
                      ;*invokevirtual clone {reexecute=1 rethrow=0 return_oop=1}
                      ; - (reexecute) java.util.Arrays::copyOfRange@18
                      ; - java.lang.StringLatin1::newString@16
                      ; - java.lang.String::substring@41
                      ; - java.net.URLClassLoader::defineClass@28
                      ; - java.net.URLClassLoader$1::run@43
  0x000002135463cd90: 6ca1 0dff 

  0x000002135463cd94: ;   {other}
  0x000002135463cd94: 0f1f 8400 | 0455 0047 | 488b f8e9 | 38be ffff | 897c 2470 | 498b eb89 | 4c24 4889 | 4424 3049 
  0x000002135463cdb4: 8bd3 4c8b | 8424 8800 | 0000 448b | cf41 8bfa | 6690 c5f8 | 7748 b8ff | ffff ffff 

  0x000002135463cdd0: ;   {virtual_call}
  0x000002135463cdd0: ffff ffe8 

  0x000002135463cdd4: ; ImmutableOopMap {rbp=Oop [40]=Oop [48]=NarrowOop [64]=Oop [76]=NarrowOop [80]=Oop [88]=Oop [96]=Oop [104]=Oop [136]=Oop [152]=NarrowOop [156]=NarrowOop }
                      ;*invokevirtual read {reexecute=0 rethrow=0 return_oop=0}
                      ; - jdk.internal.loader.Resource::getBytes@117
                      ; - java.net.URLClassLoader::defineClass@179
                      ; - java.net.URLClassLoader$1::run@43
  0x000002135463cdd4: a825 00ff 

  0x000002135463cdd8: ;   {other}
  0x000002135463cdd8: 0f1f 8400 | 4855 0048 | 448b d0e9 | 13e4 ffff | 418b e8e9 | d1b5 ffff | 41bb ffff | ffff 458b 
  0x000002135463cdf8: d3e9 9ee8 | ffff 4489 | 5c24 3066 | 6690 c5f8 | 7748 b8ff | ffff ffff 

  0x000002135463ce10: ;   {virtual_call}
  0x000002135463ce10: ffff ffe8 

  0x000002135463ce14: ; ImmutableOopMap {rbp=Oop [40]=Oop [64]=Oop [76]=NarrowOop [80]=Oop [88]=Oop [104]=Oop [152]=NarrowOop [156]=NarrowOop }
                      ;*invokevirtual close {reexecute=0 rethrow=0 return_oop=0}
                      ; - jdk.internal.loader.Resource::getBytes@183
                      ; - java.net.URLClassLoader::defineClass@179
                      ; - java.net.URLClassLoader$1::run@43
  0x000002135463ce14: 6825 00ff 

  0x000002135463ce18: ;   {other}
  0x000002135463ce18: 0f1f 8400 | 8855 0049 | e93b e4ff | ff44 8b54 | 2444 41d1 | e245 85d2 | 0f8c e727 | 0000 458b 
  0x000002135463ce38: 410c 458d | 5a06 453b | c30f 82d6 | 2700 004d | 8bd9 4b8d 

  0x000002135463ce4c: ;   {oop([B{0x00000000808738d8})}
  0x000002135463ce4c: 7c11 1048 | bed8 3887 | 8000 0000 | 0048 83c6 | 10ba 0300 | 0000 8bca | f7c2 f0ff | ffff 0f84 
  0x000002135463ce6c: 8400 0000 | f7c2 00f0 | ffff 0f84 | 5400 0000 | 83e1 1f83 | e2e0 741f | 488d 3416 | 488d 3c57 
  0x000002135463ce8c: 48f7 da62 | f27d 4830 | 0416 62f1 | ff48 7f04 | 5748 83c2 | 2075 ecf7 | c1ff ffff | ff0f 84b2 
  0x000002135463ceac: 0000 00ba | ffff ffff | c4e2 71f7 | d2f7 d2c5 | fb92 fa62 | f27d cf30 | 0662 f1ff | 4f7f 07e9 
  0x000002135463cecc: 9100 0000 | 83e1 0f83 | e2f0 741c | 488d 3416 | 488d 3c57 | 48f7 dac4 | e27d 3004 | 16c5 fe7f 
  0x000002135463ceec: 0457 4883 | c210 75ef | 8bd1 83e1 | 0783 e2f8 | 7427 c4e2 | 7930 06c5 | fa7f 0748 | 83c6 0848 
  0x000002135463cf0c: 83c7 10e9 | 1100 0000 | c4e2 7930 | 0416 c5fa | 7f04 5748 | 83c2 0875 | ef8b d183 | fa04 7c19 
  0x000002135463cf2c: c5f9 6e06 | c4e2 7930 | c0c5 f9d6 | 0748 83ea | 0448 83c6 | 0448 83c7 | 0885 d274 | 1848 8d34 
  0x000002135463cf4c: ;   {no_reloc}
  0x000002135463cf4c: 1648 8d3c | 5748 f7da | 0fb6 0c16 | 6689 0c57 | 48ff c275 | f3e9 62c6 | ffff 4c63 | c54d 8d50 
  0x000002135463cf6c: 104d 8bda | 4983 e3f8 | 488b fb49 | 03fb 49c1 | ea03 4c8b | d94d 2bda | 498b cb48 | 33c0 4883 
  0x000002135463cf8c: f908 7f10 | 48ff c978 | 5948 8904 | cf48 ffc9 | 7df7 eb4e | c5fd efc0 | e90d 0000 | 00c5 fe7f 
  0x000002135463cfac: 07c5 fe7f | 4720 4883 | c740 4883 | e908 7ded | 4883 c104 | 7c0c c5fe | 7f07 4883 | c720 4883 
  0x000002135463cfcc: e904 4883 | c104 7e1a | 48b8 ffff | ffff ffff | ffff c4e2 | f0f5 c0c4 | e1fb 92f8 | 62f1 fe2f 
  0x000002135463cfec: 7f07 4983 | f820 7733 | 4c63 d549 | bbff ffff | ffff ffff | ffc4 42a8 | f5db c4c1 | fb92 fb4c 
  0x000002135463d00c: 8b94 2490 | 0000 0062 | d17f af6f | 024d 8bd1 | 62d1 7f2f | 7f02 e95d | e1ff ff48 | 8b8c 2490 
  0x000002135463d02c: 0000 0049 | 8bd1 c5f8 | 7749 bac0 | 4d62 5313 | 0200 0041 

  0x000002135463d040: ;   {other}
  0x000002135463d040: ffd2 0f1f | 8400 0000 | 0000 e935 | e1ff ff44 | 8944 2434 | 4489 5c24 | 3048 897c | 2420 498b 
  0x000002135463d060: ea45 8862 | 3af0 8344 | 24c0 0090 

  0x000002135463d06c: ;   {static_call}
  0x000002135463d06c: c5f8 77e8 

  0x000002135463d070: ; ImmutableOopMap {rbp=Oop [32]=Oop [40]=Oop [48]=NarrowOop [64]=Oop [76]=NarrowOop [80]=Oop [88]=Oop [152]=NarrowOop [156]=NarrowOop }
                      ;*invokestatic clearInterruptEvent {reexecute=0 rethrow=0 return_oop=0}
                      ; - java.lang.Thread::getAndClearInterrupt@14
                      ; - java.lang.Thread::interrupted@3
                      ; - jdk.internal.loader.Resource::getBytes@5
                      ; - java.net.URLClassLoader::defineClass@179
                      ; - java.net.URLClassLoader$1::run@43
  0x000002135463d070: 0c28 00ff 

  0x000002135463d074: ;   {other}
  0x000002135463d074: 0f1f 8400 | e457 004a | 4c8b d548 | 8b7c 2420 | 448b 5c24 | 3044 8b44 | 2434 e9a3 | deff ff49 
  0x000002135463d094: 63d0 4181 | f800 0010 | 000f 87e1 | 2300 0048 | 8994 2488 | 0000 0049 | 8bea 899c | 2484 0000 
  0x000002135463d0b4: 0089 bc24 | 8000 0000 | 4c89 5c24 | 7889 4c24 | 484c 894c | 2470 8944 | 2430 4d8b | 97b8 0100 
  0x000002135463d0d4: 004d 8bca | 4c8d 5217 | 4983 e2f8 | 4d8b d94d | 03da 4d3b | 9fc8 0100 | 000f 83bc | 2300 004d 
  0x000002135463d0f4: 899f b801 | 0000 410f | 0d8b c000 | 0000 4d8b | d149 c702 | 0100 0000 | 410f 0d8b | 0001 0000 
  0x000002135463d114: ;   {metadata({type array byte})}
  0x000002135463d114: 41c7 4208 | 4581 0020 | 4589 410c | 410f 0d8b | 4001 0000 | 410f 0d8b | 8001 0000 | 4d8b d149 
  0x000002135463d134: 8bd2 4883 | c210 498b | da4c 8b94 | 2488 0000 | 0049 83c2 | 0749 c1ea | 0348 8bcd | 4d8b c2c5 
  0x000002135463d154: f877 49ba | 8070 6253 | 1302 0000 

  0x000002135463d160: ;   {other}
  0x000002135463d160: 41ff d20f | 1f84 0000 | 0000 00e9 | 14e0 ffff | 458b 4a10 | 4585 c90f | 8498 daff | ff49 8b5f 
  0x000002135463d180: 2849 8bc9 | 4885 db0f | 8417 2000 | 004d 8b4f | 3849 894c | 19f8 4883 | c3f8 4989 | 5f28 e972 
  0x000002135463d1a0: daff ff41 | 8b5a 1485 | db0f 84f1 | dbff ff49 | 8b57 2848 | 8bcb 4885 | d20f 8455 | 2000 0049 
  0x000002135463d1c0: 8b5f 3848 | 894c 13f8 | 4883 c2f8 | 4989 5728 | e9cb dbff | ff8b 4e1c | 85c9 0f84 | e9da ffff 
  0x000002135463d1e0: 4d8b 4f28 | 4d85 c90f | 84ef 1f00 | 0049 8b5f | 384a 894c | 0bf8 4983 | c1f8 4d89 | 4f28 e9c6 
  0x000002135463d200: daff ff48 | 8b7c 2460 | 448b 570c | 4585 d20f | 843b dcff | ff4d 8b5f | 2849 8bca | 4d85 db0f 
  0x000002135463d220: 8427 2000 | 004d 8b57 | 384b 894c | 1af8 4983 | c3f8 4d89 | 5f28 e915 | dcff ff4d | 8b5f 584d 
  0x000002135463d240: 8b47 48f0 | 8344 24c0 | 0080 3900 | 0f84 bed7 | ffff 4488 | 214d 85c0 | 752c 418b | e949 8bf2 
  0x000002135463d260: ;   {no_reloc}
  0x000002135463d260: 498b d7c5 | f877 49ba | 40dd 85fc | fb7f 0000 

  0x000002135463d270: ;   {other}
  0x000002135463d270: 41ff d20f | 1f84 0000 | 0000 004c | 8bd6 448b | cde9 8ad7 | ffff 4b89 | 4c03 f849 | 83c0 f84d 
  0x000002135463d290: 8947 48e9 | 78d7 ffff | 4d8b 4f58 | 498b 5f48 | f083 4424 | c000 8039 | 0074 4444 | 8821 4885 
  0x000002135463d2b0: db74 0f49 | 894c 19f8 | 4883 c3f8 | 4989 5f48 | eb2d 498b | e845 8beb | 498b f249 | 8bd7 c5f8 
  0x000002135463d2d0: 7749 ba40 | dd85 fcfb | 7f00 0041 

  0x000002135463d2dc: ;   {other}
  0x000002135463d2dc: ffd2 0f1f | 8400 0000 | 0000 4c8b | d645 8bdd | 4c8b c541 | 8b4a 1085 | c90f 846d | 2300 004c 
  0x000002135463d2fc: 8bc9 498b | f1e9 42d9 | ffff 498b | 5f48 498b | 5758 f083 | 4424 c000 | 8039 000f | 84df d9ff 
  0x000002135463d31c: ff44 8821 | 4885 db75 | 4248 8974 | 2420 4d8b | e845 8bf3 | 498b f241 | 8be9 498b | d7c5 f877 
  0x000002135463d33c: 49ba 40dd | 85fc fb7f | 0000 41ff 

  0x000002135463d348: ;   {other}
  0x000002135463d348: d20f 1f84 | 0000 0000 | 0044 8bcd | 4c8b d645 | 8bde 4d8b | c548 8b74 | 2420 e995 | d9ff ff48 
  0x000002135463d368: 894c 1af8 | 4883 c3f8 | 4989 5f48 | e983 d9ff | ff49 8b5f | 4849 8b57 | 58f0 8344 | 24c0 0080 
  0x000002135463d388: 3900 0f84 | 40da ffff | 4488 2148 | 85db 7538 | 4d8b e845 | 8bf3 498b | ea41 8bf1 | 498b d7c5 
  0x000002135463d3a8: f877 49ba | 40dd 85fc | fb7f 0000 

  0x000002135463d3b4: ;   {other}
  0x000002135463d3b4: 41ff d20f | 1f84 0000 | 0000 0044 | 8bce 4c8b | d545 8bde | 4d8b c5e9 | 00da ffff | 4889 4c1a 
  0x000002135463d3d4: f848 83c3 | f849 895f | 48e9 eed9 | ffff 4d8b | 5748 4d8b | 5f58 f083 | 4424 c000 | 8039 0074 
  0x000002135463d3f4: 3244 8821 | 4d85 d274 | 0f4b 894c | 13f8 4983 | c2f8 4d89 | 5748 eb1b | 498b d7c5 | f877 49ba 
  0x000002135463d414: 40dd 85fc | fb7f 0000 

  0x000002135463d41c: ;   {other}
  0x000002135463d41c: 41ff d20f | 1f84 0000 | 0000 0044 | 8b5f 0ce9 | 55da ffff | baf6 ffff | ff48 8944 | 2420 6690 
  0x000002135463d43c: ;   {runtime_call UncommonTrapBlob}
  0x000002135463d43c: c5f8 77e8 

  0x000002135463d440: ; ImmutableOopMap {[32]=Oop [80]=Oop }
                      ;*invokevirtual getResource {reexecute=0 rethrow=0 return_oop=0}
                      ; - java.net.URLClassLoader$1::run@26
  0x000002135463d440: bca8 00ff 

  0x000002135463d444: ;   {other}
  0x000002135463d444: 0f1f 8400 | b45b 004b | ba76 ffff | ff48 8b6c | 2450 4489 | 5c24 2044 | 894c 2428 | 4489 5424 
  0x000002135463d464: 2c66 6690 

  0x000002135463d468: ;   {runtime_call UncommonTrapBlob}
  0x000002135463d468: c5f8 77e8 

  0x000002135463d46c: ; ImmutableOopMap {rbp=Oop [32]=NarrowOop [44]=NarrowOop }
                      ;*if_icmpge {reexecute=1 rethrow=0 return_oop=0}
                      ; - (reexecute) java.lang.StringLatin1::replace@19
                      ; - java.lang.String::replace@18
                      ; - java.net.URLClassLoader$1::run@8
  0x000002135463d46c: 90a8 00ff 

  0x000002135463d470: ;   {other}
  0x000002135463d470: 0f1f 8400 | e05b 004c | 41b8 0100 | 0000 33f6 | 4889 7424 | 20e9 52e5 | ffff 488b | 7424 4044 
  0x000002135463d490: 8b5e 1445 | 85db 0f84 | 28df ffff | 4d8b 5728 | 498b cb4d | 85d2 0f84 | f81d 0000 | 4d8b 5f38 
  0x000002135463d4b0: 4b89 4c13 | f849 83c2 | f84d 8957 | 28e9 02df | ffff 4c8b | 5424 6845 | 8b5a 1045 | 85db 742d 
  0x000002135463d4d0: 498b f849 | 8bda 4d8b | 5728 498b | cb4d 85d2 | 0f84 5e1e | 0000 4d8b | 5f38 4b89 | 4c13 f849 
  0x000002135463d4f0: 83c2 f84d | 8957 284c | 8bd3 4c8b | c74c 8954 | 2468 e954 | e2ff ff45 | 8b50 1c45 | 85d2 0f84 
  0x000002135463d510: 0fe3 ffff | 498b d84d | 8b5f 2849 | 8bca 4d85 | db0f 843d | 1e00 004d | 8b57 384b | 894c 1af8 
  0x000002135463d530: 4983 c3f8 | 4d89 5f28 | 4c8b c3e9 | e3e2 ffff | 4c8b 5424 | 6845 8b5a | 1445 85db | 0f84 bce3 
  0x000002135463d550: ffff 4d8b | 5728 498b | cb4d 85d2 | 0f84 221e | 0000 4d8b | 5f38 4b89 | 4c13 f849 

  0x000002135463d56c: ;   {no_reloc}
  0x000002135463d56c: 83c2 f84d | 8957 284c | 8b54 2468 | e991 e3ff | ff4d 8b57 | 584d 8b5f | 48f0 8344 | 24c0 0080 
  0x000002135463d58c: 3900 0f84 | d1df ffff | 4488 214d | 85db 7520 | 498b d7c5 | f877 49ba | 40dd 85fc | fb7f 0000 
  0x000002135463d5ac: ;   {other}
  0x000002135463d5ac: 41ff d20f | 1f84 0000 | 0000 00e9 | a9df ffff | 4b89 4c1a | f849 83c3 | f84d 895f | 48e9 97df 
  0x000002135463d5cc: ffff 4d8b | 5758 4d8b | 5f48 f083 | 4424 c000 | 8039 0074 | 3244 8821 | 4d85 db74 | 0f4b 894c 
  0x000002135463d5ec: 1af8 4983 | c3f8 4d89 | 5f48 eb1b | 498b d7c5 | f877 49ba | 40dd 85fc | fb7f 0000 

  0x000002135463d608: ;   {other}
  0x000002135463d608: 41ff d20f | 1f84 0000 | 0000 004c | 8b44 2468 | 458b 5010 | 4585 d20f | 848b 2000 | 0049 8bea 
  0x000002135463d628: e96b e1ff | ff4d 8b57 | 484d 8b5f | 58f0 8344 | 24c0 0080 | 3900 0f84 | 1ce2 ffff | 4488 214d 
  0x000002135463d648: 85d2 7520 | 498b d7c5 | f877 49ba | 40dd 85fc | fb7f 0000 

  0x000002135463d65c: ;   {other}
  0x000002135463d65c: 41ff d20f | 1f84 0000 | 0000 00e9 | f4e1 ffff | 4b89 4c13 | f849 83c2 | f84d 8957 | 48e9 e2e1 
  0x000002135463d67c: ffff 4d8b | 5748 4d8b | 5f58 f083 | 4424 c000 | 8039 000f | 84b7 e2ff | ff44 8821 | 4d85 d275 
  0x000002135463d69c: 2049 8bd7 | c5f8 7749 | ba40 dd85 | fcfb 7f00 | 0041 ffd2 

  0x000002135463d6b0: ;   {other}
  0x000002135463d6b0: 0f1f 8400 | 0000 0000 | e98f e2ff | ff4b 894c | 13f8 4983 | c2f8 4d89 | 5748 e97d | e2ff ff44 
  0x000002135463d6d0: 8b44 2470 | 458b 5014 | 4585 d20f | 8482 d4ff | ff41 8bd8 | 4d8b 5f28 | 498b ca4d | 85db 0f84 
  0x000002135463d6f0: b01c 0000 | 4d8b 5738 | 4b89 4c1a | f849 83c3 | f84d 895f | 2844 8bc3 | e956 d4ff | ff4d 8b57 
  0x000002135463d710: 484d 8b5f | 58f0 8344 | 24c0 0080 | 3900 0f84 | 7ad4 ffff | 4488 214d | 85d2 7520 | 498b d7c5 
  0x000002135463d730: f877 49ba | 40dd 85fc | fb7f 0000 

  0x000002135463d73c: ;   {other}
  0x000002135463d73c: 41ff d20f | 1f84 0000 | 0000 00e9 | 52d4 ffff | 4b89 4c13 | f849 83c2 | f84d 8957 | 48e9 40d4 
  0x000002135463d75c: ffff 448b | 5424 5c45 | 8b5a 1445 | 85db 0f84 | 40df ffff | 4d8b 5728 | 498b cb4d | 85d2 0f84 
  0x000002135463d77c: 9c1c 0000 | 4d8b 5f38 | 4b89 4c13 | f849 83c2 | f84d 8957 | 28e9 1adf | ffff 4d8b | 5748 4d8b 
  0x000002135463d79c: 5f58 f083 | 4424 c000 | 8039 000f | 8443 dfff | ff44 8821 | 4d85 d275 | 2049 8bd7 | c5f8 7749 
  0x000002135463d7bc: ba40 dd85 | fcfb 7f00 | 0041 ffd2 

  0x000002135463d7c8: ;   {other}
  0x000002135463d7c8: 0f1f 8400 | 0000 0000 | e91b dfff | ff4b 894c | 13f8 4983 | c2f8 4d89 | 5748 e909 | dfff ff4c 
  0x000002135463d7e8: 63d9 e9e6 | afff ffba | ccff ffff | 4c89 4c24 | 2048 895c | 2430 4c89 | 6c24 3844 | 8954 2440 
  0x000002135463d808: ;   {runtime_call UncommonTrapBlob}
  0x000002135463d808: c5f8 77e8 

  0x000002135463d80c: ; ImmutableOopMap {[32]=Oop [56]=Oop [80]=Oop }
                      ;*invokestatic arraycopy {reexecute=0 rethrow=0 return_oop=0}
                      ; - java.lang.String::getBytes@22
                      ; - java.lang.StringConcatHelper::prepend@21
                      ; - java.lang.StringConcatHelper::simpleConcat@71
                      ; - java.lang.String::concat@11
                      ; - java.net.URLClassLoader$1::run@13
  0x000002135463d80c: f0a4 00ff 

  0x000002135463d810: ;   {other}
  0x000002135463d810: 0f1f 8400 | 805f 004d | bacc ffff | ff48 895c | 2428 4489 | 4424 304c | 896c 2438 | 4489 5c24 
  0x000002135463d830: 3444 8954 | 2440 6690 

  0x000002135463d838: ;   {runtime_call UncommonTrapBlob}
  0x000002135463d838: c5f8 77e8 

  0x000002135463d83c: ; ImmutableOopMap {[48]=NarrowOop [56]=Oop [80]=Oop }
                      ;*invokestatic arraycopy {reexecute=0 rethrow=0 return_oop=0}
                      ; - java.lang.String::getBytes@22
                      ; - java.lang.StringConcatHelper::prepend@21
                      ; - java.lang.StringConcatHelper::simpleConcat@81
                      ; - java.lang.String::concat@11
                      ; - java.net.URLClassLoader$1::run@13
  0x000002135463d83c: c0a4 00ff 

  0x000002135463d840: ;   {other}
  0x000002135463d840: 0f1f 8400 | b05f 004e | ba76 ffff | ff44 895c | 2428 4889 | 5c24 3044 | 894c 243c | 4489 5424 
  0x000002135463d860: 4066 6690 

  0x000002135463d864: ;   {runtime_call UncommonTrapBlob}
  0x000002135463d864: c5f8 77e8 

  0x000002135463d868: ; ImmutableOopMap {[40]=NarrowOop [48]=Oop [64]=NarrowOop [80]=Oop }
                      ;*if_icmpge {reexecute=1 rethrow=0 return_oop=0}
                      ; - (reexecute) java.lang.StringLatin1::replace@82
                      ; - java.lang.String::replace@18
                      ; - java.net.URLClassLoader$1::run@8
  0x000002135463d868: 94a4 00ff 

  0x000002135463d86c: ;   {other}
  0x000002135463d86c: 0f1f 8400 | dc5f 004f | ba76 ffff | ff44 894c | 242c 4889 | 5c24 3044 | 8954 243c 

  0x000002135463d888: ;   {runtime_call UncommonTrapBlob}
  0x000002135463d888: c5f8 77e8 

  0x000002135463d88c: ; ImmutableOopMap {[48]=Oop [60]=NarrowOop [80]=Oop [88]=NarrowOop }
                      ;*if_icmpge {reexecute=1 rethrow=0 return_oop=0}
                      ; - (reexecute) java.lang.StringLatin1::replace@61
                      ; - java.lang.String::replace@18
                      ; - java.net.URLClassLoader$1::run@8
  0x000002135463d88c: 70a4 00ff 

  0x000002135463d890: ;   {other}
  0x000002135463d890: 0f1f 8400 | 0060 0050 | 41b8 0100 | 0000 e95a | acff ffba | f6ff ffff | 4889 4424 | 2866 6690 
  0x000002135463d8b0: ;   {runtime_call UncommonTrapBlob}
  0x000002135463d8b0: c5f8 77e8 

  0x000002135463d8b4: ; ImmutableOopMap {[40]=Oop [80]=Oop [156]=NarrowOop }
                      ;*invokevirtual defineClass {reexecute=0 rethrow=0 return_oop=0}
                      ; - java.net.URLClassLoader$1::run@43
  0x000002135463d8b4: 48a4 00ff 

  0x000002135463d8b8: ;   {other}
  0x000002135463d8b8: 0f1f 8400 | 2860 0051 | ba45 ffff | ff4c 8b54 | 2440 4c89 | 5424 3090 

  0x000002135463d8d0: ;   {runtime_call UncommonTrapBlob}
  0x000002135463d8d0: c5f8 77e8 

  0x000002135463d8d4: ; ImmutableOopMap {rbp=NarrowOop [48]=Oop [76]=NarrowOop [80]=Oop [152]=NarrowOop [156]=NarrowOop }
                      ;*ifeq {reexecute=1 rethrow=0 return_oop=0}
                      ; - (reexecute) jdk.internal.loader.Resource::getByteBuffer@9
                      ; - java.net.URLClassLoader::defineClass@132
                      ; - java.net.URLClassLoader$1::run@43
  0x000002135463d8d4: 28a4 00ff 

  0x000002135463d8d8: ;   {other}
  0x000002135463d8d8: 0f1f 8400 | 4860 0052 | 33ed 85c9 | 400f 96c5 | ba45 ffff | ff4c 8b44 | 2450 4c89 | 4424 204c 
  0x000002135463d8f8: 8b44 2430 | 4c89 4424 | 284c 8b44 | 2438 4c89 | 4424 304c | 8b44 2460 | 4c89 4424 | 5844 8954 
  0x000002135463d918: 2468 4889 | 5c24 7044 | 895c 246c 

  0x000002135463d924: ;   {runtime_call UncommonTrapBlob}
  0x000002135463d924: c5f8 77e8 

  0x000002135463d928: ; ImmutableOopMap {[32]=Oop [40]=Oop [72]=Oop [88]=Oop [96]=Oop [104]=NarrowOop [108]=NarrowOop [112]=Oop [152]=NarrowOop [156]=NarrowOop [160]=Oop }
                      ;*ifne {reexecute=1 rethrow=0 return_oop=0}
                      ; - (reexecute) sun.net.util.URLUtil::urlNoFragString@69
                      ; - java.security.CodeSource::<init>@30
                      ; - java.net.URLClassLoader::defineClass@198
                      ; - java.net.URLClassLoader$1::run@43
  0x000002135463d928: d4a3 00ff 

  0x000002135463d92c: ;   {other}
  0x000002135463d92c: 0f1f 8400 | 9c60 0053 | bae4 ffff | ff4c 8b54 | 2450 4c89 | 5424 204c | 8b54 2430 | 4c89 5424 
  0x000002135463d94c: 284c 896c | 2440 4c89 | 4424 4844 | 895c 2454 

  0x000002135463d95c: ;   {runtime_call UncommonTrapBlob}
  0x000002135463d95c: c5f8 77e8 

  0x000002135463d960: ; ImmutableOopMap {[32]=Oop [40]=Oop [64]=Oop [84]=NarrowOop [152]=NarrowOop [156]=NarrowOop [160]=Oop }
                      ;*invokestatic checkIndex {reexecute=0 rethrow=0 return_oop=0}
                      ; - java.nio.Buffer::checkIndex@8
                      ; - java.nio.DirectLongBufferU::get@11
                      ; - jdk.internal.perf.PerfCounter::get@5
                      ; - jdk.internal.perf.PerfCounter::add@1
                      ; - jdk.internal.perf.PerfCounter::addElapsedTimeFrom@6
                      ; - java.net.URLClassLoader::defineClass@207
                      ; - java.net.URLClassLoader$1::run@43
  0x000002135463d960: 9ca3 00ff 

  0x000002135463d964: ;   {other}
  0x000002135463d964: 0f1f 8400 | d460 0054 | baf6 ffff | ff66 6690 

  0x000002135463d974: ;   {runtime_call UncommonTrapBlob}
  0x000002135463d974: c5f8 77e8 

  0x000002135463d978: ; ImmutableOopMap {rbp=NarrowOop [48]=Oop [80]=Oop }
                      ;*invokevirtual toExternalForm {reexecute=0 rethrow=0 return_oop=0}
                      ; - java.net.URL::toExternalForm@5
                      ; - java.net.URL::toString@1
                      ; - java.lang.ClassLoader::defineClassSourceLocation@22
                      ; - java.lang.ClassLoader::defineClass@12
                      ; - java.security.SecureClassLoader::defineClass@12
                      ; - java.net.URLClassLoader::defineClass@220
                      ; - java.net.URLClassLoader$1::run@43
  0x000002135463d978: 84a3 00ff 

  0x000002135463d97c: ;   {other}
  0x000002135463d97c: 0f1f 8400 | ec60 0055 | 448b 5424 | 44ba f6ff | ffff 4c8b | 5c24 304c | 895c 2420 | 4c8b 5c24 
  0x000002135463d99c: 384c 895c | 2428 4489 | 5424 4890 

  0x000002135463d9a8: ;   {runtime_call UncommonTrapBlob}
  0x000002135463d9a8: c5f8 77e8 

  0x000002135463d9ac: ; ImmutableOopMap {[32]=Oop [80]=Oop [96]=Oop [152]=NarrowOop [156]=NarrowOop [160]=Oop }
                      ;*invokestatic arraycopy {reexecute=0 rethrow=0 return_oop=0}
                      ; - java.lang.String::getBytes@22
                      ; - java.lang.AbstractStringBuilder::putStringAt@15
                      ; - java.lang.AbstractStringBuilder::append@30
                      ; - java.lang.StringBuilder::append@2
                      ; - sun.net.util.URLUtil::urlNoFragString@52
                      ; - java.security.CodeSource::<init>@30
                      ; - java.net.URLClassLoader::defineClass@198
                      ; - java.net.URLClassLoader$1::run@43
  0x000002135463d9ac: 50a3 00ff 

  0x000002135463d9b0: ;   {other}
  0x000002135463d9b0: 0f1f 8400 | 2061 0056 | baf6 ffff | ff4c 8b54 | 2430 4c89 | 5424 204c | 8b54 2438 | 4c89 5424 
  0x000002135463d9d0: 2866 6690 

  0x000002135463d9d4: ;   {runtime_call UncommonTrapBlob}
  0x000002135463d9d4: c5f8 77e8 

  0x000002135463d9d8: ; ImmutableOopMap {[32]=Oop [80]=Oop [96]=Oop [152]=NarrowOop [156]=NarrowOop [160]=Oop }
                      ;*arraylength {reexecute=0 rethrow=0 return_oop=0}
                      ; - java.lang.AbstractStringBuilder::ensureCapacityInternal@4
                      ; - java.lang.AbstractStringBuilder::append@21
                      ; - java.lang.StringBuilder::append@2
                      ; - sun.net.util.URLUtil::urlNoFragString@52
                      ; - java.security.CodeSource::<init>@30
                      ; - java.net.URLClassLoader::defineClass@198
                      ; - java.net.URLClassLoader$1::run@43
  0x000002135463d9d8: 24a3 00ff 

  0x000002135463d9dc: ;   {other}
  0x000002135463d9dc: 0f1f 8400 | 4c61 0057 | 4489 6c24 | 6444 8b5c | 2448 4489 | 5c24 6048 | 897c 2458 | 4c89 4424 
  0x000002135463d9fc: 4848 8974 | 2428 4c8b | 5424 304c | 8954 2420 | 488b 6c24 | 5048 8bd6 | 4c8d 8424 | d000 0000 
  0x000002135463da1c: ;   {runtime_call _complete_monitor_locking_Java}
  0x000002135463da1c: c5f8 77e8 

  0x000002135463da20: ; ImmutableOopMap {rbp=Oop [32]=Oop [40]=Oop [72]=Oop [88]=Oop [100]=NarrowOop [152]=NarrowOop [156]=NarrowOop }
                      ;*synchronization entry
                      ; - jdk.internal.loader.Resource::cachedInputStream@-1
                      ; - jdk.internal.loader.Resource::getByteBuffer@1
                      ; - java.net.URLClassLoader::defineClass@132
                      ; - java.net.URLClassLoader$1::run@43
  0x000002135463da20: 5ccb 0dff 

  0x000002135463da24: ;   {other}
  0x000002135463da24: 0f1f 8400 | 9461 0058 | 4889 6c24 | 504c 8b54 | 2420 4c89 | 5424 3048 | 8b74 2428 | 4c8b 5424 
  0x000002135463da44: 484c 8b5c | 2458 448b | 4424 6044 | 8944 2448 | 448b 6c24 | 644d 8bc2 | 498b fbe9 | a3b5 ffff 
  0x000002135463da64: 4489 5c24 | 4c44 896c | 2444 4889 | 7c24 284c | 8944 2420 | 488b ce48 | 8d94 24d0 | 0000 004d 
  0x000002135463da84: 8bc7 c5f8 | 7749 ba80 | 42c7 fcfb | 7f00 0041 

  0x000002135463da94: ;   {other}
  0x000002135463da94: ffd2 0f1f | 8400 0000 | 0000 448b | 6c24 4444 | 8b5c 244c | 4c8b 4424 | 2048 8b7c | 2428 e9b2 
  0x000002135463dab4: b6ff ffba | ccff ffff | 488b 6c24 | 504c 8b5c | 2430 4c89 | 5c24 204c | 8b5c 2438 | 4c89 5c24 
  0x000002135463dad4: 284c 8b5c | 2460 4c89 | 5c24 5848 | 895c 2470 | 4889 5c24 | 7844 894c | 2444 4489 | 9424 8000 
  0x000002135463daf4: 0000 6690 

  0x000002135463daf8: ;   {runtime_call UncommonTrapBlob}
  0x000002135463daf8: c5f8 77e8 

  0x000002135463dafc: ; ImmutableOopMap {rbp=Oop [32]=Oop [64]=NarrowOop [68]=NarrowOop [72]=Oop [88]=Oop [96]=Oop [112]=Oop [120]=Oop [152]=NarrowOop [156]=NarrowOop [160]=Oop }
                      ;*invokestatic arraycopy {reexecute=0 rethrow=0 return_oop=0}
                      ; - java.lang.String::getBytes@22
                      ; - java.lang.AbstractStringBuilder::putStringAt@15
                      ; - java.lang.AbstractStringBuilder::append@30
                      ; - java.lang.StringBuilder::append@2
                      ; - sun.net.util.URLUtil::urlNoFragString@52
                      ; - java.security.CodeSource::<init>@30
                      ; - java.net.URLClassLoader::defineClass@198
                      ; - java.net.URLClassLoader$1::run@43
  0x000002135463dafc: 00a2 00ff 

  0x000002135463db00: ;   {other}
  0x000002135463db00: 0f1f 8400 | 7062 0059 | 4c89 4424 | 2049 8bed 

  0x000002135463db10: ;   {oop(a 'jdk/internal/perf/PerfCounter'{0x00000000806fb110})}
  0x000002135463db10: 48ba 10b1 | 6f80 0000 | 0000 4c8d | 8424 d000 | 0000 6690 

  0x000002135463db24: ;   {runtime_call _complete_monitor_locking_Java}
  0x000002135463db24: c5f8 77e8 

  0x000002135463db28: ; ImmutableOopMap {rbp=Oop [40]=Oop [48]=Oop [80]=Oop [88]=Oop [152]=NarrowOop [156]=NarrowOop [160]=Oop }
                      ;*synchronization entry
                      ; - jdk.internal.perf.PerfCounter::add@-1
                      ; - jdk.internal.perf.PerfCounter::addElapsedTimeFrom@6
                      ; - java.net.URLClassLoader::defineClass@207
                      ; - java.net.URLClassLoader$1::run@43
  0x000002135463db28: 54ca 0dff 

  0x000002135463db2c: ;   {other}
  0x000002135463db2c: 0f1f 8400 | 9c62 005a | 4c8b ed4c | 8b44 2420 | e9ca beff | ffba ccff | ffff 4c8b | 5424 504c 
  0x000002135463db4c: 8954 2420 | 4c8b 5424 | 304c 8954 | 2428 4c89 | 6c24 404c | 8944 2448 | 4489 5c24 | 5466 6690 
  0x000002135463db6c: ;   {runtime_call UncommonTrapBlob}
  0x000002135463db6c: c5f8 77e8 

  0x000002135463db70: ; ImmutableOopMap {[32]=Oop [40]=Oop [64]=Oop [84]=NarrowOop [152]=NarrowOop [156]=NarrowOop [160]=Oop }
                      ;*invokestatic checkIndex {reexecute=0 rethrow=0 return_oop=0}
                      ; - java.nio.Buffer::checkIndex@8
                      ; - java.nio.DirectLongBufferU::get@11
                      ; - jdk.internal.perf.PerfCounter::get@5
                      ; - jdk.internal.perf.PerfCounter::add@1
                      ; - jdk.internal.perf.PerfCounter::addElapsedTimeFrom@6
                      ; - java.net.URLClassLoader::defineClass@207
                      ; - java.net.URLClassLoader$1::run@43
  0x000002135463db70: 8ca1 00ff 

  0x000002135463db74: ;   {other}
  0x000002135463db74: 0f1f 8400 | e462 005b 

  0x000002135463db7c: ;   {oop(a 'jdk/internal/perf/PerfCounter'{0x00000000806fb110})}
  0x000002135463db7c: 48b9 10b1 | 6f80 0000 | 0000 488d | 9424 d000 | 0000 4d8b | c7c5 f877 | 49ba 8042 | c7fc fb7f 
  0x000002135463db9c: 0000 41ff 

  0x000002135463dba0: ;   {other}
  0x000002135463dba0: d20f 1f84 | 0000 0000 | 00e9 37bf | ffff bade | ffff ff4c | 8b54 2450 | 4c89 5424 | 204c 8b54 
  0x000002135463dbc0: 2430 4c89 | 5424 2889 | 5c24 304c | 894c 2438 | 4489 5c24 | 4048 894c | 2448 4889 | 7c24 5090 
  0x000002135463dbe0: ;   {runtime_call UncommonTrapBlob}
  0x000002135463dbe0: c5f8 77e8 

  0x000002135463dbe4: ; ImmutableOopMap {rbp=NarrowOop [32]=Oop [40]=Oop [48]=NarrowOop [56]=Oop [72]=Oop [80]=Oop [156]=NarrowOop }
                      ;*invokeinterface computeIfAbsent {reexecute=0 rethrow=0 return_oop=0}
                      ; - java.security.SecureClassLoader::getProtectionDomain@28
                      ; - java.security.SecureClassLoader::defineClass@9
                      ; - java.net.URLClassLoader::defineClass@220
                      ; - java.net.URLClassLoader$1::run@43
  0x000002135463dbe4: 18a1 00ff 

  0x000002135463dbe8: ;   {other}
  0x000002135463dbe8: 0f1f 8400 | 5863 005c | bade ffff | ff48 8b6c | 2450 4889 | 7424 204c | 8b4c 2438 | 4c89 4c24 
  0x000002135463dc08: 2844 896c | 2440 4c89 | 5424 5044 | 895c 2444 | 4489 4424 | 5866 6690 

  0x000002135463dc20: ;   {runtime_call UncommonTrapBlob}
  0x000002135463dc20: c5f8 77e8 

  0x000002135463dc24: ; ImmutableOopMap {rbp=Oop [32]=Oop [64]=NarrowOop [68]=NarrowOop [80]=Oop [88]=NarrowOop [152]=NarrowOop [156]=NarrowOop [200]=Oop }
                      ;*invokeinterface ensureInitialization {reexecute=0 rethrow=0 return_oop=0}
                      ; - jdk.internal.loader.URLClassPath$JarLoader$2::getManifest@10
                      ; - java.net.URLClassLoader::defineClass@34
                      ; - java.net.URLClassLoader$1::run@43
  0x000002135463dc24: d8a0 00ff 

  0x000002135463dc28: ;   {other}
  0x000002135463dc28: 0f1f 8400 | 9863 005d | 4889 bc24 | 8000 0000 | 4489 5c24 | 7c44 8944 | 2478 4c89 | 5424 7044 
  0x000002135463dc48: 896c 246c | 448b 5424 | 4844 8954 | 2468 4c8b | 5424 404c | 8954 2460 | 4c8b 5424 | 284c 8954 
  0x000002135463dc68: 2458 448b | 9424 9c00 | 0000 4489 | 5424 4c44 | 8b9c 2498 | 0000 0044 | 895c 2448 | 4889 7424 
  0x000002135463dc88: 404c 8b54 | 2430 4c89 | 5424 2848 | 8b6c 2450 | 488b d74c | 8d84 24d0 | 0000 0090 

  0x000002135463dca4: ;   {runtime_call _complete_monitor_locking_Java}
  0x000002135463dca4: c5f8 77e8 

  0x000002135463dca8: ; ImmutableOopMap {rbp=Oop [40]=Oop [64]=Oop [72]=NarrowOop [76]=NarrowOop [88]=Oop [96]=Oop [108]=NarrowOop [112]=Oop [120]=NarrowOop [128]=Oop [200]=Oop }
                      ;*synchronization entry
                      ; - java.util.jar.JarFile::ensureInitialization@-1
                      ; - java.util.jar.JavaUtilJarAccessImpl::ensureInitialization@1
                      ; - jdk.internal.loader.URLClassPath$JarLoader$2::getManifest@10
                      ; - java.net.URLClassLoader::defineClass@34
                      ; - java.net.URLClassLoader$1::run@43
  0x000002135463dca8: d4c8 0dff 

  0x000002135463dcac: ;   {other}
  0x000002135463dcac: 0f1f 8400 | 1c64 005e | 4889 6c24 | 504c 8b54 | 2428 4c89 | 5424 3048 | 8b74 2440 | 448b 5424 
  0x000002135463dccc: 4844 8994 | 2498 0000 | 0044 8b5c | 244c 4489 | 9c24 9c00 | 0000 4c8b | 5424 584c | 8954 2428 
  0x000002135463dcec: 4c8b 5424 | 604c 8954 | 2440 448b | 5c24 6844 | 895c 2448 | 448b 6c24 | 6c4c 8b54 | 2470 448b 
  0x000002135463dd0c: 4424 7844 | 8b5c 247c | 488b bc24 | 8000 0000 | e9d2 b0ff | ff4c 8bdf | 4c89 5424 | 5844 896c 
  0x000002135463dd2c: 244c 488b | ee48 8b7c | 2420 498b | cb48 8d94 | 24d0 0000 | 004d 8bc7 | c5f8 7749 | ba80 42c7 
  0x000002135463dd4c: fcfb 7f00 | 0041 ffd2 

  0x000002135463dd54: ;   {other}
  0x000002135463dd54: 0f1f 8400 | 0000 0000 | 4889 7c24 | 2048 8bf5 | 448b 6c24 | 4c4c 8b54 | 2458 e938 | b1ff ffba 
  0x000002135463dd74: deff ffff | 4c8b 5c24 | 504c 895c | 2420 4889 | 7424 284c | 8b5c 2438 | 4c89 5c24 | 304c 8954 
  0x000002135463dd94: 2440 4489 | 6c24 4890 

  0x000002135463dd9c: ;   {runtime_call UncommonTrapBlob}
  0x000002135463dd9c: c5f8 77e8 

  0x000002135463dda0: ; ImmutableOopMap {rbp=NarrowOop [32]=Oop [40]=Oop [64]=Oop [72]=NarrowOop [152]=NarrowOop [156]=NarrowOop [200]=Oop }
                      ;*invokevirtual getManifest {reexecute=0 rethrow=0 return_oop=0}
                      ; - jdk.internal.loader.URLClassPath$JarLoader$2::getManifest@22
                      ; - java.net.URLClassLoader::defineClass@34
                      ; - java.net.URLClassLoader$1::run@43
  0x000002135463dda0: 5c9f 00ff 

  0x000002135463dda4: ;   {other}
  0x000002135463dda4: 0f1f 8400 | 1465 005f | bacc ffff | ff4c 8b5c | 2450 4c89 | 5c24 204c | 8b5c 2430 | 4c89 5c24 
  0x000002135463ddc4: 284c 8b5c | 2438 4c89 | 5c24 3044 | 8b9c 2480 | 0000 0044 | 895c 2444 | 4489 9424 | 8000 0000 
  0x000002135463dde4: 4489 8c24 | 8400 0000 | 898c 2490 | 0000 0090 

  0x000002135463ddf4: ;   {runtime_call UncommonTrapBlob}
  0x000002135463ddf4: c5f8 77e8 

  0x000002135463ddf8: ; ImmutableOopMap {[32]=Oop [40]=Oop [64]=NarrowOop [72]=Oop [96]=Oop [112]=Oop [128]=NarrowOop [132]=NarrowOop [152]=NarrowOop [156]=NarrowOop [160]=Oop }
                      ;*invokestatic arraycopy {reexecute=0 rethrow=0 return_oop=0}
                      ; - java.lang.String::getBytes@22
                      ; - java.lang.AbstractStringBuilder::putStringAt@15
                      ; - java.lang.AbstractStringBuilder::append@30
                      ; - java.lang.StringBuilder::append@2
                      ; - sun.net.util.URLUtil::urlNoFragString@45
                      ; - java.security.CodeSource::<init>@30
                      ; - java.net.URLClassLoader::defineClass@198
                      ; - java.net.URLClassLoader$1::run@43
  0x000002135463ddf8: 049f 00ff 

  0x000002135463ddfc: ;   {other}
  0x000002135463ddfc: 0f1f 8400 | 6c65 0060 | bacc ffff | ff4c 8b54 | 2450 4c89 | 5424 204c | 8b54 2430 | 4c89 5424 
  0x000002135463de1c: 284c 8b54 | 2438 4c89 | 5424 304c | 8b54 2460 | 4c89 5424 | 5848 895c | 2470 4889 | 5c24 7844 
  0x000002135463de3c: 89ac 2480 | 0000 0089 | bc24 8400 | 0000 4489 | 8424 8800 | 0000 4489 | 8c24 8c00 | 0000 6690 
  0x000002135463de5c: ;   {runtime_call UncommonTrapBlob}
  0x000002135463de5c: c5f8 77e8 

  0x000002135463de60: ; ImmutableOopMap {[32]=Oop [40]=Oop [72]=Oop [88]=Oop [96]=Oop [112]=Oop [120]=Oop [132]=NarrowOop [136]=NarrowOop [152]=NarrowOop [156]=NarrowOop [160]=Oop }
                      ;*invokestatic arraycopy {reexecute=0 rethrow=0 return_oop=0}
                      ; - java.lang.String::getBytes@22
                      ; - java.lang.AbstractStringBuilder::putStringAt@15
                      ; - java.lang.AbstractStringBuilder::append@30
                      ; - java.lang.StringBuilder::append@2
                      ; - sun.net.util.URLUtil::urlNoFragString@134
                      ; - java.security.CodeSource::<init>@30
                      ; - java.net.URLClassLoader::defineClass@198
                      ; - java.net.URLClassLoader$1::run@43
  0x000002135463de60: 9c9e 00ff 

  0x000002135463de64: ;   {other}
  0x000002135463de64: 0f1f 8400 | d465 0061 | bade ffff | ff4c 8974 | 2428 4c8b | 5424 384c | 8954 2430 | 448b 5424 
  0x000002135463de84: 4c44 8954 | 2440 6690 

  0x000002135463de8c: ;   {runtime_call UncommonTrapBlob}
  0x000002135463de8c: c5f8 77e8 

  0x000002135463de90: ; ImmutableOopMap {rbp=NarrowOop [40]=Oop [64]=NarrowOop [80]=Oop [152]=NarrowOop [156]=NarrowOop [160]=Oop }
                      ;*invokevirtual getCodeSigners {reexecute=0 rethrow=0 return_oop=0}
                      ; - jdk.internal.loader.URLClassPath$JarLoader$2::getCodeSigners@4
                      ; - java.net.URLClassLoader::defineClass@185
                      ; - java.net.URLClassLoader$1::run@43
  0x000002135463de90: 6c9e 00ff 

  0x000002135463de94: ;   {other}
  0x000002135463de94: 0f1f 8400 | 0466 0062 | ba45 ffff | ff48 8b6c | 2450 4c89 | 4c24 2044 | 8954 2428 

  0x000002135463deb0: ;   {runtime_call UncommonTrapBlob}
  0x000002135463deb0: c5f8 77e8 

  0x000002135463deb4: ; ImmutableOopMap {rbp=Oop [32]=Oop }
                      ;*iflt {reexecute=1 rethrow=0 return_oop=0}
                      ; - (reexecute) java.lang.StringConcatHelper::checkOverflow@2
                      ; - java.lang.StringConcatHelper::mix@23
                      ; - java.lang.StringConcatHelper::simpleConcat@46
                      ; - java.lang.String::concat@11
                      ; - java.net.URLClassLoader$1::run@13
  0x000002135463deb4: 489e 00ff 

  0x000002135463deb8: ;   {other}
  0x000002135463deb8: 0f1f 8400 | 2866 0063 | ba45 ffff | ff4c 894c | 2428 6690 

  0x000002135463decc: ;   {runtime_call UncommonTrapBlob}
  0x000002135463decc: c5f8 77e8 

  0x000002135463ded0: ; ImmutableOopMap {[40]=Oop [80]=Oop }
                      ;*iflt {reexecute=1 rethrow=0 return_oop=0}
                      ; - (reexecute) java.lang.StringConcatHelper::checkOverflow@2
                      ; - java.lang.StringConcatHelper::mix@23
                      ; - java.lang.StringConcatHelper::simpleConcat@54
                      ; - java.lang.String::concat@11
                      ; - java.net.URLClassLoader$1::run@13
  0x000002135463ded0: 2c9e 00ff 

  0x000002135463ded4: ;   {other}
  0x000002135463ded4: 0f1f 8400 | 4466 0064 | 488b 5424 | 2066 6690 

  0x000002135463dee4: ;   {optimized virtual_call}
  0x000002135463dee4: c5f8 77e8 

  0x000002135463dee8: ; ImmutableOopMap {rbp=Oop [32]=Oop [40]=Oop [48]=Oop [64]=Oop [76]=NarrowOop [80]=Oop [88]=Oop [96]=Oop [104]=Oop [112]=NarrowOop [116]=NarrowOop [120]=NarrowOop [152]=NarrowOop [156]=NarrowOop }
                      ;*invokevirtual length {reexecute=0 rethrow=0 return_oop=0}
                      ; - java.lang.String::indexOf@30
                      ; - java.lang.String::indexOf@3
                      ; - java.io.WinNTFileSystem::isInvalid@5
                      ; - java.io.File::isInvalid@13
                      ; - java.io.FileInputStream::<init>@54
                      ; - jdk.internal.loader.URLClassPath$FileLoader$1::getInputStream@8
                      ; - jdk.internal.loader.Resource::cachedInputStream@9
                      ; - jdk.internal.loader.Resource::getBytes@1
                      ; - java.net.URLClassLoader::defineClass@179
                      ; - java.net.URLClassLoader$1::run@43
  0x000002135463dee8: 940f 00ff 

  0x000002135463deec: ;   {other}
  0x000002135463deec: 0f1f 8400 | 5c66 0065 | 448b 5c24 | 7849 8bd3 | 4533 c045 | 33c9 8bf8 

  0x000002135463df04: ;   {static_call}
  0x000002135463df04: c5f8 77e8 

  0x000002135463df08: ; ImmutableOopMap {rbp=Oop [32]=Oop [40]=Oop [48]=Oop [64]=Oop [76]=NarrowOop [80]=Oop [88]=Oop [96]=Oop [104]=Oop [112]=NarrowOop [116]=NarrowOop [152]=NarrowOop [156]=NarrowOop }
                      ;*invokestatic indexOf {reexecute=0 rethrow=0 return_oop=0}
                      ; - java.lang.String::indexOf@33
                      ; - java.lang.String::indexOf@3
                      ; - java.io.WinNTFileSystem::isInvalid@5
                      ; - java.io.File::isInvalid@13
                      ; - java.io.FileInputStream::<init>@54
                      ; - jdk.internal.loader.URLClassPath$FileLoader$1::getInputStream@8
                      ; - jdk.internal.loader.Resource::cachedInputStream@9
                      ; - jdk.internal.loader.Resource::getBytes@1
                      ; - java.net.URLClassLoader::defineClass@179
                      ; - java.net.URLClassLoader$1::run@43
  0x000002135463df08: 7419 00ff 

  0x000002135463df0c: ;   {other}
  0x000002135463df0c: 0f1f 8400 | 7c66 0066 | 8944 2448 | e928 ccff | ffba 45ff | ffff 488b | 6c24 504c | 894c 2420 
  0x000002135463df2c: 4c89 4424 | 2889 4c24 | 3066 6690 

  0x000002135463df38: ;   {runtime_call UncommonTrapBlob}
  0x000002135463df38: c5f8 77e8 

  0x000002135463df3c: ; ImmutableOopMap {rbp=Oop [32]=Oop }
                      ;*ifge {reexecute=1 rethrow=0 return_oop=0}
                      ; - (reexecute) java.lang.StringConcatHelper::newArray@13
                      ; - java.lang.StringConcatHelper::simpleConcat@61
                      ; - java.lang.String::concat@11
                      ; - java.net.URLClassLoader$1::run@13
  0x000002135463df3c: c09d 00ff 

  0x000002135463df40: ;   {other}
  0x000002135463df40: 0f1f 8400 | b066 0067 | baf6 ffff | ff4c 8b54 | 2450 4c89 | 5424 2048 | 8974 2430 | 4489 6c24 
  0x000002135463df60: 484c 894c | 2450 6690 

  0x000002135463df68: ;   {runtime_call UncommonTrapBlob}
  0x000002135463df68: c5f8 77e8 

  0x000002135463df6c: ; ImmutableOopMap {rbp=NarrowOop [32]=Oop [48]=Oop [72]=NarrowOop [80]=Oop [152]=NarrowOop [156]=NarrowOop }
                      ;*invokevirtual getInputStream {reexecute=0 rethrow=0 return_oop=0}
                      ; - jdk.internal.loader.URLClassPath$JarLoader$2::getInputStream@11
                      ; - jdk.internal.loader.Resource::cachedInputStream@9
                      ; - jdk.internal.loader.Resource::getByteBuffer@1
                      ; - java.net.URLClassLoader::defineClass@132
                      ; - java.net.URLClassLoader$1::run@43
  0x000002135463df6c: 909d 00ff 

  0x000002135463df70: ;   {other}
  0x000002135463df70: 0f1f 8400 | e066 0068 | 8944 2430 | 4c89 4c24 | 7089 4c24 | 484c 895c | 2478 89bc | 2480 0000 
  0x000002135463df90: 0089 9c24 | 8400 0000 | 89b4 2488 | 0000 004c | 8994 2490 | 0000 0048 | 8994 24a0 | 0000 004c 
  0x000002135463dfb0: 8984 24a8 

  0x000002135463dfb4: ;   {metadata({type array byte})}
  0x000002135463dfb4: 0000 0048 | ba28 0a04 | 0001 0000 | 0044 8b84 | 2488 0000 | 0066 6690 

  0x000002135463dfcc: ;   {runtime_call _new_array_nozero_Java}
  0x000002135463dfcc: c5f8 77e8 

  0x000002135463dfd0: ; ImmutableOopMap {[40]=Oop [48]=NarrowOop [64]=Oop [76]=NarrowOop [80]=Oop [88]=Oop [96]=Oop [104]=Oop [112]=Oop [144]=Derived_oop_[112] [120]=Oop [152]=NarrowOop [156]=NarrowOop }
                      ;*newarray {reexecute=0 rethrow=0 return_oop=1}
                      ; - java.util.Arrays::copyOf@15
                      ; - jdk.internal.loader.Resource::getBytes@94
                      ; - java.net.URLClassLoader::defineClass@179
                      ; - java.net.URLClassLoader$1::run@43
  0x000002135463dfd0: 2c8f 0dff 

  0x000002135463dfd4: ;   {other}
  0x000002135463dfd4: 0f1f 8400 | 4467 0069 | 4c8b c0e9 | 39d1 ffff | 488b 5424 | 7866 6690 

  0x000002135463dfec: ;   {optimized virtual_call}
  0x000002135463dfec: c5f8 77e8 

  0x000002135463dff0: ; ImmutableOopMap {rbp=Oop [32]=Oop [40]=Oop [48]=Oop [64]=Oop [76]=NarrowOop [80]=Oop [92]=NarrowOop [96]=Oop [104]=Oop [112]=NarrowOop [116]=NarrowOop [120]=Oop [152]=NarrowOop [156]=NarrowOop }
                      ;*invokevirtual length {reexecute=0 rethrow=0 return_oop=0}
                      ; - java.lang.String::indexOf@30
                      ; - java.lang.String::indexOf@3
                      ; - java.io.WinNTFileSystem::isInvalid@5
                      ; - java.io.File::isInvalid@13
                      ; - java.io.FileInputStream::<init>@54
                      ; - jdk.internal.loader.URLClassPath$FileLoader$1::getInputStream@8
                      ; - jdk.internal.loader.Resource::cachedInputStream@9
                      ; - jdk.internal.loader.Resource::getByteBuffer@1
                      ; - java.net.URLClassLoader::defineClass@132
                      ; - java.net.URLClassLoader$1::run@43
  0x000002135463dff0: 8c0e 00ff 

  0x000002135463dff4: ;   {other}
  0x000002135463dff4: 0f1f 8400 | 6467 006a | 448b 5c24 | 7449 8bd3 | 4533 c045 | 33c9 8bf8 

  0x000002135463e00c: ;   {static_call}
  0x000002135463e00c: c5f8 77e8 

  0x000002135463e010: ; ImmutableOopMap {rbp=Oop [32]=Oop [40]=Oop [48]=Oop [64]=Oop [76]=NarrowOop [80]=Oop [92]=NarrowOop [96]=Oop [104]=Oop [112]=NarrowOop [120]=Oop [152]=NarrowOop [156]=NarrowOop }
                      ;*invokestatic indexOf {reexecute=0 rethrow=0 return_oop=0}
                      ; - java.lang.String::indexOf@33
                      ; - java.lang.String::indexOf@3
                      ; - java.io.WinNTFileSystem::isInvalid@5
                      ; - java.io.File::isInvalid@13
                      ; - java.io.FileInputStream::<init>@54
                      ; - jdk.internal.loader.URLClassPath$FileLoader$1::getInputStream@8
                      ; - jdk.internal.loader.Resource::cachedInputStream@9
                      ; - jdk.internal.loader.Resource::getByteBuffer@1
                      ; - java.net.URLClassLoader::defineClass@132
                      ; - java.net.URLClassLoader$1::run@43
  0x000002135463e010: 6c18 00ff 

  0x000002135463e014: ;   {other}
  0x000002135463e014: 0f1f 8400 | 8467 006b | 448b d0e9 | 78d6 ffff | 4963 dae9 | f4b7 ffff | 4883 c3fe | 488b cb48 
  0x000002135463e034: 8bfa 4833 | c048 83f9 | 087f 1048 | ffc9 7859 | 4889 04cf | 48ff c97d | f7eb 4ec5 | fdef c0e9 
  0x000002135463e054: 0d00 0000 | c5fe 7f07 | c5fe 7f47 | 2048 83c7 | 4048 83e9 | 087d ed48 | 83c1 047c | 0cc5 fe7f 
  0x000002135463e074: 0748 83c7 | 2048 83e9 | 0448 83c1 | 047e 1a48 | b8ff ffff | ffff ffff | ffc4 e2f0 | f5c0 c4e1 
  0x000002135463e094: fb92 f862 | f1fe 2f7f | 07e9 48b8 | ffff bacc | ffff ff48 | 8b6c 2450 | 4c8b 5c24 | 304c 895c 
  0x000002135463e0b4: 2420 4c8b | 5c24 384c | 895c 2428 | 4c8b 5c24 | 604c 895c | 2440 4889 | 7424 6844 | 8944 2470 
  0x000002135463e0d4: 4489 5424 | 7866 6690 

  0x000002135463e0dc: ;   {runtime_call UncommonTrapBlob}
  0x000002135463e0dc: c5f8 77e8 

  0x000002135463e0e0: ; ImmutableOopMap {rbp=Oop [32]=Oop [64]=Oop [72]=Oop [104]=Oop [112]=NarrowOop [152]=NarrowOop [156]=NarrowOop [160]=Oop }
                      ;*newarray {reexecute=1 rethrow=0 return_oop=0}
                      ; - (reexecute) java.util.Arrays::copyOfRangeByte@10
                      ; - java.util.Arrays::copyOfRange@13
                      ; - java.lang.String::<init>@32
                      ; - java.lang.String::<init>@3
                      ; - java.lang.StringBuilder::toString@5
                      ; - sun.net.util.URLUtil::urlNoFragString@139
                      ; - java.security.CodeSource::<init>@30
                      ; - java.net.URLClassLoader::defineClass@198
                      ; - java.net.URLClassLoader$1::run@43
  0x000002135463e0e0: 1c9c 00ff 

  0x000002135463e0e4: ;   {other}
  0x000002135463e0e4: 0f1f 8400 | 5468 006c | ba45 ffff | ff4c 8b5c | 2450 4c89 | 5c24 204c | 8b5c 2430 | 4c89 5c24 
  0x000002135463e104: 284c 8b5c | 2438 4c89 | 5c24 304c | 8b5c 2460 | 4c89 5c24 | 5844 8954 | 2468 4889 | 5c24 7090 
  0x000002135463e124: ;   {runtime_call UncommonTrapBlob}
  0x000002135463e124: c5f8 77e8 

  0x000002135463e128: ; ImmutableOopMap {[32]=Oop [40]=Oop [72]=Oop [88]=Oop [96]=Oop [104]=NarrowOop [112]=Oop [152]=NarrowOop [156]=NarrowOop [160]=Oop }
                      ;*if_icmpne {reexecute=1 rethrow=0 return_oop=0}
                      ; - (reexecute) sun.net.util.URLUtil::urlNoFragString@93
                      ; - java.security.CodeSource::<init>@30
                      ; - java.net.URLClassLoader::defineClass@198
                      ; - java.net.URLClassLoader$1::run@43
  0x000002135463e128: d49b 00ff 

  0x000002135463e12c: ;   {other}
  0x000002135463e12c: 0f1f 8400 | 9c68 006d | 498b d7c5 | f877 49ba | 60dd 85fc | fb7f 0000 

  0x000002135463e144: ;   {other}
  0x000002135463e144: 41ff d20f | 1f84 0000 | 0000 00e9 | e1b7 ffff | ba45 ffff | ff4c 8b5c | 2450 4c89 | 5c24 2048 
  0x000002135463e164: 8974 2430 | 4489 5424 | 4444 8954 | 2448 448b | 9c24 9c00 | 0000 4489 | 6c24 5444 | 895c 2458 
  0x000002135463e184: ;   {runtime_call UncommonTrapBlob}
  0x000002135463e184: c5f8 77e8 

  0x000002135463e188: ; ImmutableOopMap {[32]=Oop [48]=Oop [84]=NarrowOop [88]=NarrowOop [152]=NarrowOop [156]=NarrowOop }
                      ;*if_icmpgt {reexecute=1 rethrow=0 return_oop=0}
                      ; - (reexecute) jdk.internal.util.Preconditions::checkFromToIndex@6
                      ; - java.lang.String::checkBoundsBeginEnd@6
                      ; - java.lang.String::substring@8
                      ; - java.net.URLClassLoader::defineClass@28
                      ; - java.net.URLClassLoader$1::run@43
  0x000002135463e188: 749b 00ff 

  0x000002135463e18c: ;   {other}
  0x000002135463e18c: 0f1f 8400 | fc68 006e | 498b fb49 | 8bd7 c5f8 | 7749 ba60 | dd85 fcfb | 7f00 0041 

  0x000002135463e1a8: ;   {other}
  0x000002135463e1a8: ffd2 0f1f | 8400 0000 | 0000 4c8b | dfe9 3bb7 | ffff ba45 | ffff ff48 | 8b6c 2450 | 4c89 7424 
  0x000002135463e1c8: 204c 8b54 | 2438 4c89 | 5424 284c | 895c 2448 | 4889 5c24 | 5844 8944 | 2454 6690 

  0x000002135463e1e4: ;   {runtime_call UncommonTrapBlob}
  0x000002135463e1e4: c5f8 77e8 

  0x000002135463e1e8: ; ImmutableOopMap {rbp=Oop [32]=Oop [72]=Oop [84]=NarrowOop [88]=Oop [152]=NarrowOop [156]=NarrowOop [160]=Oop }
                      ;*ifnull {reexecute=1 rethrow=0 return_oop=0}
                      ; - (reexecute) java.security.CodeSource::<init>@25
                      ; - java.net.URLClassLoader::defineClass@198
                      ; - java.net.URLClassLoader$1::run@43
  0x000002135463e1e8: 149b 00ff 

  0x000002135463e1ec: ;   {other}
  0x000002135463e1ec: 0f1f 8400 | 5c69 006f | ba45 ffff | ff4c 8b54 | 2450 4c89 | 5424 204c | 8974 2428 | 4c8b 5424 
  0x000002135463e20c: 384c 8954 | 2430 4c89 | 5c24 5048 | 895c 2458 | 4c89 5c24 | 6044 8944 | 2468 4c89 | 4c24 7090 
  0x000002135463e22c: ;   {runtime_call UncommonTrapBlob}
  0x000002135463e22c: c5f8 77e8 

  0x000002135463e230: ; ImmutableOopMap {rbp=NarrowOop [32]=Oop [40]=Oop [80]=Oop [88]=Oop [96]=Oop [104]=NarrowOop [112]=Oop [152]=NarrowOop [156]=NarrowOop [160]=Oop }
                      ;*ifnull {reexecute=1 rethrow=0 return_oop=0}
                      ; - (reexecute) sun.net.util.URLUtil::urlNoFragString@14
                      ; - java.security.CodeSource::<init>@30
                      ; - java.net.URLClassLoader::defineClass@198
                      ; - java.net.URLClassLoader$1::run@43
  0x000002135463e230: cc9a 00ff 

  0x000002135463e234: ;   {other}
  0x000002135463e234: 0f1f 8400 | a469 0070 | ba45 ffff | ff4c 8b54 | 2450 4c89 | 5424 204c | 8b54 2430 | 4c89 5424 
  0x000002135463e254: 284c 896c | 2440 4c89 | 4424 4844 | 895c 2454 

  0x000002135463e264: ;   {runtime_call UncommonTrapBlob}
  0x000002135463e264: c5f8 77e8 

  0x000002135463e268: ; ImmutableOopMap {rbp=NarrowOop [32]=Oop [40]=Oop [64]=Oop [84]=NarrowOop [152]=NarrowOop [156]=NarrowOop [160]=Oop }
                      ;*ifnull {reexecute=1 rethrow=0 return_oop=0}
                      ; - (reexecute) java.nio.Buffer::session@4
                      ; - java.nio.DirectLongBufferU::get@4
                      ; - jdk.internal.perf.PerfCounter::get@5
                      ; - jdk.internal.perf.PerfCounter::add@1
                      ; - jdk.internal.perf.PerfCounter::addElapsedTimeFrom@6
                      ; - java.net.URLClassLoader::defineClass@207
                      ; - java.net.URLClassLoader$1::run@43
  0x000002135463e268: 949a 00ff 

  0x000002135463e26c: ;   {other}
  0x000002135463e26c: 0f1f 8400 | dc69 0071 | ba45 ffff | ff4c 8b5c | 2450 4c89 | 5c24 2048 | 8974 2430 | 4489 5424 
  0x000002135463e28c: 4444 8954 | 2448 448b | 9c24 9c00 | 0000 4489 | 6c24 5444 | 895c 2458 

  0x000002135463e2a4: ;   {runtime_call UncommonTrapBlob}
  0x000002135463e2a4: c5f8 77e8 

  0x000002135463e2a8: ; ImmutableOopMap {[32]=Oop [48]=Oop [84]=NarrowOop [88]=NarrowOop [152]=NarrowOop [156]=NarrowOop }
                      ;*if_icmple {reexecute=1 rethrow=0 return_oop=0}
                      ; - (reexecute) jdk.internal.util.Preconditions::checkFromToIndex@11
                      ; - java.lang.String::checkBoundsBeginEnd@6
                      ; - java.lang.String::substring@8
                      ; - java.net.URLClassLoader::defineClass@28
                      ; - java.net.URLClassLoader$1::run@43
  0x000002135463e2a8: 549a 00ff 

  0x000002135463e2ac: ;   {other}
  0x000002135463e2ac: 0f1f 8400 | 1c6a 0072 | 488b f544 | 8b56 1445 | 85d2 0f84 | 49e1 ffff | 4d8b 5f28 | 498b ca4d 
  0x000002135463e2cc: 85db 0f84 | 1c12 0000 | 4d8b 5738 | 4b89 4c1a | f849 83c3 | f84d 895f | 28e9 23e1 | ffff 33ed 
  0x000002135463e2ec: 4585 d240 | 0f95 c5ba | 45ff ffff | 4c8b 5424 | 504c 8954 | 2420 4c8b | 5424 584c | 8954 2430 
  0x000002135463e30c: 4889 4424 | 7866 6690 

  0x000002135463e314: ;   {runtime_call UncommonTrapBlob}
  0x000002135463e314: c5f8 77e8 

  0x000002135463e318: ; ImmutableOopMap {[32]=Oop [48]=Oop [76]=NarrowOop [96]=Oop [120]=Oop [152]=NarrowOop [156]=NarrowOop [200]=Oop }
                      ;*ifne {reexecute=1 rethrow=0 return_oop=0}
                      ; - (reexecute) java.lang.Package::isSealed@7
                      ; - java.net.URLClassLoader::getAndVerifyPackage@14
                      ; - java.net.URLClassLoader::defineClass@46
                      ; - java.net.URLClassLoader$1::run@43
  0x000002135463e318: e499 00ff 

  0x000002135463e31c: ;   {other}
  0x000002135463e31c: 0f1f 8400 | 8c6a 0073 | ba45 ffff | ff4c 8b54 | 2450 4c89 | 5424 204c | 8b54 2458 | 4c89 5424 
  0x000002135463e33c: 3048 8944 | 2478 6690 

  0x000002135463e344: ;   {runtime_call UncommonTrapBlob}
  0x000002135463e344: c5f8 77e8 

  0x000002135463e348: ; ImmutableOopMap {rbp=NarrowOop [32]=Oop [48]=Oop [76]=NarrowOop [96]=Oop [120]=Oop [152]=NarrowOop [156]=NarrowOop [200]=Oop }
                      ;*ifnull {reexecute=1 rethrow=0 return_oop=0}
                      ; - (reexecute) java.lang.Package::isSealed@17
                      ; - java.net.URLClassLoader::getAndVerifyPackage@14
                      ; - java.net.URLClassLoader::defineClass@46
                      ; - java.net.URLClassLoader$1::run@43
  0x000002135463e348: b499 00ff 

  0x000002135463e34c: ;   {other}
  0x000002135463e34c: 0f1f 8400 | bc6a 0074 | ba45 ffff | ff48 8b6c | 2450 4c8b | 5424 584c | 8954 2428 | 4c8b 5424 
  0x000002135463e36c: 384c 8954 | 2430 448b | 5c24 4c44 | 895c 2440 | 8944 2444 

  0x000002135463e380: ;   {runtime_call UncommonTrapBlob}
  0x000002135463e380: c5f8 77e8 

  0x000002135463e384: ; ImmutableOopMap {rbp=Oop [40]=Oop [64]=NarrowOop [96]=Oop [152]=NarrowOop [156]=NarrowOop [200]=Oop }
                      ;*ifeq {reexecute=1 rethrow=0 return_oop=0}
                      ; - (reexecute) java.net.URLClassLoader::getAndVerifyPackage@71
                      ; - java.net.URLClassLoader::defineClass@46
                      ; - java.net.URLClassLoader$1::run@43
  0x000002135463e384: 7899 00ff 

  0x000002135463e388: ;   {other}
  0x000002135463e388: 0f1f 8400 | f86a 0075 | 448b 5424 

  0x000002135463e394: ;   {metadata('java/util/jar/JarFile')}
  0x000002135463e394: 7c41 81fa | b80d 0020 | 0f85 4613 | 0000 488b | 9424 8000 | 0000 6690 

  0x000002135463e3ac: ;   {optimized virtual_call}
  0x000002135463e3ac: c5f8 77e8 

  0x000002135463e3b0: ; ImmutableOopMap {[40]=Oop [64]=NarrowOop [68]=NarrowOop [72]=Oop [80]=Oop [88]=Oop [96]=Oop [108]=NarrowOop [112]=Oop [120]=NarrowOop [128]=Oop [200]=Oop }
                      ;*invokevirtual getManifest {reexecute=0 rethrow=0 return_oop=1}
                      ; - java.util.jar.JarFile::maybeInstantiateVerifier@31
                      ; - java.util.jar.JarFile::ensureInitialization@1
                      ; - java.util.jar.JavaUtilJarAccessImpl::ensureInitialization@1
                      ; - jdk.internal.loader.URLClassPath$JarLoader$2::getManifest@10
                      ; - java.net.URLClassLoader::defineClass@34
                      ; - java.net.URLClassLoader$1::run@43
  0x000002135463e3b0: cc0a 00ff 

  0x000002135463e3b4: ;   {other}
  0x000002135463e3b4: 0f1f 8400 | 246b 0076 | 4c8b 5424 | 284c 8954 | 2430 488b | 7424 5844 | 8b54 2440 | 4489 9424 
  0x000002135463e3d4: 9800 0000 | 448b 5c24 | 4444 899c | 249c 0000 | 004c 8b54 | 2448 4c89 | 5424 284c | 8b54 2460 
  0x000002135463e3f4: 4c89 5424 | 4044 8b54 | 2468 4489 | 5424 4844 | 8b6c 246c | 4c8b 5424 | 7044 8b44 | 2478 488b 
  0x000002135463e414: bc24 8000 | 0000 e9e7 | a9ff ff44 | 8b5c 2448 | 458b 4308 

  0x000002135463e428: ;   {metadata('java/util/jar/JarFile')}
  0x000002135463e428: 4181 f8b8 | 0d00 200f | 850f 1300 | 0049 8bd1 

  0x000002135463e438: ;   {optimized virtual_call}
  0x000002135463e438: c5f8 77e8 

  0x000002135463e43c: ; ImmutableOopMap {[40]=Oop [48]=Oop [64]=Oop [76]=NarrowOop [80]=Oop [88]=Oop [152]=NarrowOop [156]=NarrowOop [160]=Oop }
                      ;*invokevirtual getManifest {reexecute=0 rethrow=0 return_oop=1}
                      ; - java.util.jar.JarFile::maybeInstantiateVerifier@31
                      ; - java.util.jar.JarFile$JarFileEntry::getCodeSigners@4
                      ; - jdk.internal.loader.URLClassPath$JarLoader$2::getCodeSigners@4
                      ; - java.net.URLClassLoader::defineClass@185
                      ; - java.net.URLClassLoader$1::run@43
  0x000002135463e43c: 400a 00ff 

  0x000002135463e440: ;   {other}
  0x000002135463e440: 0f1f 8400 | b06b 0077 | 4c8b 7424 | 3048 8b7c | 2420 488b | 7424 40e9 | e3ad ffff | 4963 d2e9 
  0x000002135463e460: cba7 ffff | 4883 c2fe | 488b ca49 | 8bf9 4833 | c048 83f9 | 087f 1048 | ffc9 7859 | 4889 04cf 
  0x000002135463e480: 48ff c97d | f7eb 4ec5 | fdef c0e9 | 0d00 0000 | c5fe 7f07 | c5fe 7f47 | 2048 83c7 | 4048 83e9 
  0x000002135463e4a0: 087d ed48 | 83c1 047c | 0cc5 fe7f | 0748 83c7 | 2048 83e9 | 0448 83c1 | 047e 1a48 | b8ff ffff 
  0x000002135463e4c0: ffff ffff | ffc4 e2f0 | f5c0 c4e1 | fb92 f862 | f1fe 2f7f | 07e9 20a8 | ffff bacc | ffff ff48 
  0x000002135463e4e0: 8b6c 2450 | 4889 7424 | 284c 8b5c | 2438 4c89 | 5c24 3044 | 8954 243c | 4489 6c24 | 4848 895c 
  0x000002135463e500: 2458 4489 | 4c24 4c90 

  0x000002135463e508: ;   {runtime_call UncommonTrapBlob}
  0x000002135463e508: c5f8 77e8 

  0x000002135463e50c: ; ImmutableOopMap {rbp=Oop [40]=Oop [72]=NarrowOop [76]=NarrowOop [88]=Oop [152]=NarrowOop [156]=NarrowOop }
                      ;*newarray {reexecute=1 rethrow=0 return_oop=0}
                      ; - (reexecute) java.util.Arrays::copyOfRangeByte@10
                      ; - java.util.Arrays::copyOfRange@13
                      ; - java.lang.StringLatin1::newString@16
                      ; - java.lang.String::substring@41
                      ; - java.net.URLClassLoader::defineClass@28
                      ; - java.net.URLClassLoader$1::run@43
  0x000002135463e50c: f097 00ff 

  0x000002135463e510: ;   {other}
  0x000002135463e510: 0f1f 8400 | 806c 0078 | 488b 7c24 | 4049 8bd7 | c5f8 7749 | ba60 dd85 | fcfb 7f00 | 0041 ffd2 
  0x000002135463e530: ;   {other}
  0x000002135463e530: 0f1f 8400 | 0000 0000 | e989 d6ff 

  0x000002135463e53c: ;   {metadata({type array byte})}
  0x000002135463e53c: ff8b e948 | ba28 0a04 | 0001 0000 | 0045 33c0 

  0x000002135463e54c: ;   {runtime_call _new_array_Java}
  0x000002135463e54c: c5f8 77e8 

  0x000002135463e550: ; ImmutableOopMap {[40]=Oop [48]=NarrowOop [64]=Oop [76]=NarrowOop [80]=Oop [88]=Oop [96]=Oop [104]=Oop [152]=NarrowOop [156]=NarrowOop }
                      ;*newarray {reexecute=0 rethrow=0 return_oop=1}
                      ; - jdk.internal.loader.Resource::getBytes@30
                      ; - java.net.URLClassLoader::defineClass@179
                      ; - java.net.URLClassLoader$1::run@43
  0x000002135463e550: ac86 0dff 

  0x000002135463e554: ;   {other}
  0x000002135463e554: 0f1f 8400 | c46c 0079 | 4c8b c88b | cde9 6dca | ffff 4c8b | 6c24 4845 | 8b55 1045 | 85d2 0f84 
  0x000002135463e574: 9cdc ffff | 4d8b 5f28 | 498b ca4d | 85db 0f84 | 880f 0000 | 4d8b 5738 | 4b89 4c1a | f849 83c3 
  0x000002135463e594: f84d 895f | 28e9 76dc | ffff 4c89 | 7424 6048 | 895c 2458 | 4489 6c24 | 4c48 8bee | 488b 7c24 
  0x000002135463e5b4: 2049 8bd7 | c5f8 7749 | ba60 dd85 | fcfb 7f00 | 0041 ffd2 

  0x000002135463e5c8: ;   {other}
  0x000002135463e5c8: 0f1f 8400 | 0000 0000 | 4889 7c24 | 2048 8bf5 | 448b 6c24 | 4c48 8b5c | 2458 4c8b | 7424 60e9 
  0x000002135463e5e8: 19a7 ffff | ba45 ffff | ff48 8b6c | 2450 4c8b | 5c24 304c | 895c 2420 | 4c8b 5c24 | 384c 895c 
  0x000002135463e608: 2428 4c8b | 5c24 604c | 895c 2440 | 4889 7424 | 6844 8944 | 2470 4489 | 5424 7844 | 8954 247c 
  0x000002135463e628: ;   {runtime_call UncommonTrapBlob}
  0x000002135463e628: c5f8 77e8 

  0x000002135463e62c: ; ImmutableOopMap {rbp=Oop [32]=Oop [64]=Oop [72]=Oop [104]=Oop [112]=NarrowOop [152]=NarrowOop [156]=NarrowOop [160]=Oop }
                      ;*if_icmpge {reexecute=1 rethrow=0 return_oop=0}
                      ; - (reexecute) java.util.Arrays::checkLength@2
                      ; - java.util.Arrays::copyOfRangeByte@2
                      ; - java.util.Arrays::copyOfRange@13
                      ; - java.lang.String::<init>@32
                      ; - java.lang.String::<init>@3
                      ; - java.lang.StringBuilder::toString@5
                      ; - sun.net.util.URLUtil::urlNoFragString@139
                      ; - java.security.CodeSource::<init>@30
                      ; - java.net.URLClassLoader::defineClass@198
                      ; - java.net.URLClassLoader$1::run@43
  0x000002135463e62c: d096 00ff 

  0x000002135463e630: ;   {other}
  0x000002135463e630: 0f1f 8400 | a06d 007a | 4889 7c24 

  0x000002135463e63c: ;   {metadata('java/io/FileInputStream')}
  0x000002135463e63c: 6048 bad8 | ee06 0001 | 0000 0090 

  0x000002135463e648: ;   {runtime_call _new_instance_Java}
  0x000002135463e648: c5f8 77e8 

  0x000002135463e64c: ; ImmutableOopMap {[40]=Oop [48]=Oop [64]=Oop [76]=NarrowOop [80]=Oop [88]=Oop [96]=Oop [152]=NarrowOop [156]=NarrowOop }
                      ;*new {reexecute=0 rethrow=0 return_oop=1}
                      ; - jdk.internal.loader.URLClassPath$FileLoader$1::getInputStream@0
                      ; - jdk.internal.loader.Resource::cachedInputStream@9
                      ; - jdk.internal.loader.Resource::getBytes@1
                      ; - java.net.URLClassLoader::defineClass@179
                      ; - java.net.URLClassLoader$1::run@43
  0x000002135463e64c: 303d 0dff 

  0x000002135463e650: ;   {other}
  0x000002135463e650: 0f1f 8400 | c06d 007b | 488b 7c24 | 60e9 38c3 | ffff 4489 | 4c24 2049 | 8bea 4889 

  0x000002135463e66c: ;   {metadata('java/lang/Object')}
  0x000002135463e66c: 7c24 6048 | ba48 1204 | 0001 0000 | 0066 6690 

  0x000002135463e67c: ;   {runtime_call _new_instance_Java}
  0x000002135463e67c: c5f8 77e8 

  0x000002135463e680: ; ImmutableOopMap {rbp=Oop [32]=NarrowOop [40]=Oop [48]=Oop [64]=Oop [76]=NarrowOop [80]=Oop [88]=Oop [96]=Oop [152]=NarrowOop [156]=NarrowOop }
                      ;*new {reexecute=0 rethrow=0 return_oop=1}
                      ; - java.io.FileInputStream::<init>@5
                      ; - jdk.internal.loader.URLClassPath$FileLoader$1::getInputStream@8
                      ; - jdk.internal.loader.Resource::cachedInputStream@9
                      ; - jdk.internal.loader.Resource::getBytes@1
                      ; - java.net.URLClassLoader::defineClass@179
                      ; - java.net.URLClassLoader$1::run@43
  0x000002135463e680: fc3c 0dff 

  0x000002135463e684: ;   {other}
  0x000002135463e684: 0f1f 8400 | f46d 007c | 488b 7c24 | 604c 8bd5 | 448b 4c24 | 20e9 3fc3 | ffff 4c89 | 4424 6844 
  0x000002135463e6a4: 895c 2420 | 498b ea48 | 897c 2460 

  0x000002135463e6b0: ;   {metadata('java/io/FileDescriptor')}
  0x000002135463e6b0: 48ba a0f1 | 0600 0100 | 0000 6690 

  0x000002135463e6bc: ;   {runtime_call _new_instance_Java}
  0x000002135463e6bc: c5f8 77e8 

  0x000002135463e6c0: ; ImmutableOopMap {rbp=Oop [32]=NarrowOop [40]=Oop [48]=Oop [64]=Oop [76]=NarrowOop [80]=Oop [88]=Oop [96]=Oop [104]=Oop [152]=NarrowOop [156]=NarrowOop }
                      ;*new {reexecute=0 rethrow=0 return_oop=1}
                      ; - java.io.FileInputStream::<init>@71
                      ; - jdk.internal.loader.URLClassPath$FileLoader$1::getInputStream@8
                      ; - jdk.internal.loader.Resource::cachedInputStream@9
                      ; - jdk.internal.loader.Resource::getBytes@1
                      ; - java.net.URLClassLoader::defineClass@179
                      ; - java.net.URLClassLoader$1::run@43
  0x000002135463e6c0: bc3c 0dff 

  0x000002135463e6c4: ;   {other}
  0x000002135463e6c4: 0f1f 8400 | 346e 007d | 488b 7c24 | 604c 8bd5 | 448b 5c24 | 204c 8b44 | 2468 488b | f0e9 15c5 
  0x000002135463e6e4: ;   {metadata('java/lang/Object')}
  0x000002135463e6e4: ffff 48ba | 4812 0400 | 0100 0000 

  0x000002135463e6f0: ;   {runtime_call _new_instance_Java}
  0x000002135463e6f0: c5f8 77e8 

  0x000002135463e6f4: ; ImmutableOopMap {rbp=NarrowOop [32]=Oop [40]=Oop [48]=Oop [64]=Oop [76]=NarrowOop [80]=Oop [96]=Oop [104]=Oop [152]=NarrowOop [156]=NarrowOop }
                      ;*new {reexecute=0 rethrow=0 return_oop=1}
                      ; - java.io.FileInputStream::<init>@5
                      ; - jdk.internal.loader.URLClassPath$FileLoader$1::getInputStream@8
                      ; - jdk.internal.loader.Resource::cachedInputStream@9
                      ; - jdk.internal.loader.Resource::getByteBuffer@1
                      ; - java.net.URLClassLoader::defineClass@132
                      ; - java.net.URLClassLoader$1::run@43
  0x000002135463e6f4: 883c 0dff 

  0x000002135463e6f8: ;   {other}
  0x000002135463e6f8: 0f1f 8400 | 686e 007e | e926 ceff | ff4c 894c | 2460 4489 | 5c24 5844 | 896c 244c | 4889 7c24 
  0x000002135463e718: 284c 8944 | 2420 4889 

  0x000002135463e720: ;   {metadata('java/io/FileInputStream')}
  0x000002135463e720: 7424 4048 | bad8 ee06 | 0001 0000 | 0066 6690 

  0x000002135463e730: ;   {runtime_call _new_instance_Java}
  0x000002135463e730: c5f8 77e8 

  0x000002135463e734: ; ImmutableOopMap {[32]=Oop [40]=Oop [48]=Oop [64]=Oop [76]=NarrowOop [80]=Oop [96]=Oop [152]=NarrowOop [156]=NarrowOop }
                      ;*new {reexecute=0 rethrow=0 return_oop=1}
                      ; - jdk.internal.loader.URLClassPath$FileLoader$1::getInputStream@0
                      ; - jdk.internal.loader.Resource::cachedInputStream@9
                      ; - jdk.internal.loader.Resource::getByteBuffer@1
                      ; - java.net.URLClassLoader::defineClass@132
                      ; - java.net.URLClassLoader$1::run@43
  0x000002135463e734: 483c 0dff 

  0x000002135463e738: ;   {other}
  0x000002135463e738: 0f1f 8400 | a86e 007f | e996 cdff 

  0x000002135463e744: ;   {metadata('java/io/FileDescriptor')}
  0x000002135463e744: ff48 baa0 | f106 0001 | 0000 0090 

  0x000002135463e750: ;   {runtime_call _new_instance_Java}
  0x000002135463e750: c5f8 77e8 

  0x000002135463e754: ; ImmutableOopMap {[32]=Oop [40]=Oop [48]=Oop [64]=Oop [76]=NarrowOop [80]=Oop [96]=Oop [104]=Oop [112]=NarrowOop [120]=Oop [152]=NarrowOop [156]=NarrowOop }
                      ;*new {reexecute=0 rethrow=0 return_oop=1}
                      ; - java.io.FileInputStream::<init>@71
                      ; - jdk.internal.loader.URLClassPath$FileLoader$1::getInputStream@8
                      ; - jdk.internal.loader.Resource::cachedInputStream@9
                      ; - jdk.internal.loader.Resource::getByteBuffer@1
                      ; - java.net.URLClassLoader::defineClass@132
                      ; - java.net.URLClassLoader$1::run@43
  0x000002135463e754: 283c 0dff 

  0x000002135463e758: ;   {other}
  0x000002135463e758: 0f1f 8400 | c86e 0080 | 4c8b d0e9 | d5cf ffff | 4d85 c90f | 85c1 ddff | ffeb 524d | 8b57 584d 
  0x000002135463e778: 8b5f 48f0 | 8344 24c0 | 0080 3900 | 7432 4488 | 214d 85db | 740f 4b89 | 4c1a f849 | 83c3 f84d 
  0x000002135463e798: 895f 48eb | 1b49 8bd7 | c5f8 7749 | ba40 dd85 | fcfb 7f00 | 0041 ffd2 

  0x000002135463e7b0: ;   {other}
  0x000002135463e7b0: 0f1f 8400 | 0000 0000 | 448b 5f5c | 4585 db0f | 856d ddff | ff4c 8b74 | 2430 488b | 7c24 20e9 
  0x000002135463e7d0: 88aa ffff | 488b 7c24 | 4044 8b57 | 5c45 85d2 | 0f84 09dd | ffff 4d8b | 5f28 498b | ca4d 85db 
  0x000002135463e7f0: 0f84 3a0d | 0000 4d8b | 5738 4b89 | 4c1a f849 | 83c3 f84d | 895f 28e9 | e3dc ffff | 498b fa49 
  0x000002135463e810: 8bd7 c5f8 | 7749 ba60 | dd85 fcfb | 7f00 0041 

  0x000002135463e820: ;   {other}
  0x000002135463e820: ffd2 0f1f | 8400 0000 | 0000 e973 | dfff ff49 | 8bd7 c5f8 | 7749 ba60 | dd85 fcfb | 7f00 0041 
  0x000002135463e840: ;   {other}
  0x000002135463e840: ffd2 0f1f | 8400 0000 | 0000 e9b8 | b5ff ff49 | 8bd7 c5f8 | 7749 ba60 | dd85 fcfb | 7f00 0041 
  0x000002135463e860: ;   {other}
  0x000002135463e860: ffd2 0f1f | 8400 0000 | 0000 e9a0 | b6ff ff4c | 894c 2460 | 4889 5424 | 4044 895c | 2430 488b 
  0x000002135463e880: ef4c 8974 

  0x000002135463e884: ;   {metadata('java/security/CodeSigner'[])}
  0x000002135463e884: 2420 48ba | 78c8 6700 | 0100 0000 

  0x000002135463e890: ;   {runtime_call _new_array_Java}
  0x000002135463e890: c5f8 77e8 

  0x000002135463e894: ; ImmutableOopMap {[32]=Oop [40]=Oop [48]=NarrowOop [64]=Oop [76]=NarrowOop [80]=Oop [88]=Oop [152]=NarrowOop [156]=NarrowOop [160]=Oop }
                      ;*invokevirtual clone {reexecute=1 rethrow=0 return_oop=1}
                      ; - (reexecute) java.util.jar.JarFile$JarFileEntry::getCodeSigners@70
                      ; - jdk.internal.loader.URLClassPath$JarLoader$2::getCodeSigners@4
                      ; - java.net.URLClassLoader::defineClass@185
                      ; - java.net.URLClassLoader$1::run@43
  0x000002135463e894: 6883 0dff 

  0x000002135463e898: ;   {other}
  0x000002135463e898: 0f1f 8400 | 0870 0081 | 4c8b 7424 | 2048 8bfd | 448b 5c24 | 3048 8b54 | 2440 4c8b | 4c24 60e9 
  0x000002135463e8b8: f2dc ffff | 498b e94c | 896c 2448 | 4c89 4424 

  0x000002135463e8c8: ;   {metadata('java/security/CodeSigner'[])}
  0x000002135463e8c8: 4048 ba78 | c867 0001 | 0000 0044 | 8bc3 6690 

  0x000002135463e8d8: ;   {runtime_call _new_array_Java}
  0x000002135463e8d8: c5f8 77e8 

  0x000002135463e8dc: ; ImmutableOopMap {[40]=Oop [48]=Oop [64]=Oop [72]=Oop [80]=Oop [88]=Oop [152]=NarrowOop [156]=NarrowOop [160]=Oop }
                      ;*invokevirtual clone {reexecute=1 rethrow=0 return_oop=1}
                      ; - (reexecute) java.security.CodeSource::<init>@42
                      ; - java.net.URLClassLoader::defineClass@198
                      ; - java.net.URLClassLoader$1::run@43
  0x000002135463e8dc: 2083 0dff 

  0x000002135463e8e0: ;   {other}
  0x000002135463e8e0: 0f1f 8400 | 5070 0082 | 488b f8e9 | ded8 ffff | 4c8b 5c24 | 204c 895c 

  0x000002135463e8f8: ;   {metadata('java/lang/String')}
  0x000002135463e8f8: 2428 48ba | b01e 0400 | 0100 0000 | 4c89 6c24 | 3866 6690 

  0x000002135463e90c: ;   {runtime_call _new_instance_Java}
  0x000002135463e90c: c5f8 77e8 

  0x000002135463e910: ; ImmutableOopMap {rbp=NarrowOop [48]=Oop [56]=Oop [80]=Oop }
                      ;*new {reexecute=0 rethrow=0 return_oop=1}
                      ; - java.lang.StringConcatHelper::newString@24
                      ; - java.lang.StringConcatHelper::simpleConcat@90
                      ; - java.lang.String::concat@11
                      ; - java.net.URLClassLoader$1::run@13
  0x000002135463e910: 6c3a 0dff 

  0x000002135463e914: ;   {other}
  0x000002135463e914: 0f1f 8400 | 8470 0083 | 4c8b 5424 | 284c 8954 | 2420 e9c0 | d9ff ff4c | 8944 2460 | 4489 6c24 
  0x000002135463e934: 4048 8974 | 2430 4889 | 7c24 2049 | 8bee 498b | d04c 8d84 | 24d0 0000 | 0066 6690 

  0x000002135463e950: ;   {runtime_call _complete_monitor_locking_Java}
  0x000002135463e950: c5f8 77e8 

  0x000002135463e954: ; ImmutableOopMap {rbp=Oop [40]=Oop [48]=Oop [64]=NarrowOop [76]=NarrowOop [80]=Oop [88]=Oop [96]=Oop [152]=NarrowOop [156]=NarrowOop [160]=Oop }
                      ;*monitorenter {reexecute=0 rethrow=0 return_oop=0}
                      ; - java.util.zip.ZipFile::getManifestName@3
                      ; - java.util.zip.ZipFile$1::getManifestName@2
                      ; - java.util.jar.JarFile::maybeInstantiateVerifier@20
                      ; - java.util.jar.JarFile$JarFileEntry::getCodeSigners@4
                      ; - jdk.internal.loader.URLClassPath$JarLoader$2::getCodeSigners@4
                      ; - java.net.URLClassLoader::defineClass@185
                      ; - java.net.URLClassLoader$1::run@43
  0x000002135463e954: 28bc 0dff 

  0x000002135463e958: ;   {other}
  0x000002135463e958: 0f1f 8400 | c870 0084 | 4c8b f548 | 8b7c 2420 | 488b 7424 | 3044 8b6c | 2440 4c8b | 4424 60e9 
  0x000002135463e978: 6ab8 ffff | 498b c848 | 8d94 24d0 | 0000 004d | 8bc7 c5f8 | 7749 ba80 | 42c7 fcfb | 7f00 0041 
  0x000002135463e998: ;   {other}
  0x000002135463e998: ffd2 0f1f | 8400 0000 | 0000 e971 | baff ffba | 45ff ffff | 4c8b 5c24 | 504c 895c | 2420 4889 
  0x000002135463e9b8: 7424 284c | 8b5c 2438 | 4c89 5c24 | 3044 896c | 2448 4c89 | 5424 5844 | 8944 2460 | 4489 4424 
  0x000002135463e9d8: 6466 6690 

  0x000002135463e9dc: ;   {runtime_call UncommonTrapBlob}
  0x000002135463e9dc: c5f8 77e8 

  0x000002135463e9e0: ; ImmutableOopMap {[32]=Oop [40]=Oop [72]=NarrowOop [88]=Oop [96]=NarrowOop [100]=NarrowOop [152]=NarrowOop [156]=NarrowOop [200]=Oop }
                      ;*ifeq {reexecute=1 rethrow=0 return_oop=0}
                      ; - (reexecute) java.util.zip.ZipFile::ensureOpen@4
                      ; - java.util.zip.ZipFile::getManifestName@5
                      ; - java.util.zip.ZipFile$1::getManifestName@2
                      ; - java.util.jar.JarFile::maybeInstantiateVerifier@20
                      ; - java.util.jar.JarFile::ensureInitialization@1
                      ; - java.util.jar.JavaUtilJarAccessImpl::ensureInitialization@1
                      ; - jdk.internal.loader.URLClassPath$JarLoader$2::getManifest@10
                      ; - java.net.URLClassLoader::defineClass@34
                      ; - java.net.URLClassLoader$1::run@43
  0x000002135463e9e0: 1c93 00ff 

  0x000002135463e9e4: ;   {other}
  0x000002135463e9e4: 0f1f 8400 | 5471 0085 | ba45 ffff | ff4c 8b54 | 2450 4c89 | 5424 204c | 8974 2428 | 4c8b 5424 
  0x000002135463ea04: 384c 8954 | 2430 448b | 5424 4c44 | 8954 2440 | 4889 7424 | 5044 896c | 2458 4489 | 6c24 5c90 
  0x000002135463ea24: ;   {runtime_call UncommonTrapBlob}
  0x000002135463ea24: c5f8 77e8 

  0x000002135463ea28: ; ImmutableOopMap {[32]=Oop [40]=Oop [64]=NarrowOop [80]=Oop [88]=NarrowOop [92]=NarrowOop [152]=NarrowOop [156]=NarrowOop [160]=Oop }
                      ;*ifeq {reexecute=1 rethrow=0 return_oop=0}
                      ; - (reexecute) java.util.zip.ZipFile::ensureOpen@4
                      ; - java.util.zip.ZipFile::getManifestName@5
                      ; - java.util.zip.ZipFile$1::getManifestName@2
                      ; - java.util.jar.JarFile::maybeInstantiateVerifier@20
                      ; - java.util.jar.JarFile$JarFileEntry::getCodeSigners@4
                      ; - jdk.internal.loader.URLClassPath$JarLoader$2::getCodeSigners@4
                      ; - java.net.URLClassLoader::defineClass@185
                      ; - java.net.URLClassLoader$1::run@43
  0x000002135463ea28: d492 00ff 

  0x000002135463ea2c: ;   {other}
  0x000002135463ea2c: 0f1f 8400 | 9c71 0086 | 4863 d6e9 | 0fc6 ffff | 4983 c2fe | 498b ca49 | 8bf9 4833 | c048 83f9 
  0x000002135463ea4c: 087f 1048 | ffc9 7859 | 4889 04cf | 48ff c97d | f7eb 4ec5 | fdef c0e9 | 0d00 0000 | c5fe 7f07 
  0x000002135463ea6c: c5fe 7f47 | 2048 83c7 | 4048 83e9 | 087d ed48 | 83c1 047c | 0cc5 fe7f | 0748 83c7 | 2048 83e9 
  0x000002135463ea8c: 0448 83c1 | 047e 1a48 | b8ff ffff | ffff ffff | ffc4 e2f0 | f5c0 c4e1 | fb92 f862 | f1fe 2f7f 
  0x000002135463eaac: 07e9 d2c6 | ffff bacc | ffff ff48 | 8b6c 2450 | 4c8b 5424 | 404c 8954 | 2420 4c8b | 5424 384c 
  0x000002135463eacc: 8954 2428 | 448b 5424 | 4c44 8954 | 243c 8944 | 2448 894c | 244c 897c | 2450 895c | 2454 4c89 
  0x000002135463eaec: 4c24 5889 | 7424 6490 

  0x000002135463eaf4: ;   {runtime_call UncommonTrapBlob}
  0x000002135463eaf4: c5f8 77e8 

  0x000002135463eaf8: ; ImmutableOopMap {rbp=Oop [32]=Oop [60]=NarrowOop [72]=NarrowOop [88]=Oop [104]=Oop [152]=NarrowOop [156]=NarrowOop }
                      ;*newarray {reexecute=1 rethrow=0 return_oop=0}
                      ; - (reexecute) java.util.Arrays::copyOf@15
                      ; - jdk.internal.loader.Resource::getBytes@94
                      ; - java.net.URLClassLoader::defineClass@179
                      ; - java.net.URLClassLoader$1::run@43
  0x000002135463eaf8: 0492 00ff 

  0x000002135463eafc: ;   {other}
  0x000002135463eafc: 0f1f 8400 | 6c72 0087 | bace ffff | ff48 895c | 2428 4489 | 4424 304c | 896c 2438 | 4489 5c24 
  0x000002135463eb1c: 3444 8954 | 2440 6690 

  0x000002135463eb24: ;   {runtime_call UncommonTrapBlob}
  0x000002135463eb24: c5f8 77e8 

  0x000002135463eb28: ; ImmutableOopMap {[48]=NarrowOop [56]=Oop [80]=Oop }
                      ;*invokestatic inflate {reexecute=0 rethrow=0 return_oop=0}
                      ; - java.lang.String::getBytes@40
                      ; - java.lang.StringConcatHelper::prepend@21
                      ; - java.lang.StringConcatHelper::simpleConcat@81
                      ; - java.lang.String::concat@11
                      ; - java.net.URLClassLoader$1::run@13
  0x000002135463eb28: d491 00ff 

  0x000002135463eb2c: ;   {other}
  0x000002135463eb2c: 0f1f 8400 | 9c72 0088 | ba45 ffff | ff4c 8b54 | 2450 4c89 | 5424 204c | 8974 2428 | 4c8b 5424 
  0x000002135463eb4c: 384c 8954 | 2430 4c89 | 5c24 5048 | 895c 2458 | 4c89 5c24 | 6044 8944 | 2468 4c89 | 4c24 7090 
  0x000002135463eb6c: ;   {runtime_call UncommonTrapBlob}
  0x000002135463eb6c: c5f8 77e8 

  0x000002135463eb70: ; ImmutableOopMap {rbp=NarrowOop [32]=Oop [40]=Oop [80]=Oop [88]=Oop [96]=Oop [104]=NarrowOop [112]=Oop [152]=NarrowOop [156]=NarrowOop [160]=Oop }
                      ;*if_acmpeq {reexecute=1 rethrow=0 return_oop=0}
                      ; - (reexecute) sun.net.util.URLUtil::urlNoFragString@26
                      ; - java.security.CodeSource::<init>@30
                      ; - java.net.URLClassLoader::defineClass@198
                      ; - java.net.URLClassLoader$1::run@43
  0x000002135463eb70: 8c91 00ff 

  0x000002135463eb74: ;   {other}
  0x000002135463eb74: 0f1f 8400 | e472 0089 | bac6 ffff | ff4c 8b54 | 2438 4c89 | 5424 284c | 8974 2430 | 448b 5424 
  0x000002135463eb94: 4c44 8954 | 2440 6690 

  0x000002135463eb9c: ;   {runtime_call UncommonTrapBlob}
  0x000002135463eb9c: c5f8 77e8 

  0x000002135463eba0: ; ImmutableOopMap {[48]=Oop [64]=NarrowOop [80]=Oop [152]=NarrowOop [156]=NarrowOop [160]=Oop }
                      ;*invokevirtual getCodeSigners {reexecute=0 rethrow=0 return_oop=0}
                      ; - java.net.URLClassLoader::defineClass@185
                      ; - java.net.URLClassLoader$1::run@43
  0x000002135463eba0: 5c91 00ff 

  0x000002135463eba4: ;   {other}
  0x000002135463eba4: 0f1f 8400 | 1473 008a | ba45 ffff | ff48 8b6c | 2450 4c8b | 5424 404c | 8954 2420 | 4c8b 5424 
  0x000002135463ebc4: 384c 8954 | 2428 4489 | 4424 5c90 

  0x000002135463ebd0: ;   {runtime_call UncommonTrapBlob}
  0x000002135463ebd0: c5f8 77e8 

  0x000002135463ebd4: ; ImmutableOopMap {rbp=Oop [32]=Oop [48]=NarrowOop [76]=NarrowOop [104]=Oop [136]=Oop [152]=NarrowOop [156]=NarrowOop }
                      ;*ifge {reexecute=1 rethrow=0 return_oop=0}
                      ; - (reexecute) jdk.internal.loader.Resource::getBytes@135
                      ; - java.net.URLClassLoader::defineClass@179
                      ; - java.net.URLClassLoader$1::run@43
  0x000002135463ebd4: 2891 00ff 

  0x000002135463ebd8: ;   {other}
  0x000002135463ebd8: 0f1f 8400 | 4873 008b | baf6 ffff | ff48 8b6c | 2450 4c8b | 5424 404c | 8954 2420 | 4c8b 5424 
  0x000002135463ebf8: 384c 8954 | 2428 448b | 4c24 4c44 | 894c 2440 | 4889 7c24 | 4844 895c | 2444 4489 | 4424 5090 
  0x000002135463ec18: ;   {runtime_call UncommonTrapBlob}
  0x000002135463ec18: c5f8 77e8 

  0x000002135463ec1c: ; ImmutableOopMap {rbp=Oop [32]=Oop [64]=NarrowOop [68]=NarrowOop [72]=Oop [152]=NarrowOop [156]=NarrowOop }
                      ;*invokevirtual length {reexecute=0 rethrow=0 return_oop=0}
                      ; - jdk.internal.loader.URLClassPath$FileLoader$1::getContentLength@4
                      ; - jdk.internal.loader.Resource::getBytes@10
                      ; - java.net.URLClassLoader::defineClass@179
                      ; - java.net.URLClassLoader$1::run@43
  0x000002135463ec1c: e090 00ff 

  0x000002135463ec20: ;   {other}
  0x000002135463ec20: 0f1f 8400 | 9073 008c | ba45 ffff | ff48 8b6c | 2450 4c8b | 5424 404c | 8954 2420 | 4c8b 5424 
  0x000002135463ec40: 384c 8954 | 2428 448b | 5424 4c44 | 8954 243c | 4c89 4c24 | 4889 4424 | 5089 4c24 | 5489 7c24 
  0x000002135463ec60: 5889 5c24 | 5c66 6690 

  0x000002135463ec68: ;   {runtime_call UncommonTrapBlob}
  0x000002135463ec68: c5f8 77e8 

  0x000002135463ec6c: ; ImmutableOopMap {rbp=Oop [32]=Oop [60]=NarrowOop [72]=Oop [80]=NarrowOop [104]=Oop [152]=NarrowOop [156]=NarrowOop }
                      ;*ifge {reexecute=1 rethrow=0 return_oop=0}
                      ; - (reexecute) jdk.internal.loader.Resource::getBytes@78
                      ; - java.net.URLClassLoader::defineClass@179
                      ; - java.net.URLClassLoader$1::run@43
  0x000002135463ec6c: 9090 00ff 

  0x000002135463ec70: ;   {other}
  0x000002135463ec70: 0f1f 8400 | e073 008d | bace ffff | ff48 8b6c | 2450 4c8b | 5424 304c | 8954 2420 | 4c8b 5424 
  0x000002135463ec90: 384c 8954 | 2428 4c8b | 5424 604c | 8954 2458 | 4489 9c24 | 8400 0000 | 4489 8c24 | 8800 0000 
  0x000002135463ecb0: 8984 248c | 0000 0090 

  0x000002135463ecb8: ;   {runtime_call UncommonTrapBlob}
  0x000002135463ecb8: c5f8 77e8 

  0x000002135463ecbc: ; ImmutableOopMap {rbp=Oop [32]=Oop [64]=NarrowOop [72]=Oop [88]=Oop [96]=Oop [112]=Oop [132]=NarrowOop [136]=NarrowOop [152]=NarrowOop [156]=NarrowOop [160]=Oop }
                      ;*invokestatic inflate {reexecute=0 rethrow=0 return_oop=0}
                      ; - java.lang.String::getBytes@40
                      ; - java.lang.AbstractStringBuilder::putStringAt@15
                      ; - java.lang.AbstractStringBuilder::append@30
                      ; - java.lang.StringBuilder::append@2
                      ; - sun.net.util.URLUtil::urlNoFragString@45
                      ; - java.security.CodeSource::<init>@30
                      ; - java.net.URLClassLoader::defineClass@198
                      ; - java.net.URLClassLoader$1::run@43
  0x000002135463ecbc: 4090 00ff 

  0x000002135463ecc0: ;   {other}
  0x000002135463ecc0: 0f1f 8400 | 3074 008e | bace ffff | ff48 8b6c | 2450 4c8b | 5424 304c | 8954 2420 | 4c8b 5424 
  0x000002135463ece0: 384c 8954 | 2428 4c8b | 5424 604c | 8954 2440 | 4889 5c24 | 6848 895c | 2470 4489 | 6c24 7889 
  0x000002135463ed00: 7c24 7c44 | 8984 2480 | 0000 0044 | 899c 2484 | 0000 0044 | 898c 2488 | 0000 0090 

  0x000002135463ed1c: ;   {runtime_call UncommonTrapBlob}
  0x000002135463ed1c: c5f8 77e8 

  0x000002135463ed20: ; ImmutableOopMap {rbp=Oop [32]=Oop [64]=Oop [72]=Oop [104]=Oop [112]=Oop [124]=NarrowOop [128]=NarrowOop [152]=NarrowOop [156]=NarrowOop [160]=Oop }
                      ;*invokestatic inflate {reexecute=0 rethrow=0 return_oop=0}
                      ; - java.lang.String::getBytes@40
                      ; - java.lang.AbstractStringBuilder::putStringAt@15
                      ; - java.lang.AbstractStringBuilder::append@30
                      ; - java.lang.StringBuilder::append@2
                      ; - sun.net.util.URLUtil::urlNoFragString@134
                      ; - java.security.CodeSource::<init>@30
                      ; - java.net.URLClassLoader::defineClass@198
                      ; - java.net.URLClassLoader$1::run@43
  0x000002135463ed20: dc8f 00ff 

  0x000002135463ed24: ;   {other}
  0x000002135463ed24: 0f1f 8400 | 9474 008f | bac6 ffff | ff4c 8b54 | 2440 4c89 | 5424 204c | 8b54 2438 | 4c89 5424 
  0x000002135463ed44: 3066 6690 

  0x000002135463ed48: ;   {runtime_call UncommonTrapBlob}
  0x000002135463ed48: c5f8 77e8 

  0x000002135463ed4c: ; ImmutableOopMap {[32]=Oop [76]=NarrowOop [80]=Oop [152]=NarrowOop [156]=NarrowOop }
                      ;*invokevirtual getBytes {reexecute=0 rethrow=0 return_oop=0}
                      ; - java.net.URLClassLoader::defineClass@179
                      ; - java.net.URLClassLoader$1::run@43
  0x000002135463ed4c: b08f 00ff 

  0x000002135463ed50: ;   {other}
  0x000002135463ed50: 0f1f 8400 | c074 0090 | 488b ef48 | 8bd7 4c8d | 8424 d000 | 0000 6690 

  0x000002135463ed68: ;   {runtime_call _complete_monitor_locking_Java}
  0x000002135463ed68: c5f8 77e8 

  0x000002135463ed6c: ; ImmutableOopMap {rbp=Oop [40]=Oop [48]=Oop [64]=Oop [76]=NarrowOop [80]=Oop [88]=Oop [152]=NarrowOop [156]=NarrowOop }
                      ;*synchronization entry
                      ; - jdk.internal.loader.Resource::cachedInputStream@-1
                      ; - jdk.internal.loader.Resource::getBytes@1
                      ; - java.net.URLClassLoader::defineClass@179
                      ; - java.net.URLClassLoader$1::run@43
  0x000002135463ed6c: 10b8 0dff 

  0x000002135463ed70: ;   {other}
  0x000002135463ed70: 0f1f 8400 | e074 0091 | 488b fde9 | c0bb ffff | 418b eb48 | 8bcf 488d | 9424 d000 | 0000 4d8b 
  0x000002135463ed90: c7c5 f877 | 49ba 8042 | c7fc fb7f | 0000 41ff 

  0x000002135463eda0: ;   {other}
  0x000002135463eda0: d20f 1f84 | 0000 0000 | 0044 8bdd | e96f c1ff | ffba c6ff | ffff 4889 | 7424 284c | 8b5c 2438 
  0x000002135463edc0: 4c89 5c24 | 3044 8954 | 2438 4889 | 7424 4090 

  0x000002135463edd0: ;   {runtime_call UncommonTrapBlob}
  0x000002135463edd0: c5f8 77e8 

  0x000002135463edd4: ; ImmutableOopMap {[40]=Oop [64]=Oop [80]=Oop [152]=NarrowOop [156]=NarrowOop }
                      ;*invokevirtual getCodeSourceURL {reexecute=0 rethrow=0 return_oop=0}
                      ; - java.net.URLClassLoader::defineClass@13
                      ; - java.net.URLClassLoader$1::run@43
  0x000002135463edd4: 288f 00ff 

  0x000002135463edd8: ;   {other}
  0x000002135463edd8: 0f1f 8400 | 4875 0092 | ba45 ffff | ff4c 8b44 | 2450 4c89 | 4424 204c | 8b44 2440 | 4c89 4424 
  0x000002135463edf8: 284c 8b44 | 2438 4c89 | 4424 3044 | 8b44 244c | 4489 4424 | 4848 897c | 2450 4889 | 7c24 584c 
  0x000002135463ee18: 8954 2478 | 4c89 9424 | 8000 0000 | 4489 5c24 | 4c66 6690 

  0x000002135463ee2c: ;   {runtime_call UncommonTrapBlob}
  0x000002135463ee2c: c5f8 77e8 

  0x000002135463ee30: ; ImmutableOopMap {rbp=Oop [32]=Oop [40]=Oop [72]=NarrowOop [76]=NarrowOop [80]=Oop [88]=Oop [120]=Oop [128]=Oop [152]=NarrowOop [156]=NarrowOop }
                      ;*ifeq {reexecute=1 rethrow=0 return_oop=0}
                      ; - (reexecute) jdk.internal.misc.Blocker::begin@14
                      ; - java.io.FileInputStream::open@0
                      ; - java.io.FileInputStream::<init>@96
                      ; - jdk.internal.loader.URLClassPath$FileLoader$1::getInputStream@8
                      ; - jdk.internal.loader.Resource::cachedInputStream@9
                      ; - jdk.internal.loader.Resource::getBytes@1
                      ; - java.net.URLClassLoader::defineClass@179
                      ; - java.net.URLClassLoader$1::run@43
  0x000002135463ee30: cc8e 00ff 

  0x000002135463ee34: ;   {other}
  0x000002135463ee34: 0f1f 8400 | a475 0093 | 4889 7424 | 684c 8944 | 2460 4489 | 5c24 484c | 8954 2420 | 488b ef48 
  0x000002135463ee54: 8bd6 4c8d | 8424 d800 | 0000 6690 

  0x000002135463ee60: ;   {runtime_call _complete_monitor_locking_Java}
  0x000002135463ee60: c5f8 77e8 

  0x000002135463ee64: ; ImmutableOopMap {rbp=Oop [32]=Oop [40]=Oop [48]=Oop [64]=Oop [72]=NarrowOop [76]=NarrowOop [80]=Oop [88]=Oop [96]=Oop [104]=Oop [152]=NarrowOop [156]=NarrowOop }
                      ;*synchronization entry
                      ; - java.io.FileDescriptor::attach@-1
                      ; - java.io.FileInputStream::<init>@86
                      ; - jdk.internal.loader.URLClassPath$FileLoader$1::getInputStream@8
                      ; - jdk.internal.loader.Resource::cachedInputStream@9
                      ; - jdk.internal.loader.Resource::getBytes@1
                      ; - java.net.URLClassLoader::defineClass@179
                      ; - java.net.URLClassLoader$1::run@43
  0x000002135463ee64: 18b7 0dff 

  0x000002135463ee68: ;   {other}
  0x000002135463ee68: 0f1f 8400 | d875 0094 | 488b fd4c | 8b54 2420 | 448b 5c24 | 484c 8b44 | 2460 488b | 7424 68e9 
  0x000002135463ee88: 27be ffff | 488b ce4d | 8be8 458b | f349 8bea | 418b f148 | 8d94 24d8 | 0000 004d | 8bc7 c5f8 
  0x000002135463eea8: 7749 ba80 | 42c7 fcfb | 7f00 0041 

  0x000002135463eeb4: ;   {other}
  0x000002135463eeb4: ffd2 0f1f | 8400 0000 | 0000 448b | ce4c 8bd5 | 458b de4d | 8bc5 e9c6 | beff ffba | 45ff ffff 
  0x000002135463eed4: 4c8b 5424 | 504c 8954 | 2420 4c8b | 5424 404c | 8954 2430 | 448b 5c24 | 4c44 895c | 2448 6690 
  0x000002135463eef4: ;   {runtime_call UncommonTrapBlob}
  0x000002135463eef4: c5f8 77e8 

  0x000002135463eef8: ; ImmutableOopMap {rbp=Oop [32]=Oop [48]=Oop [72]=NarrowOop [96]=Oop [104]=Oop [112]=NarrowOop [152]=NarrowOop [156]=NarrowOop }
                      ;*ifeq {reexecute=1 rethrow=0 return_oop=0}
                      ; - (reexecute) jdk.internal.misc.Blocker::begin@14
                      ; - java.io.FileInputStream::open@0
                      ; - java.io.FileInputStream::<init>@96
                      ; - jdk.internal.loader.URLClassPath$FileLoader$1::getInputStream@8
                      ; - jdk.internal.loader.Resource::cachedInputStream@9
                      ; - jdk.internal.loader.Resource::getByteBuffer@1
                      ; - java.net.URLClassLoader::defineClass@132
                      ; - java.net.URLClassLoader$1::run@43
  0x000002135463eef8: 048e 00ff 

  0x000002135463eefc: ;   {other}
  0x000002135463eefc: 0f1f 8400 | 6c76 0095 | bac6 ffff | ff48 8b6c | 2450 4889 | 7424 284c | 8b54 2438 | 4c89 5424 
  0x000002135463ef1c: 3048 8974 | 2438 4489 | 6c24 6090 

  0x000002135463ef28: ;   {runtime_call UncommonTrapBlob}
  0x000002135463ef28: c5f8 77e8 

  0x000002135463ef2c: ; ImmutableOopMap {rbp=Oop [40]=Oop [56]=Oop [96]=NarrowOop [152]=NarrowOop [156]=NarrowOop }
                      ;*invokevirtual getInputStream {reexecute=0 rethrow=0 return_oop=0}
                      ; - jdk.internal.loader.Resource::cachedInputStream@9
                      ; - jdk.internal.loader.Resource::getByteBuffer@1
                      ; - java.net.URLClassLoader::defineClass@132
                      ; - java.net.URLClassLoader$1::run@43
  0x000002135463ef2c: d08d 00ff 

  0x000002135463ef30: ;   {other}
  0x000002135463ef30: 0f1f 8400 | a076 0096 | 488b d54c | 8d84 24d8 | 0000 0090 

  0x000002135463ef44: ;   {runtime_call _complete_monitor_locking_Java}
  0x000002135463ef44: c5f8 77e8 

  0x000002135463ef48: ; ImmutableOopMap {rbp=Oop [32]=Oop [40]=Oop [48]=Oop [64]=Oop [76]=NarrowOop [80]=Oop [96]=Oop [104]=Oop [112]=NarrowOop [120]=Oop [152]=NarrowOop [156]=NarrowOop }
                      ;*synchronization entry
                      ; - java.io.FileDescriptor::attach@-1
                      ; - java.io.FileInputStream::<init>@86
                      ; - jdk.internal.loader.URLClassPath$FileLoader$1::getInputStream@8
                      ; - jdk.internal.loader.Resource::cachedInputStream@9
                      ; - jdk.internal.loader.Resource::getByteBuffer@1
                      ; - java.net.URLClassLoader::defineClass@132
                      ; - java.net.URLClassLoader$1::run@43
  0x000002135463ef48: 34b6 0dff 

  0x000002135463ef4c: ;   {other}
  0x000002135463ef4c: 0f1f 8400 | bc76 0097 | e9b1 c8ff | ff49 8bcb | 488d 9424 | d800 0000 | 4d8b c7c5 | f877 49ba 
  0x000002135463ef6c: 8042 c7fc | fb7f 0000 

  0x000002135463ef74: ;   {other}
  0x000002135463ef74: 41ff d20f | 1f84 0000 | 0000 00e9 | 7ac9 ffff | bace ffff | ff48 8b6c | 2450 4c8b | 5424 404c 
  0x000002135463ef94: 8954 2420 | 4c8b 5424 | 384c 8954 | 2428 448b | 5424 4c44 | 8954 2440 | 4889 7c24 | 4848 897c 
  0x000002135463efb4: 2450 448b | 5424 7444 | 8954 2444 | 4489 4c24 | 7c66 6690 

  0x000002135463efc8: ;   {runtime_call UncommonTrapBlob}
  0x000002135463efc8: c5f8 77e8 

  0x000002135463efcc: ; ImmutableOopMap {rbp=Oop [32]=Oop [64]=NarrowOop [68]=NarrowOop [72]=Oop [80]=Oop [104]=Oop [112]=NarrowOop [120]=NarrowOop [152]=NarrowOop [156]=NarrowOop }
                      ;*invokestatic indexOfChar {reexecute=0 rethrow=0 return_oop=0}
                      ; - java.lang.StringLatin1::indexOf@33
                      ; - java.lang.String::indexOf@17
                      ; - java.lang.String::indexOf@3
                      ; - java.io.WinNTFileSystem::isInvalid@5
                      ; - java.io.File::isInvalid@13
                      ; - java.io.FileInputStream::<init>@54
                      ; - jdk.internal.loader.URLClassPath$FileLoader$1::getInputStream@8
                      ; - jdk.internal.loader.Resource::cachedInputStream@9
                      ; - jdk.internal.loader.Resource::getBytes@1
                      ; - java.net.URLClassLoader::defineClass@179
                      ; - java.net.URLClassLoader$1::run@43
  0x000002135463efcc: 308d 00ff 

  0x000002135463efd0: ;   {other}
  0x000002135463efd0: 0f1f 8400 | 4077 0098 | bace ffff | ff48 8b6c | 2450 4c8b | 5424 404c | 8954 2428 | 4c8b 5424 
  0x000002135463eff0: 384c 8954 | 2430 448b | 5c24 4c44 | 895c 2440 | 448b 5c24 | 7044 895c | 2444 448b | 5c24 7444 
  0x000002135463f010: 895c 2470 | 4489 4424 | 7466 6690 

  0x000002135463f01c: ;   {runtime_call UncommonTrapBlob}
  0x000002135463f01c: c5f8 77e8 

  0x000002135463f020: ; ImmutableOopMap {rbp=Oop [40]=Oop [64]=NarrowOop [68]=NarrowOop [92]=NarrowOop [96]=Oop [104]=Oop [112]=NarrowOop [152]=NarrowOop [156]=NarrowOop }
                      ;*invokestatic indexOfChar {reexecute=0 rethrow=0 return_oop=0}
                      ; - java.lang.StringLatin1::indexOf@33
                      ; - java.lang.String::indexOf@17
                      ; - java.lang.String::indexOf@3
                      ; - java.io.WinNTFileSystem::isInvalid@5
                      ; - java.io.File::isInvalid@13
                      ; - java.io.FileInputStream::<init>@54
                      ; - jdk.internal.loader.URLClassPath$FileLoader$1::getInputStream@8
                      ; - jdk.internal.loader.Resource::cachedInputStream@9
                      ; - jdk.internal.loader.Resource::getByteBuffer@1
                      ; - java.net.URLClassLoader::defineClass@132
                      ; - java.net.URLClassLoader$1::run@43
  0x000002135463f020: dc8c 00ff 

  0x000002135463f024: ;   {other}
  0x000002135463f024: 0f1f 8400 | 9477 0099 | bac6 ffff | ff48 8b6c | 2450 4889 | 7424 284c | 8b54 2438 | 4c89 5424 
  0x000002135463f044: 3048 8974 | 2438 4489 | 6c24 4890 

  0x000002135463f050: ;   {runtime_call UncommonTrapBlob}
  0x000002135463f050: c5f8 77e8 

  0x000002135463f054: ; ImmutableOopMap {rbp=Oop [40]=Oop [56]=Oop [72]=NarrowOop [152]=NarrowOop [156]=NarrowOop [200]=Oop }
                      ;*invokevirtual getManifest {reexecute=0 rethrow=0 return_oop=0}
                      ; - java.net.URLClassLoader::defineClass@34
                      ; - java.net.URLClassLoader$1::run@43
  0x000002135463f054: a88c 00ff 

  0x000002135463f058: ;   {other}
  0x000002135463f058: 0f1f 8400 | c877 009a | ba45 ffff | ff48 8b6c | 2450 4c8b | 5424 404c | 8954 2420 | 4c8b 5424 
  0x000002135463f078: 384c 8954 | 2428 448b | 5424 4c44 | 8954 2448 | 4c89 4c24 | 5089 4c24 | 4c66 6690 

  0x000002135463f094: ;   {runtime_call UncommonTrapBlob}
  0x000002135463f094: c5f8 77e8 

  0x000002135463f098: ; ImmutableOopMap {rbp=Oop [32]=Oop [48]=NarrowOop [72]=NarrowOop [80]=Oop [104]=Oop [152]=NarrowOop [156]=NarrowOop }
                      ;*if_icmpne {reexecute=1 rethrow=0 return_oop=0}
                      ; - (reexecute) jdk.internal.loader.Resource::getBytes@36
                      ; - java.net.URLClassLoader::defineClass@179
                      ; - java.net.URLClassLoader$1::run@43
  0x000002135463f098: 648c 00ff 

  0x000002135463f09c: ;   {other}
  0x000002135463f09c: 0f1f 8400 | 0c78 009b | 41bb 0100 | 0000 ba45 | ffff ff4c | 8b54 2440 | 4c89 5424 | 284c 8b54 
  0x000002135463f0bc: 2438 4c89 | 5424 3044 | 8b54 244c | 4489 5424 | 4844 895c | 244c 6690 

  0x000002135463f0d4: ;   {runtime_call UncommonTrapBlob}
  0x000002135463f0d4: c5f8 77e8 

  0x000002135463f0d8: ; ImmutableOopMap {rbp=Oop [40]=Oop [72]=NarrowOop [80]=Oop [104]=Oop [152]=NarrowOop [156]=NarrowOop }
                      ;*ifeq {reexecute=1 rethrow=0 return_oop=0}
                      ; - (reexecute) jdk.internal.loader.Resource::getBytes@199
                      ; - java.net.URLClassLoader::defineClass@179
                      ; - java.net.URLClassLoader$1::run@43
  0x000002135463f0d8: 248c 00ff 

  0x000002135463f0dc: ;   {other}
  0x000002135463f0dc: 0f1f 8400 | 4c78 009c | ba45 ffff | ff4c 8b44 | 2450 4c89 | 4424 204c | 8b44 2440 | 4c89 4424 
  0x000002135463f0fc: 284c 8b44 | 2438 4c89 | 4424 3044 | 8b44 244c | 4489 4424 | 4848 897c | 2450 4889 | 7c24 584c 
  0x000002135463f11c: 8954 2478 | 4489 5c24 | 4c4c 8994 | 2488 0000 | 0048 89b4 | 2490 0000 | 0066 6690 

  0x000002135463f138: ;   {runtime_call UncommonTrapBlob}
  0x000002135463f138: c5f8 77e8 

  0x000002135463f13c: ; ImmutableOopMap {rbp=NarrowOop [32]=Oop [40]=Oop [72]=NarrowOop [76]=NarrowOop [80]=Oop [88]=Oop [120]=Oop [136]=Oop [144]=Oop [152]=NarrowOop [156]=NarrowOop }
                      ;*ifnonnull {reexecute=1 rethrow=0 return_oop=0}
                      ; - (reexecute) java.io.FileDescriptor::attach@4
                      ; - java.io.FileInputStream::<init>@86
                      ; - jdk.internal.loader.URLClassPath$FileLoader$1::getInputStream@8
                      ; - jdk.internal.loader.Resource::cachedInputStream@9
                      ; - jdk.internal.loader.Resource::getBytes@1
                      ; - java.net.URLClassLoader::defineClass@179
                      ; - java.net.URLClassLoader$1::run@43
  0x000002135463f13c: c08b 00ff 

  0x000002135463f140: ;   {other}
  0x000002135463f140: 0f1f 8400 | b078 009d | ba45 ffff | ff4c 8b44 | 2450 4c89 | 4424 204c | 8b44 2440 | 4c89 4424 
  0x000002135463f160: 284c 8b44 | 2438 4c89 | 4424 3044 | 8b44 244c | 4489 4424 | 4848 897c | 2450 4889 | 7c24 584c 
  0x000002135463f180: 8954 2478 | 4c89 9424 | 8000 0000 | 4489 5c24 | 4c66 6690 

  0x000002135463f194: ;   {runtime_call UncommonTrapBlob}
  0x000002135463f194: c5f8 77e8 

  0x000002135463f198: ; ImmutableOopMap {[32]=Oop [40]=Oop [72]=NarrowOop [76]=NarrowOop [80]=Oop [88]=Oop [120]=Oop [128]=Oop [152]=NarrowOop [156]=NarrowOop }
                      ;*if_icmplt {reexecute=1 rethrow=0 return_oop=0}
                      ; - (reexecute) jdk.internal.misc.VM::isBooted@4
                      ; - jdk.internal.misc.Blocker::begin@0
                      ; - java.io.FileInputStream::open@0
                      ; - java.io.FileInputStream::<init>@96
                      ; - jdk.internal.loader.URLClassPath$FileLoader$1::getInputStream@8
                      ; - jdk.internal.loader.Resource::cachedInputStream@9
                      ; - jdk.internal.loader.Resource::getBytes@1
                      ; - java.net.URLClassLoader::defineClass@179
                      ; - java.net.URLClassLoader$1::run@43
  0x000002135463f198: 648b 00ff 

  0x000002135463f19c: ;   {other}
  0x000002135463f19c: 0f1f 8400 | 0c79 009e | 4c8b f64d | 8be8 418b | eb49 8bf2 | 498b d7c5 | f877 49ba | 60dd 85fc 
  0x000002135463f1bc: fb7f 0000 

  0x000002135463f1c0: ;   {other}
  0x000002135463f1c0: 41ff d20f | 1f84 0000 | 0000 004c | 8bd6 448b | dd4d 8bc5 | 498b f6e9 | 39ba ffff | 4c8b f64d 
  0x000002135463f1e0: 8be8 418b | eb49 8bf2 | 498b d7c5 | f877 49ba | 60dd 85fc | fb7f 0000 

  0x000002135463f1f8: ;   {other}
  0x000002135463f1f8: 41ff d20f | 1f84 0000 | 0000 004c | 8bd6 448b | dd4d 8bc5 | 498b f6e9 | b5ba ffff | 4d8b e845 
  0x000002135463f218: 8bf3 498b | ea41 8bf1 | 498b d7c5 | f877 49ba | 60dd 85fc | fb7f 0000 

  0x000002135463f230: ;   {other}
  0x000002135463f230: 41ff d20f | 1f84 0000 | 0000 0044 | 8bce 4c8b | d545 8bde | 4d8b c5e9 | 54bb ffff | 498b d7c5 
  0x000002135463f250: f877 49ba | 60dd 85fc | fb7f 0000 

  0x000002135463f25c: ;   {other}
  0x000002135463f25c: 41ff d20f | 1f84 0000 | 0000 00e9 | e4bb ffff | baf6 ffff | ff4c 8b54 | 2440 4c89 | 5424 204c 
  0x000002135463f27c: 8b54 2438 | 4c89 5424 | 2844 8b54 | 244c 4489 | 5424 3c4c | 894c 2448 

  0x000002135463f294: ;   {runtime_call UncommonTrapBlob}
  0x000002135463f294: c5f8 77e8 

  0x000002135463f298: ; ImmutableOopMap {[32]=Oop [60]=NarrowOop [72]=Oop [80]=Oop [104]=Oop [152]=NarrowOop [156]=NarrowOop }
                      ;*invokevirtual close {reexecute=0 rethrow=0 return_oop=0}
                      ; - jdk.internal.loader.Resource::getBytes@183
                      ; - java.net.URLClassLoader::defineClass@179
                      ; - java.net.URLClassLoader$1::run@43
  0x000002135463f298: 648a 00ff 

  0x000002135463f29c: ;   {other}
  0x000002135463f29c: 0f1f 8400 | 0c7a 009f | 488b f849 | 8bd7 c5f8 | 7749 ba60 | dd85 fcfb | 7f00 0041 

  0x000002135463f2b8: ;   {other}
  0x000002135463f2b8: ffd2 0f1f | 8400 0000 | 0000 4c8b | c7e9 fac0 | ffff ba45 | ffff ff4c | 8b54 2450 | 4c89 5424 
  0x000002135463f2d8: 204c 8b54 | 2440 4c89 | 5424 3044 | 8b5c 244c | 4489 5c24 | 4844 8b54 | 2470 4489 | 5424 4c4c 
  0x000002135463f2f8: 8984 2488 | 0000 0090 

  0x000002135463f300: ;   {runtime_call UncommonTrapBlob}
  0x000002135463f300: c5f8 77e8 

  0x000002135463f304: ; ImmutableOopMap {rbp=NarrowOop [32]=Oop [48]=Oop [72]=NarrowOop [76]=NarrowOop [96]=Oop [104]=Oop [136]=Oop [152]=NarrowOop [156]=NarrowOop }
                      ;*ifnonnull {reexecute=1 rethrow=0 return_oop=0}
                      ; - (reexecute) java.io.FileDescriptor::attach@4
                      ; - java.io.FileInputStream::<init>@86
                      ; - jdk.internal.loader.URLClassPath$FileLoader$1::getInputStream@8
                      ; - jdk.internal.loader.Resource::cachedInputStream@9
                      ; - jdk.internal.loader.Resource::getByteBuffer@1
                      ; - java.net.URLClassLoader::defineClass@132
                      ; - java.net.URLClassLoader$1::run@43
  0x000002135463f304: f889 00ff 

  0x000002135463f308: ;   {other}
  0x000002135463f308: 0f1f 8400 | 787a 00a0 | ba45 ffff | ff4c 8b54 | 2450 4c89 | 5424 204c | 8b54 2440 | 4c89 5424 
  0x000002135463f328: 3044 8b5c | 244c 4489 | 5c24 4890 

  0x000002135463f334: ;   {runtime_call UncommonTrapBlob}
  0x000002135463f334: c5f8 77e8 

  0x000002135463f338: ; ImmutableOopMap {[32]=Oop [48]=Oop [72]=NarrowOop [96]=Oop [104]=Oop [112]=NarrowOop [152]=NarrowOop [156]=NarrowOop }
                      ;*if_icmplt {reexecute=1 rethrow=0 return_oop=0}
                      ; - (reexecute) jdk.internal.misc.VM::isBooted@4
                      ; - jdk.internal.misc.Blocker::begin@0
                      ; - java.io.FileInputStream::open@0
                      ; - java.io.FileInputStream::<init>@96
                      ; - jdk.internal.loader.URLClassPath$FileLoader$1::getInputStream@8
                      ; - jdk.internal.loader.Resource::cachedInputStream@9
                      ; - jdk.internal.loader.Resource::getByteBuffer@1
                      ; - java.net.URLClassLoader::defineClass@132
                      ; - java.net.URLClassLoader$1::run@43
  0x000002135463f338: c489 00ff 

  0x000002135463f33c: ;   {other}
  0x000002135463f33c: 0f1f 8400 | ac7a 00a1 | 498b d7c5 | f877 49ba | 60dd 85fc | fb7f 0000 

  0x000002135463f354: ;   {other}
  0x000002135463f354: 41ff d20f | 1f84 0000 | 0000 00e9 | 93e1 ffff | 498b d7c5 | f877 49ba | 60dd 85fc | fb7f 0000 
  0x000002135463f374: ;   {other}
  0x000002135463f374: 41ff d20f | 1f84 0000 | 0000 00e9 | b4e1 ffff | 498b d7c5 | f877 49ba | 60dd 85fc | fb7f 0000 
  0x000002135463f394: ;   {other}
  0x000002135463f394: 41ff d20f | 1f84 0000 | 0000 00e9 | cfe1 ffff | 498b d7c5 | f877 49ba | 60dd 85fc | fb7f 0000 
  0x000002135463f3b4: ;   {other}
  0x000002135463f3b4: 41ff d20f | 1f84 0000 | 0000 00e9 | 41e3 ffff | ba45 ffff | ff48 8b6c | 2450 4c8b | 5424 404c 
  0x000002135463f3d4: 8954 2420 | 4c8b 5424 | 384c 8954 | 2428 4c8b | 5424 6044 | 8b44 244c | 4489 4424 | 404c 8954 
  0x000002135463f3f4: 2448 4c89 | 5424 5044 | 8b44 2474 | 4489 4424 | 4444 895c | 2474 6690 

  0x000002135463f40c: ;   {runtime_call UncommonTrapBlob}
  0x000002135463f40c: c5f8 77e8 

  0x000002135463f410: ; ImmutableOopMap {rbp=Oop [32]=Oop [64]=NarrowOop [68]=NarrowOop [72]=Oop [80]=Oop [104]=Oop [112]=NarrowOop [152]=NarrowOop [156]=NarrowOop }
                      ;*iflt {reexecute=1 rethrow=0 return_oop=0}
                      ; - (reexecute) java.io.WinNTFileSystem::isInvalid@8
                      ; - java.io.File::isInvalid@13
                      ; - java.io.FileInputStream::<init>@54
                      ; - jdk.internal.loader.URLClassPath$FileLoader$1::getInputStream@8
                      ; - jdk.internal.loader.Resource::cachedInputStream@9
                      ; - jdk.internal.loader.Resource::getBytes@1
                      ; - java.net.URLClassLoader::defineClass@179
                      ; - java.net.URLClassLoader$1::run@43
  0x000002135463f410: ec88 00ff 

  0x000002135463f414: ;   {other}
  0x000002135463f414: 0f1f 8400 | 847b 00a2 | 498b d7c5 | f877 49ba | 60dd 85fc | fb7f 0000 

  0x000002135463f42c: ;   {other}
  0x000002135463f42c: 41ff d20f | 1f84 0000 | 0000 00e9 | 74c2 ffff | ba45 ffff | ff48 8b6c | 2450 4c8b | 5c24 404c 
  0x000002135463f44c: 895c 2428 | 4c8b 5c24 | 384c 895c | 2430 448b | 5c24 4c44 | 895c 2440 | 448b 5c24 | 5c44 895c 
  0x000002135463f46c: 2458 4489 | 5424 5c90 

  0x000002135463f474: ;   {runtime_call UncommonTrapBlob}
  0x000002135463f474: c5f8 77e8 

  0x000002135463f478: ; ImmutableOopMap {rbp=Oop [40]=Oop [64]=NarrowOop [88]=NarrowOop [96]=Oop [104]=Oop [112]=NarrowOop [152]=NarrowOop [156]=NarrowOop }
                      ;*iflt {reexecute=1 rethrow=0 return_oop=0}
                      ; - (reexecute) java.io.WinNTFileSystem::isInvalid@8
                      ; - java.io.File::isInvalid@13
                      ; - java.io.FileInputStream::<init>@54
                      ; - jdk.internal.loader.URLClassPath$FileLoader$1::getInputStream@8
                      ; - jdk.internal.loader.Resource::cachedInputStream@9
                      ; - jdk.internal.loader.Resource::getByteBuffer@1
                      ; - java.net.URLClassLoader::defineClass@132
                      ; - java.net.URLClassLoader$1::run@43
  0x000002135463f478: 8488 00ff 

  0x000002135463f47c: ;   {other}
  0x000002135463f47c: 0f1f 8400 | ec7b 00a3 | 8944 2430 | 4c89 4c24 | 7089 4c24 | 484c 895c | 2478 89bc | 2480 0000 
  0x000002135463f49c: 0089 9c24 | 8400 0000 | 498b ea48 | 8994 2488 

  0x000002135463f4ac: ;   {metadata({type array byte})}
  0x000002135463f4ac: 0000 0048 | ba28 0a04 | 0001 0000 | 0066 6690 

  0x000002135463f4bc: ;   {runtime_call _new_array_nozero_Java}
  0x000002135463f4bc: c5f8 77e8 

  0x000002135463f4c0: ; ImmutableOopMap {[40]=Oop [48]=NarrowOop [64]=Oop [76]=NarrowOop [80]=Oop [88]=Oop [96]=Oop [104]=Oop [112]=Oop rbp=Derived_oop_[112] [120]=Oop [152]=NarrowOop [156]=NarrowOop }
                      ;*invokevirtual clone {reexecute=1 rethrow=0 return_oop=1}
                      ; - (reexecute) java.util.Arrays::copyOf@7
                      ; - jdk.internal.loader.Resource::getBytes@94
                      ; - java.net.URLClassLoader::defineClass@179
                      ; - java.net.URLClassLoader$1::run@43
  0x000002135463f4c0: 3c7a 0dff 

  0x000002135463f4c4: ;   {other}
  0x000002135463f4c4: 0f1f 8400 | 347c 00a4 | 4c8b c8e9 | 5cdc ffff | ba70 0000 | 0048 895c | 2420 6690 

  0x000002135463f4e0: ;   {runtime_call UncommonTrapBlob}
  0x000002135463f4e0: c5f8 77e8 

  0x000002135463f4e4: ; ImmutableOopMap {[80]=Oop }
                      ;*new {reexecute=0 rethrow=0 return_oop=0}
                      ; - java.lang.StringConcatHelper::newString@34
                      ; - java.lang.StringConcatHelper::simpleConcat@90
                      ; - java.lang.String::concat@11
                      ; - java.net.URLClassLoader$1::run@13
  0x000002135463f4e4: 1888 00ff 

  0x000002135463f4e8: ;   {other}
  0x000002135463f4e8: 0f1f 8400 | 587c 00a5 | 498b d7c5 | f877 49ba | 60dd 85fc | fb7f 0000 

  0x000002135463f500: ;   {other}
  0x000002135463f500: 41ff d20f | 1f84 0000 | 0000 00e9 | fdce ffff | 498b d7c5 | f877 49ba | 60dd 85fc | fb7f 0000 
  0x000002135463f520: ;   {other}
  0x000002135463f520: 41ff d20f | 1f84 0000 | 0000 00e9 | e4cc ffff | 498b d7c5 | f877 49ba | 60dd 85fc | fb7f 0000 
  0x000002135463f540: ;   {other}
  0x000002135463f540: 41ff d20f | 1f84 0000 | 0000 00e9 | 9fcf ffff | baf6 ffff | ff48 8b6c | 2450 4c8b | 5424 584c 
  0x000002135463f560: 8954 2420 | 4c8b 5424 | 384c 8954 | 2428 448b | 4424 4044 | 8944 2430 | 448b 5424 | 4444 8954 
  0x000002135463f580: 2434 4c8b | 5424 704c | 8954 2438 | 4489 5c24 | 5844 895c | 245c 6690 

  0x000002135463f598: ;   {runtime_call UncommonTrapBlob}
  0x000002135463f598: c5f8 77e8 

  0x000002135463f59c: ; ImmutableOopMap {rbp=Oop [32]=Oop [48]=NarrowOop [52]=NarrowOop [56]=Oop [88]=NarrowOop [92]=NarrowOop [108]=NarrowOop [200]=Oop }
                      ;*invokevirtual zipCoderForPos {reexecute=0 rethrow=0 return_oop=0}
                      ; - java.util.zip.ZipFile::getEntryName@25
                      ; - java.util.zip.ZipFile::getManifestName@41
                      ; - java.util.zip.ZipFile$1::getManifestName@2
                      ; - java.util.jar.JarFile::maybeInstantiateVerifier@20
                      ; - java.util.jar.JarFile::ensureInitialization@1
                      ; - java.util.jar.JavaUtilJarAccessImpl::ensureInitialization@1
                      ; - jdk.internal.loader.URLClassPath$JarLoader$2::getManifest@10
                      ; - java.net.URLClassLoader::defineClass@34
                      ; - java.net.URLClassLoader$1::run@43
  0x000002135463f59c: 6087 00ff 

  0x000002135463f5a0: ;   {other}
  0x000002135463f5a0: 0f1f 8400 | 107d 00a6 | baf6 ffff | ff48 8b6c | 2450 4c8b | 5c24 304c | 895c 2420 | 4c8b 5c24 
  0x000002135463f5c0: 384c 895c | 2428 448b | 5c24 4c44 | 895c 2438 | 4489 5424 | 5044 8954 | 2454 6690 

  0x000002135463f5dc: ;   {runtime_call UncommonTrapBlob}
  0x000002135463f5dc: c5f8 77e8 

  0x000002135463f5e0: ; ImmutableOopMap {rbp=Oop [32]=Oop [56]=NarrowOop [64]=Oop [80]=NarrowOop [84]=NarrowOop [152]=NarrowOop [156]=NarrowOop [160]=Oop }
                      ;*invokevirtual zipCoderForPos {reexecute=0 rethrow=0 return_oop=0}
                      ; - java.util.zip.ZipFile::getEntryName@25
                      ; - java.util.zip.ZipFile::getManifestName@41
                      ; - java.util.zip.ZipFile$1::getManifestName@2
                      ; - java.util.jar.JarFile::maybeInstantiateVerifier@20
                      ; - java.util.jar.JarFile$JarFileEntry::getCodeSigners@4
                      ; - jdk.internal.loader.URLClassPath$JarLoader$2::getCodeSigners@4
                      ; - java.net.URLClassLoader::defineClass@185
                      ; - java.net.URLClassLoader$1::run@43
  0x000002135463f5e0: 1c87 00ff 

  0x000002135463f5e4: ;   {other}
  0x000002135463f5e4: 0f1f 8400 | 547d 00a7 | 498b f949 | 8bc9 488d | 9424 d000 | 0000 4d8b | c7c5 f877 | 49ba 8042 
  0x000002135463f604: c7fc fb7f | 0000 41ff 

  0x000002135463f60c: ;   {other}
  0x000002135463f60c: d20f 1f84 | 0000 0000 | 004c 8bcf | e93e adff | ffba ceff | ffff 488b | 6c24 504c | 8b54 2430 
  0x000002135463f62c: 4c89 5424 | 204c 8b54 | 2438 4c89 | 5424 284c | 8b54 2460 | 4c89 5424 | 5848 895c | 2470 4889 
  0x000002135463f64c: 5c24 7844 | 898c 2480 | 0000 0090 

  0x000002135463f658: ;   {runtime_call UncommonTrapBlob}
  0x000002135463f658: c5f8 77e8 

  0x000002135463f65c: ; ImmutableOopMap {rbp=Oop [32]=Oop [64]=NarrowOop [72]=Oop [88]=Oop [96]=Oop [112]=Oop [120]=Oop [128]=NarrowOop [152]=NarrowOop [156]=NarrowOop [160]=Oop }
                      ;*invokestatic inflate {reexecute=0 rethrow=0 return_oop=0}
                      ; - java.lang.String::getBytes@40
                      ; - java.lang.AbstractStringBuilder::putStringAt@15
                      ; - java.lang.AbstractStringBuilder::append@30
                      ; - java.lang.StringBuilder::append@2
                      ; - sun.net.util.URLUtil::urlNoFragString@52
                      ; - java.security.CodeSource::<init>@30
                      ; - java.net.URLClassLoader::defineClass@198
                      ; - java.net.URLClassLoader$1::run@43
  0x000002135463f65c: a086 00ff 

  0x000002135463f660: ;   {other}
  0x000002135463f660: 0f1f 8400 | d07d 00a8 | baf6 ffff | ff48 8b6c | 2450 4c8b | 5c24 404c | 895c 2420 | 4c8b 5c24 
  0x000002135463f680: 384c 895c | 2428 448b | 4424 4c44 | 8944 2440 | 4889 7c24 | 4848 897c | 2450 4c89 | 5424 5890 
  0x000002135463f6a0: ;   {runtime_call UncommonTrapBlob}
  0x000002135463f6a0: c5f8 77e8 

  0x000002135463f6a4: ; ImmutableOopMap {rbp=Oop [32]=Oop [64]=NarrowOop [72]=Oop [80]=Oop [88]=Oop [152]=NarrowOop [156]=NarrowOop }
                      ;*invokevirtual attach {reexecute=0 rethrow=0 return_oop=0}
                      ; - java.io.FileInputStream::<init>@86
                      ; - jdk.internal.loader.URLClassPath$FileLoader$1::getInputStream@8
                      ; - jdk.internal.loader.Resource::cachedInputStream@9
                      ; - jdk.internal.loader.Resource::getBytes@1
                      ; - java.net.URLClassLoader::defineClass@179
                      ; - java.net.URLClassLoader$1::run@43
  0x000002135463f6a4: 5886 00ff 

  0x000002135463f6a8: ;   {other}
  0x000002135463f6a8: 0f1f 8400 | 187e 00a9 | baf6 ffff | ff48 8b6c | 2450 4c8b | 5424 404c | 8954 2428 | 4c8b 5424 
  0x000002135463f6c8: 384c 8954 | 2430 448b | 5c24 4c44 | 895c 2440 

  0x000002135463f6d8: ;   {runtime_call UncommonTrapBlob}
  0x000002135463f6d8: c5f8 77e8 

  0x000002135463f6dc: ; ImmutableOopMap {rbp=Oop [40]=Oop [64]=NarrowOop [96]=Oop [104]=Oop [152]=NarrowOop [156]=NarrowOop }
                      ;*invokevirtual attach {reexecute=0 rethrow=0 return_oop=0}
                      ; - java.io.FileInputStream::<init>@86
                      ; - jdk.internal.loader.URLClassPath$FileLoader$1::getInputStream@8
                      ; - jdk.internal.loader.Resource::cachedInputStream@9
                      ; - jdk.internal.loader.Resource::getByteBuffer@1
                      ; - java.net.URLClassLoader::defineClass@132
                      ; - java.net.URLClassLoader$1::run@43
  0x000002135463f6dc: 2086 00ff 

  0x000002135463f6e0: ;   {other}
  0x000002135463f6e0: 0f1f 8400 | 507e 00aa | ba66 ffff | ff48 8b6c | 2450 4c8b | 5424 584c | 8954 2420 | 4c8b 5424 
  0x000002135463f700: 384c 8954 | 2428 448b | 5424 4044 | 8954 2430 | 448b 5c24 | 4444 895c | 2434 4c8b | 5424 704c 
  0x000002135463f720: 8954 2438 | 448b 5424 | 7844 8954 | 2458 4489 | 5424 5c90 

  0x000002135463f734: ;   {runtime_call UncommonTrapBlob}
  0x000002135463f734: c5f8 77e8 

  0x000002135463f738: ; ImmutableOopMap {rbp=Oop [32]=Oop [48]=NarrowOop [52]=NarrowOop [56]=Oop [88]=NarrowOop [92]=NarrowOop [108]=NarrowOop [200]=Oop }
                      ;*invokevirtual getManifest {reexecute=0 rethrow=0 return_oop=0}
                      ; - java.util.jar.JarFile::maybeInstantiateVerifier@31
                      ; - java.util.jar.JarFile::ensureInitialization@1
                      ; - java.util.jar.JavaUtilJarAccessImpl::ensureInitialization@1
                      ; - jdk.internal.loader.URLClassPath$JarLoader$2::getManifest@10
                      ; - java.net.URLClassLoader::defineClass@34
                      ; - java.net.URLClassLoader$1::run@43
  0x000002135463f738: c485 00ff 

  0x000002135463f73c: ;   {other}
  0x000002135463f73c: 0f1f 8400 | ac7e 00ab | bade ffff | ff4c 8b54 | 2430 4c89 | 5424 204c | 8b54 2438 | 4c89 5424 
  0x000002135463f75c: 2844 8b44 | 244c 4489 | 4424 3844 | 895c 243c 

  0x000002135463f76c: ;   {runtime_call UncommonTrapBlob}
  0x000002135463f76c: c5f8 77e8 

  0x000002135463f770: ; ImmutableOopMap {[32]=Oop [56]=NarrowOop [60]=NarrowOop [64]=Oop [80]=Oop [152]=NarrowOop [156]=NarrowOop [160]=Oop }
                      ;*invokevirtual getManifest {reexecute=0 rethrow=0 return_oop=0}
                      ; - java.util.jar.JarFile::maybeInstantiateVerifier@31
                      ; - java.util.jar.JarFile$JarFileEntry::getCodeSigners@4
                      ; - jdk.internal.loader.URLClassPath$JarLoader$2::getCodeSigners@4
                      ; - java.net.URLClassLoader::defineClass@185
                      ; - java.net.URLClassLoader$1::run@43
  0x000002135463f770: 8c85 00ff 

  0x000002135463f774: ;   {other}
  0x000002135463f774: 0f1f 8400 | e47e 00ac | bade ffff | ff4c 8b54 | 2430 4c89 | 5424 2044 | 8b54 2438 | 4489 5424 
  0x000002135463f794: 284c 8b54 | 2440 4c89 | 5424 3048 | 8944 2440 

  0x000002135463f7a4: ;   {runtime_call UncommonTrapBlob}
  0x000002135463f7a4: c5f8 77e8 

  0x000002135463f7a8: ; ImmutableOopMap {[32]=Oop [40]=NarrowOop [48]=Oop [64]=Oop [80]=Oop [156]=NarrowOop }
                      ;*checkcast {reexecute=0 rethrow=0 return_oop=0}
                      ; - java.security.SecureClassLoader::getProtectionDomain@33
                      ; - java.security.SecureClassLoader::defineClass@9
                      ; - java.net.URLClassLoader::defineClass@220
                      ; - java.net.URLClassLoader$1::run@43
  0x000002135463f7a8: 5485 00ff 

  0x000002135463f7ac: ;   {other}
  0x000002135463f7ac: 0f1f 8400 | 1c7f 00ad | baf6 ffff | ff48 8b6c | 2450 6690 

  0x000002135463f7c0: ;   {runtime_call UncommonTrapBlob}
  0x000002135463f7c0: c5f8 77e8 

  0x000002135463f7c4: ; ImmutableOopMap {rbp=Oop }
                      ;*invokevirtual replace {reexecute=0 rethrow=0 return_oop=0}
                      ; - java.net.URLClassLoader$1::run@8
  0x000002135463f7c4: 3885 00ff 

  0x000002135463f7c8: ;   {other}
  0x000002135463f7c8: 0f1f 8400 | 387f 00ae | baf6 ffff | ff48 8b6c | 2450 6690 

  0x000002135463f7dc: ;   {runtime_call UncommonTrapBlob}
  0x000002135463f7dc: c5f8 77e8 

  0x000002135463f7e0: ; ImmutableOopMap {rbp=Oop }
                      ;*arraylength {reexecute=0 rethrow=0 return_oop=0}
                      ; - java.lang.String::isEmpty@4
                      ; - java.lang.StringConcatHelper::simpleConcat@11
                      ; - java.lang.String::concat@11
                      ; - java.net.URLClassLoader$1::run@13
  0x000002135463f7e0: 1c85 00ff 

  0x000002135463f7e4: ;   {other}
  0x000002135463f7e4: 0f1f 8400 | 547f 00af | baf6 ffff | ff48 8944 | 2420 6690 

  0x000002135463f7f8: ;   {runtime_call UncommonTrapBlob}
  0x000002135463f7f8: c5f8 77e8 

  0x000002135463f7fc: ; ImmutableOopMap {[32]=Oop [80]=Oop }
                      ;*getfield ucp {reexecute=1 rethrow=0 return_oop=0}
                      ; - (reexecute) java.net.URLClassLoader$1::run@21
  0x000002135463f7fc: 0085 00ff 

  0x000002135463f800: ;   {other}
  0x000002135463f800: 0f1f 8400 | 707f 00b0 | baf6 ffff | ff48 8b6c | 2450 6690 

  0x000002135463f814: ;   {runtime_call UncommonTrapBlob}
  0x000002135463f814: c5f8 77e8 

  0x000002135463f818: ; ImmutableOopMap {rbp=Oop }
                      ;*arraylength {reexecute=0 rethrow=0 return_oop=0}
                      ; - java.lang.StringLatin1::replace@8
                      ; - java.lang.String::replace@18
                      ; - java.net.URLClassLoader$1::run@8
  0x000002135463f818: e484 00ff 

  0x000002135463f81c: ;   {other}
  0x000002135463f81c: 0f1f 8400 | 8c7f 00b1 | baf6 ffff | ff66 6690 

  0x000002135463f82c: ;   {runtime_call UncommonTrapBlob}
  0x000002135463f82c: c5f8 77e8 

  0x000002135463f830: ; ImmutableOopMap {[80]=Oop }
                      ;*arraylength {reexecute=0 rethrow=0 return_oop=0}
                      ; - java.lang.String::length@4
                      ; - java.lang.StringConcatHelper::prepend@2
                      ; - java.lang.StringConcatHelper::simpleConcat@81
                      ; - java.lang.String::concat@11
                      ; - java.net.URLClassLoader$1::run@13
  0x000002135463f830: cc84 00ff 

  0x000002135463f834: ;   {other}
  0x000002135463f834: 0f1f 8400 | a47f 00b2 | baf6 ffff | ff48 8974 | 2428 4889 | 4424 3090 

  0x000002135463f84c: ;   {runtime_call UncommonTrapBlob}
  0x000002135463f84c: c5f8 77e8 

  0x000002135463f850: ; ImmutableOopMap {[40]=Oop [80]=Oop [152]=NarrowOop }
                      ;*invokevirtual lastIndexOf {reexecute=0 rethrow=0 return_oop=0}
                      ; - java.net.URLClassLoader::defineClass@7
                      ; - java.net.URLClassLoader$1::run@43
  0x000002135463f850: ac84 00ff 

  0x000002135463f854: ;   {other}
  0x000002135463f854: 0f1f 8400 | c47f 00b3 | baf6 ffff | ff48 8974 | 2428 4889 | 4424 3090 

  0x000002135463f86c: ;   {runtime_call UncommonTrapBlob}
  0x000002135463f86c: c5f8 77e8 

  0x000002135463f870: ; ImmutableOopMap {[40]=Oop [80]=Oop [152]=NarrowOop [156]=NarrowOop }
                      ;*arraylength {reexecute=0 rethrow=0 return_oop=0}
                      ; - java.lang.String::length@4
                      ; - java.lang.String::lastIndexOf@3
                      ; - java.net.URLClassLoader::defineClass@7
                      ; - java.net.URLClassLoader$1::run@43
  0x000002135463f870: 8c84 00ff 

  0x000002135463f874: ;   {other}
  0x000002135463f874: 0f1f 8400 | e47f 00b4 | baf4 ffff | ff48 8974 | 2428 4c8b | 5424 384c | 8954 2430 | 4489 6c24 
  0x000002135463f894: 4066 6690 

  0x000002135463f898: ;   {runtime_call UncommonTrapBlob}
  0x000002135463f898: c5f8 77e8 

  0x000002135463f89c: ; ImmutableOopMap {[40]=Oop [64]=NarrowOop [80]=Oop [152]=NarrowOop [156]=NarrowOop }
                      ;*instanceof {reexecute=0 rethrow=0 return_oop=0}
                      ; - jdk.internal.loader.Resource::getByteBuffer@6
                      ; - java.net.URLClassLoader::defineClass@132
                      ; - java.net.URLClassLoader$1::run@43
  0x000002135463f89c: 6084 00ff 

  0x000002135463f8a0: ;   {other}
  0x000002135463f8a0: 0f1f 8400 | 1080 00b5 | baf6 ffff | ff4c 8974 | 2420 4c8b | 5424 384c | 8954 2428 | 4c89 5c24 
  0x000002135463f8c0: 4066 6690 

  0x000002135463f8c4: ;   {runtime_call UncommonTrapBlob}
  0x000002135463f8c4: c5f8 77e8 

  0x000002135463f8c8: ; ImmutableOopMap {[32]=Oop [64]=Oop [80]=Oop [152]=NarrowOop [156]=NarrowOop [160]=Oop }
                      ;*arraylength {reexecute=0 rethrow=0 return_oop=0}
                      ; - java.lang.String::length@4
                      ; - java.lang.AbstractStringBuilder::append@10
                      ; - java.lang.StringBuilder::append@2
                      ; - sun.net.util.URLUtil::urlNoFragString@45
                      ; - java.security.CodeSource::<init>@30
                      ; - java.net.URLClassLoader::defineClass@198
                      ; - java.net.URLClassLoader$1::run@43
  0x000002135463f8c8: 3484 00ff 

  0x000002135463f8cc: ;   {other}
  0x000002135463f8cc: 0f1f 8400 | 3c80 00b6 | baf6 ffff | ff4c 8974 | 2420 4c8b | 5424 384c | 8954 2428 | 4c89 5c24 
  0x000002135463f8ec: 4066 6690 

  0x000002135463f8f0: ;   {runtime_call UncommonTrapBlob}
  0x000002135463f8f0: c5f8 77e8 

  0x000002135463f8f4: ; ImmutableOopMap {[32]=Oop [64]=Oop [80]=Oop [152]=NarrowOop [156]=NarrowOop [160]=Oop }
                      ;*arraylength {reexecute=0 rethrow=0 return_oop=0}
                      ; - java.lang.AbstractStringBuilder::ensureCapacityInternal@4
                      ; - java.lang.AbstractStringBuilder::append@21
                      ; - java.lang.StringBuilder::append@2
                      ; - sun.net.util.URLUtil::urlNoFragString@45
                      ; - java.security.CodeSource::<init>@30
                      ; - java.net.URLClassLoader::defineClass@198
                      ; - java.net.URLClassLoader$1::run@43
  0x000002135463f8f4: 0884 00ff 

  0x000002135463f8f8: ;   {other}
  0x000002135463f8f8: 0f1f 8400 | 6880 00b7 | baf6 ffff | ff4c 8b54 | 2430 4c89 | 5424 204c | 8b54 2438 | 4c89 5424 
  0x000002135463f918: 2866 6690 

  0x000002135463f91c: ;   {runtime_call UncommonTrapBlob}
  0x000002135463f91c: c5f8 77e8 

  0x000002135463f920: ; ImmutableOopMap {[32]=Oop [80]=Oop [96]=Oop [152]=NarrowOop [156]=NarrowOop [160]=Oop }
                      ;*arraylength {reexecute=0 rethrow=0 return_oop=0}
                      ; - java.lang.String::isEmpty@4
                      ; - sun.net.util.URLUtil::urlNoFragString@66
                      ; - java.security.CodeSource::<init>@30
                      ; - java.net.URLClassLoader::defineClass@198
                      ; - java.net.URLClassLoader$1::run@43
  0x000002135463f920: dc83 00ff 

  0x000002135463f924: ;   {other}
  0x000002135463f924: 0f1f 8400 | 9480 00b8 | baf6 ffff | ff4c 8b54 | 2430 4c89 | 5424 204c | 8b54 2438 | 4c89 5424 
  0x000002135463f944: 2866 6690 

  0x000002135463f948: ;   {runtime_call UncommonTrapBlob}
  0x000002135463f948: c5f8 77e8 

  0x000002135463f94c: ; ImmutableOopMap {[32]=Oop [80]=Oop [96]=Oop [152]=NarrowOop [156]=NarrowOop [160]=Oop }
                      ;*invokevirtual getDefaultPort {reexecute=0 rethrow=0 return_oop=0}
                      ; - java.net.URL::getDefaultPort@4
                      ; - sun.net.util.URLUtil::urlNoFragString@97
                      ; - java.security.CodeSource::<init>@30
                      ; - java.net.URLClassLoader::defineClass@198
                      ; - java.net.URLClassLoader$1::run@43
  0x000002135463f94c: b083 00ff 

  0x000002135463f950: ;   {other}
  0x000002135463f950: 0f1f 8400 | c080 00b9 | baf6 ffff | ff4c 8b54 | 2430 4c89 | 5424 204c | 8b54 2438 | 4c89 5424 
  0x000002135463f970: 2866 6690 

  0x000002135463f974: ;   {runtime_call UncommonTrapBlob}
  0x000002135463f974: c5f8 77e8 

  0x000002135463f978: ; ImmutableOopMap {[32]=Oop [80]=Oop [96]=Oop [152]=NarrowOop [156]=NarrowOop [160]=Oop }
                      ;*arraylength {reexecute=0 rethrow=0 return_oop=0}
                      ; - java.lang.String::length@4
                      ; - java.lang.AbstractStringBuilder::append@10
                      ; - java.lang.StringBuilder::append@2
                      ; - sun.net.util.URLUtil::urlNoFragString@134
                      ; - java.security.CodeSource::<init>@30
                      ; - java.net.URLClassLoader::defineClass@198
                      ; - java.net.URLClassLoader$1::run@43
  0x000002135463f978: 8483 00ff 

  0x000002135463f97c: ;   {other}
  0x000002135463f97c: 0f1f 8400 | ec80 00ba | baf6 ffff | ff4c 8b54 | 2430 4c89 | 5424 204c | 8b54 2438 | 4c89 5424 
  0x000002135463f99c: 2866 6690 

  0x000002135463f9a0: ;   {runtime_call UncommonTrapBlob}
  0x000002135463f9a0: c5f8 77e8 

  0x000002135463f9a4: ; ImmutableOopMap {[32]=Oop [80]=Oop [96]=Oop [152]=NarrowOop [156]=NarrowOop [160]=Oop }
                      ;*arraylength {reexecute=0 rethrow=0 return_oop=0}
                      ; - java.lang.AbstractStringBuilder::ensureCapacityInternal@4
                      ; - java.lang.AbstractStringBuilder::append@21
                      ; - java.lang.StringBuilder::append@2
                      ; - sun.net.util.URLUtil::urlNoFragString@134
                      ; - java.security.CodeSource::<init>@30
                      ; - java.net.URLClassLoader::defineClass@198
                      ; - java.net.URLClassLoader$1::run@43
  0x000002135463f9a4: 5883 00ff 

  0x000002135463f9a8: ;   {other}
  0x000002135463f9a8: 0f1f 8400 | 1881 00bb | baf6 ffff | ff4c 8b54 | 2430 4c89 | 5424 204c | 896c 2438 

  0x000002135463f9c4: ;   {runtime_call UncommonTrapBlob}
  0x000002135463f9c4: c5f8 77e8 

  0x000002135463f9c8: ; ImmutableOopMap {[32]=Oop [56]=Oop [80]=Oop [152]=NarrowOop [156]=NarrowOop [160]=Oop }
                      ;*invokevirtual get {reexecute=0 rethrow=0 return_oop=0}
                      ; - jdk.internal.perf.PerfCounter::get@5
                      ; - jdk.internal.perf.PerfCounter::add@1
                      ; - jdk.internal.perf.PerfCounter::addElapsedTimeFrom@6
                      ; - java.net.URLClassLoader::defineClass@207
                      ; - java.net.URLClassLoader$1::run@43
  0x000002135463f9c8: 3483 00ff 

  0x000002135463f9cc: ;   {other}
  0x000002135463f9cc: 0f1f 8400 | 3c81 00bc | baf6 ffff | ff4c 8b54 | 2430 4c89 | 5424 204c | 896c 2428 

  0x000002135463f9e8: ;   {runtime_call UncommonTrapBlob}
  0x000002135463f9e8: c5f8 77e8 

  0x000002135463f9ec: ; ImmutableOopMap {[32]=Oop [40]=Oop [80]=Oop [152]=NarrowOop [156]=NarrowOop }
                      ;*arraylength {reexecute=0 rethrow=0 return_oop=0}
                      ; - java.net.URLClassLoader::defineClass@217
                      ; - java.net.URLClassLoader$1::run@43
  0x000002135463f9ec: 1083 00ff 

  0x000002135463f9f0: ;   {other}
  0x000002135463f9f0: 0f1f 8400 | 6081 00bd | baf6 ffff | ff4c 8b54 | 2430 4c89 | 5424 2048 | 894c 2428 | 4889 7c24 
  0x000002135463fa10: 3066 6690 

  0x000002135463fa14: ;   {runtime_call UncommonTrapBlob}
  0x000002135463fa14: c5f8 77e8 

  0x000002135463fa18: ; ImmutableOopMap {[32]=Oop [40]=Oop [48]=Oop [80]=Oop }
                      ;*invokeinterface computeIfAbsent {reexecute=0 rethrow=0 return_oop=0}
                      ; - java.security.SecureClassLoader::getProtectionDomain@28
                      ; - java.security.SecureClassLoader::defineClass@9
                      ; - java.net.URLClassLoader::defineClass@220
                      ; - java.net.URLClassLoader$1::run@43
  0x000002135463fa18: e482 00ff 

  0x000002135463fa1c: ;   {other}
  0x000002135463fa1c: 0f1f 8400 | 8c81 00be | baf4 ffff | ff4c 8b54 | 2430 4c89 | 5424 2044 | 8b54 2438 | 4489 5424 
  0x000002135463fa3c: 2866 6690 

  0x000002135463fa40: ;   {runtime_call UncommonTrapBlob}
  0x000002135463fa40: c5f8 77e8 

  0x000002135463fa44: ; ImmutableOopMap {[32]=Oop [40]=NarrowOop [64]=Oop [80]=Oop [156]=NarrowOop }
                      ;*checkcast {reexecute=0 rethrow=0 return_oop=0}
                      ; - java.security.SecureClassLoader::getProtectionDomain@33
                      ; - java.security.SecureClassLoader::defineClass@9
                      ; - java.net.URLClassLoader::defineClass@220
                      ; - java.net.URLClassLoader$1::run@43
  0x000002135463fa44: b882 00ff 

  0x000002135463fa48: ;   {other}
  0x000002135463fa48: 0f1f 8400 | b881 00bf | baf6 ffff | ff66 6690 

  0x000002135463fa58: ;   {runtime_call UncommonTrapBlob}
  0x000002135463fa58: c5f8 77e8 

  0x000002135463fa5c: ; ImmutableOopMap {[48]=Oop [80]=Oop }
                      ;*invokevirtual getCodeSource {reexecute=0 rethrow=0 return_oop=0}
                      ; - java.lang.ClassLoader::defineClassSourceLocation@1
                      ; - java.lang.ClassLoader::defineClass@12
                      ; - java.security.SecureClassLoader::defineClass@12
                      ; - java.net.URLClassLoader::defineClass@220
                      ; - java.net.URLClassLoader$1::run@43
  0x000002135463fa5c: a082 00ff 

  0x000002135463fa60: ;   {other}
  0x000002135463fa60: 0f1f 8400 | d081 00c0 | baf6 ffff | ff48 8974 | 2428 4c8b | 5424 384c | 8954 2430 | 4489 6c24 
  0x000002135463fa80: 4066 6690 

  0x000002135463fa84: ;   {runtime_call UncommonTrapBlob}
  0x000002135463fa84: c5f8 77e8 

  0x000002135463fa88: ; ImmutableOopMap {[40]=Oop [64]=NarrowOop [80]=Oop [152]=NarrowOop [156]=NarrowOop }
                      ;*arraylength {reexecute=0 rethrow=0 return_oop=0}
                      ; - java.lang.String::length@4
                      ; - java.lang.String::substring@1
                      ; - java.net.URLClassLoader::defineClass@28
                      ; - java.net.URLClassLoader$1::run@43
  0x000002135463fa88: 7482 00ff 

  0x000002135463fa8c: ;   {other}
  0x000002135463fa8c: 0f1f 8400 | fc81 00c1 | baf6 ffff | ff4c 8b54 | 2430 4c89 | 5424 204c | 8b54 2438 | 4c89 5424 
  0x000002135463faac: 2866 6690 

  0x000002135463fab0: ;   {runtime_call UncommonTrapBlob}
  0x000002135463fab0: c5f8 77e8 

  0x000002135463fab4: ; ImmutableOopMap {[32]=Oop [80]=Oop [96]=Oop [152]=NarrowOop [156]=NarrowOop [160]=Oop }
                      ;*arraylength {reexecute=0 rethrow=0 return_oop=0}
                      ; - java.util.Arrays::copyOfRange@6
                      ; - java.lang.String::<init>@32
                      ; - java.lang.String::<init>@3
                      ; - java.lang.StringBuilder::toString@5
                      ; - sun.net.util.URLUtil::urlNoFragString@139
                      ; - java.security.CodeSource::<init>@30
                      ; - java.net.URLClassLoader::defineClass@198
                      ; - java.net.URLClassLoader$1::run@43
  0x000002135463fab4: 4882 00ff 

  0x000002135463fab8: ;   {other}
  0x000002135463fab8: 0f1f 8400 | 2882 00c2 | baf6 ffff | ff48 8974 | 2420 4c8b | 4424 384c | 8944 2428 | 4489 5424 
  0x000002135463fad8: 304c 895c | 2440 6690 

  0x000002135463fae0: ;   {runtime_call UncommonTrapBlob}
  0x000002135463fae0: c5f8 77e8 

  0x000002135463fae4: ; ImmutableOopMap {[32]=Oop [64]=Oop [80]=Oop [152]=NarrowOop [156]=NarrowOop }
                      ;*getfield csu {reexecute=1 rethrow=0 return_oop=0}
                      ; - (reexecute) jdk.internal.loader.URLClassPath$JarLoader$2::getCodeSourceURL@4
                      ; - java.net.URLClassLoader::defineClass@13
                      ; - java.net.URLClassLoader$1::run@43
  0x000002135463fae4: 1882 00ff 

  0x000002135463fae8: ;   {other}
  0x000002135463fae8: 0f1f 8400 | 5882 00c3 | baf6 ffff | ff48 8974 | 2420 4c8b | 5c24 384c | 895c 2428 | 4c89 5424 
  0x000002135463fb08: 3844 896c | 2440 6690 

  0x000002135463fb10: ;   {runtime_call UncommonTrapBlob}
  0x000002135463fb10: c5f8 77e8 

  0x000002135463fb14: ; ImmutableOopMap {[32]=Oop [56]=Oop [64]=NarrowOop [80]=Oop [152]=NarrowOop [156]=NarrowOop [200]=Oop }
                      ;*getfield jar {reexecute=1 rethrow=0 return_oop=0}
                      ; - (reexecute) jdk.internal.loader.URLClassPath$JarLoader$2::getManifest@7
                      ; - java.net.URLClassLoader::defineClass@34
                      ; - java.net.URLClassLoader$1::run@43
  0x000002135463fb14: e881 00ff 

  0x000002135463fb18: ;   {other}
  0x000002135463fb18: 0f1f 8400 | 8882 00c4 | baf6 ffff | ff48 8974 | 2420 4c8b | 5c24 384c | 895c 2428 | 4c89 5424 
  0x000002135463fb38: 3844 896c | 2440 6690 

  0x000002135463fb40: ;   {runtime_call UncommonTrapBlob}
  0x000002135463fb40: c5f8 77e8 

  0x000002135463fb44: ; ImmutableOopMap {[32]=Oop [56]=Oop [64]=NarrowOop [80]=Oop [152]=NarrowOop [156]=NarrowOop [200]=Oop }
                      ;*invokevirtual ensureInitialization {reexecute=0 rethrow=0 return_oop=0}
                      ; - java.util.jar.JavaUtilJarAccessImpl::ensureInitialization@1
                      ; - jdk.internal.loader.URLClassPath$JarLoader$2::getManifest@10
                      ; - java.net.URLClassLoader::defineClass@34
                      ; - java.net.URLClassLoader$1::run@43
  0x000002135463fb44: b881 00ff 

  0x000002135463fb48: ;   {other}
  0x000002135463fb48: 0f1f 8400 | b882 00c5 | baf6 ffff | ff48 8974 | 2420 4c8b | 5c24 384c | 895c 2428 | 4c89 5424 
  0x000002135463fb68: 3844 896c | 2440 6690 

  0x000002135463fb70: ;   {runtime_call UncommonTrapBlob}
  0x000002135463fb70: c5f8 77e8 

  0x000002135463fb74: ; ImmutableOopMap {[32]=Oop [56]=Oop [64]=NarrowOop [80]=Oop [152]=NarrowOop [156]=NarrowOop [200]=Oop }
                      ;*getfield jar {reexecute=1 rethrow=0 return_oop=0}
                      ; - (reexecute) jdk.internal.loader.URLClassPath$JarLoader$2::getManifest@19
                      ; - java.net.URLClassLoader::defineClass@34
                      ; - java.net.URLClassLoader$1::run@43
  0x000002135463fb74: 8881 00ff 

  0x000002135463fb78: ;   {other}
  0x000002135463fb78: 0f1f 8400 | e882 00c6 | baf6 ffff | ff48 8974 | 2420 4c8b | 5c24 384c | 895c 2428 | 4c89 5424 
  0x000002135463fb98: 3844 896c | 2440 6690 

  0x000002135463fba0: ;   {runtime_call UncommonTrapBlob}
  0x000002135463fba0: c5f8 77e8 

  0x000002135463fba4: ; ImmutableOopMap {[32]=Oop [56]=Oop [64]=NarrowOop [80]=Oop [152]=NarrowOop [156]=NarrowOop [200]=Oop }
                      ;*invokevirtual getManifest {reexecute=0 rethrow=0 return_oop=0}
                      ; - jdk.internal.loader.URLClassPath$JarLoader$2::getManifest@22
                      ; - java.net.URLClassLoader::defineClass@34
                      ; - java.net.URLClassLoader$1::run@43
  0x000002135463fba4: 5881 00ff 

  0x000002135463fba8: ;   {other}
  0x000002135463fba8: 0f1f 8400 | 1883 00c7 | baf6 ffff | ff4c 8b54 | 2430 4c89 | 5424 204c | 8b54 2438 | 4c89 5424 
  0x000002135463fbc8: 2866 6690 

  0x000002135463fbcc: ;   {runtime_call UncommonTrapBlob}
  0x000002135463fbcc: c5f8 77e8 

  0x000002135463fbd0: ; ImmutableOopMap {[32]=Oop [80]=Oop [96]=Oop [152]=NarrowOop [156]=NarrowOop [160]=Oop }
                      ;*arraylength {reexecute=0 rethrow=0 return_oop=0}
                      ; - java.lang.String::getBytes@21
                      ; - java.lang.AbstractStringBuilder::putStringAt@15
                      ; - java.lang.AbstractStringBuilder::append@30
                      ; - java.lang.StringBuilder::append@2
                      ; - sun.net.util.URLUtil::urlNoFragString@45
                      ; - java.security.CodeSource::<init>@30
                      ; - java.net.URLClassLoader::defineClass@198
                      ; - java.net.URLClassLoader$1::run@43
  0x000002135463fbd0: 2c81 00ff 

  0x000002135463fbd4: ;   {other}
  0x000002135463fbd4: 0f1f 8400 | 4483 00c8 | baf6 ffff | ff4c 8b5c | 2450 4c89 | 5c24 204c | 8b5c 2430 | 4c89 5c24 
  0x000002135463fbf4: 284c 8b5c | 2438 4c89 | 5c24 3044 | 8954 2450 | 894c 2454 

  0x000002135463fc08: ;   {runtime_call UncommonTrapBlob}
  0x000002135463fc08: c5f8 77e8 

  0x000002135463fc0c: ; ImmutableOopMap {[32]=Oop [40]=Oop [80]=NarrowOop [96]=Oop [152]=NarrowOop [156]=NarrowOop [160]=Oop }
                      ;*invokestatic arraycopy {reexecute=0 rethrow=0 return_oop=0}
                      ; - java.lang.String::getBytes@22
                      ; - java.lang.AbstractStringBuilder::putStringAt@15
                      ; - java.lang.AbstractStringBuilder::append@30
                      ; - java.lang.StringBuilder::append@2
                      ; - sun.net.util.URLUtil::urlNoFragString@45
                      ; - java.security.CodeSource::<init>@30
                      ; - java.net.URLClassLoader::defineClass@198
                      ; - java.net.URLClassLoader$1::run@43
  0x000002135463fc0c: f080 00ff 

  0x000002135463fc10: ;   {other}
  0x000002135463fc10: 0f1f 8400 | 8083 00c9 | baf6 ffff | ff4c 8b54 | 2430 4c89 | 5424 204c | 8b54 2438 | 4c89 5424 
  0x000002135463fc30: 2866 6690 

  0x000002135463fc34: ;   {runtime_call UncommonTrapBlob}
  0x000002135463fc34: c5f8 77e8 

  0x000002135463fc38: ; ImmutableOopMap {[32]=Oop [80]=Oop [96]=Oop [152]=NarrowOop [156]=NarrowOop [160]=Oop }
                      ;*arraylength {reexecute=0 rethrow=0 return_oop=0}
                      ; - java.lang.String::getBytes@21
                      ; - java.lang.AbstractStringBuilder::putStringAt@15
                      ; - java.lang.AbstractStringBuilder::append@30
                      ; - java.lang.StringBuilder::append@2
                      ; - sun.net.util.URLUtil::urlNoFragString@134
                      ; - java.security.CodeSource::<init>@30
                      ; - java.net.URLClassLoader::defineClass@198
                      ; - java.net.URLClassLoader$1::run@43
  0x000002135463fc38: c480 00ff 

  0x000002135463fc3c: ;   {other}
  0x000002135463fc3c: 0f1f 8400 | ac83 00ca | baf6 ffff | ff4c 8b54 | 2450 4c89 | 5424 204c | 8b54 2430 | 4c89 5424 
  0x000002135463fc5c: 284c 8b54 | 2438 4c89 | 5424 3089 | 7c24 5044 | 894c 2454 

  0x000002135463fc70: ;   {runtime_call UncommonTrapBlob}
  0x000002135463fc70: c5f8 77e8 

  0x000002135463fc74: ; ImmutableOopMap {[32]=Oop [40]=Oop [80]=NarrowOop [96]=Oop [152]=NarrowOop [156]=NarrowOop [160]=Oop }
                      ;*invokestatic arraycopy {reexecute=0 rethrow=0 return_oop=0}
                      ; - java.lang.String::getBytes@22
                      ; - java.lang.AbstractStringBuilder::putStringAt@15
                      ; - java.lang.AbstractStringBuilder::append@30
                      ; - java.lang.StringBuilder::append@2
                      ; - sun.net.util.URLUtil::urlNoFragString@134
                      ; - java.security.CodeSource::<init>@30
                      ; - java.net.URLClassLoader::defineClass@198
                      ; - java.net.URLClassLoader$1::run@43
  0x000002135463fc74: 8880 00ff 

  0x000002135463fc78: ;   {other}
  0x000002135463fc78: 0f1f 8400 | e883 00cb | baf6 ffff | ff4c 8974 | 2420 4c8b | 5424 384c | 8954 2428 

  0x000002135463fc94: ;   {runtime_call UncommonTrapBlob}
  0x000002135463fc94: c5f8 77e8 

  0x000002135463fc98: ; ImmutableOopMap {[32]=Oop [76]=NarrowOop [80]=Oop [152]=NarrowOop [156]=NarrowOop [160]=Oop }
                      ;*invokevirtual getCodeSigners {reexecute=0 rethrow=0 return_oop=0}
                      ; - jdk.internal.loader.URLClassPath$JarLoader$2::getCodeSigners@4
                      ; - java.net.URLClassLoader::defineClass@185
                      ; - java.net.URLClassLoader$1::run@43
  0x000002135463fc98: 6480 00ff 

  0x000002135463fc9c: ;   {other}
  0x000002135463fc9c: 0f1f 8400 | 0c84 00cc | baf6 ffff | ff4c 8974 | 2420 4c8b | 5424 384c | 8954 2428 | 448b 5424 
  0x000002135463fcbc: 4c44 8954 | 2438 4889 | 7424 4890 

  0x000002135463fcc8: ;   {runtime_call UncommonTrapBlob}
  0x000002135463fcc8: c5f8 77e8 

  0x000002135463fccc: ; ImmutableOopMap {[32]=Oop [56]=NarrowOop [72]=Oop [80]=Oop [152]=NarrowOop [156]=NarrowOop [160]=Oop }
                      ;*invokevirtual maybeInstantiateVerifier {reexecute=0 rethrow=0 return_oop=0}
                      ; - java.util.jar.JarFile$JarFileEntry::getCodeSigners@4
                      ; - jdk.internal.loader.URLClassPath$JarLoader$2::getCodeSigners@4
                      ; - java.net.URLClassLoader::defineClass@185
                      ; - java.net.URLClassLoader$1::run@43
  0x000002135463fccc: 3080 00ff 

  0x000002135463fcd0: ;   {other}
  0x000002135463fcd0: 0f1f 8400 | 4084 00cd | baf6 ffff | ff4c 8974 | 2420 4c8b | 5424 384c | 8954 2428 | 448b 5c24 
  0x000002135463fcf0: 4c44 895c | 2438 4889 | 7424 4890 

  0x000002135463fcfc: ;   {runtime_call UncommonTrapBlob}
  0x000002135463fcfc: c5f8 77e8 

  0x000002135463fd00: ; ImmutableOopMap {[32]=Oop [56]=NarrowOop [72]=Oop [80]=Oop [152]=NarrowOop [156]=NarrowOop [160]=Oop }
                      ;*getfield jv {reexecute=1 rethrow=0 return_oop=0}
                      ; - (reexecute) java.util.jar.JarFile$JarFileEntry::getCodeSigners@31
                      ; - jdk.internal.loader.URLClassPath$JarLoader$2::getCodeSigners@4
                      ; - java.net.URLClassLoader::defineClass@185
                      ; - java.net.URLClassLoader$1::run@43
  0x000002135463fd00: fc7f 00ff 

  0x000002135463fd04: ;   {other}
  0x000002135463fd04: 0f1f 8400 | 7484 00ce | baf6 ffff | ff48 8b6c | 2450 4c8b | 5424 584c | 8954 2428 | 4c8b 5424 
  0x000002135463fd24: 384c 8954 | 2430 448b | 5c24 4c44 | 895c 2440 

  0x000002135463fd34: ;   {runtime_call UncommonTrapBlob}
  0x000002135463fd34: c5f8 77e8 

  0x000002135463fd38: ; ImmutableOopMap {rbp=Oop [40]=Oop [64]=NarrowOop [88]=Oop [96]=Oop [152]=NarrowOop [156]=NarrowOop [200]=Oop }
                      ;*invokevirtual isNamed {reexecute=0 rethrow=0 return_oop=0}
                      ; - java.lang.Package::isSealed@4
                      ; - java.net.URLClassLoader::getAndVerifyPackage@14
                      ; - java.net.URLClassLoader::defineClass@46
                      ; - java.net.URLClassLoader$1::run@43
  0x000002135463fd38: c47f 00ff 

  0x000002135463fd3c: ;   {other}
  0x000002135463fd3c: 0f1f 8400 | ac84 00cf | baf6 ffff | ff48 8b6c | 2450 4c8b | 5424 584c | 8954 2428 | 4c8b 5424 
  0x000002135463fd5c: 384c 8954 | 2430 448b | 5424 4c44 | 8954 2440 

  0x000002135463fd6c: ;   {runtime_call UncommonTrapBlob}
  0x000002135463fd6c: c5f8 77e8 

  0x000002135463fd70: ; ImmutableOopMap {rbp=Oop [40]=Oop [64]=NarrowOop [88]=Oop [96]=Oop [152]=NarrowOop [156]=NarrowOop [200]=Oop }
                      ;*getfield sealBase {reexecute=1 rethrow=0 return_oop=0}
                      ; - (reexecute) java.lang.Package::isSealed@14
                      ; - java.net.URLClassLoader::getAndVerifyPackage@14
                      ; - java.net.URLClassLoader::defineClass@46
                      ; - java.net.URLClassLoader$1::run@43
  0x000002135463fd70: 8c7f 00ff 

  0x000002135463fd74: ;   {other}
  0x000002135463fd74: 0f1f 8400 | e484 00d0 | baf6 ffff | ff48 8974 | 2428 4c8b | 5424 384c | 8954 2430 | 4489 6c24 
  0x000002135463fd94: 404c 894c | 2448 6690 

  0x000002135463fd9c: ;   {runtime_call UncommonTrapBlob}
  0x000002135463fd9c: c5f8 77e8 

  0x000002135463fda0: ; ImmutableOopMap {[40]=Oop [64]=NarrowOop [72]=Oop [80]=Oop [152]=NarrowOop [156]=NarrowOop }
                      ;*getfield jar {reexecute=1 rethrow=0 return_oop=0}
                      ; - (reexecute) jdk.internal.loader.URLClassPath$JarLoader$2::getInputStream@4
                      ; - jdk.internal.loader.Resource::cachedInputStream@9
                      ; - jdk.internal.loader.Resource::getByteBuffer@1
                      ; - java.net.URLClassLoader::defineClass@132
                      ; - java.net.URLClassLoader$1::run@43
  0x000002135463fda0: 5c7f 00ff 

  0x000002135463fda4: ;   {other}
  0x000002135463fda4: 0f1f 8400 | 1485 00d1 | ba45 ffff | ff48 8b6c | 2450 4c8b | 4424 304c | 8944 2420 | 4c8b 4424 
  0x000002135463fdc4: 384c 8944 | 2428 4c8b | 4424 604c | 8944 2440 | 4489 5424 | 6048 895c | 2468 4489 | 5c24 7090 
  0x000002135463fde4: ;   {runtime_call UncommonTrapBlob}
  0x000002135463fde4: c5f8 77e8 

  0x000002135463fde8: ; ImmutableOopMap {rbp=Oop [32]=Oop [64]=Oop [72]=Oop [96]=NarrowOop [104]=Oop [112]=NarrowOop [152]=NarrowOop [156]=NarrowOop [160]=Oop }
                      ;*ifnull {reexecute=1 rethrow=0 return_oop=0}
                      ; - (reexecute) sun.net.util.URLUtil::urlNoFragString@62
                      ; - java.security.CodeSource::<init>@30
                      ; - java.net.URLClassLoader::defineClass@198
                      ; - java.net.URLClassLoader$1::run@43
  0x000002135463fde8: 147f 00ff 

  0x000002135463fdec: ;   {other}
  0x000002135463fdec: 0f1f 8400 | 5c85 00d2 | ba45 ffff | ff48 8b6c | 2450 4c8b | 5c24 304c | 895c 2420 | 4c8b 5c24 
  0x000002135463fe0c: 384c 895c | 2428 4c8b | 5c24 604c | 895c 2440 | 4889 5c24 | 6044 8954 | 246c 6690 

  0x000002135463fe28: ;   {runtime_call UncommonTrapBlob}
  0x000002135463fe28: c5f8 77e8 

  0x000002135463fe2c: ; ImmutableOopMap {rbp=Oop [32]=Oop [64]=Oop [72]=Oop [96]=Oop [108]=NarrowOop [152]=NarrowOop [156]=NarrowOop [160]=Oop }
                      ;*ifnull {reexecute=1 rethrow=0 return_oop=0}
                      ; - (reexecute) sun.net.util.URLUtil::urlNoFragString@128
                      ; - java.security.CodeSource::<init>@30
                      ; - java.net.URLClassLoader::defineClass@198
                      ; - java.net.URLClassLoader$1::run@43
  0x000002135463fe2c: d07e 00ff 

  0x000002135463fe30: ;   {other}
  0x000002135463fe30: 0f1f 8400 | a085 00d3 | ba45 ffff | ff48 8b6c | 2450 4889 | 7424 204c | 8b44 2438 | 4c89 4424 
  0x000002135463fe50: 2844 896c | 2440 4c89 | 5424 5044 | 895c 2458 

  0x000002135463fe60: ;   {runtime_call UncommonTrapBlob}
  0x000002135463fe60: c5f8 77e8 

  0x000002135463fe64: ; ImmutableOopMap {rbp=Oop [32]=Oop [64]=NarrowOop [80]=Oop [88]=NarrowOop [152]=NarrowOop [156]=NarrowOop [200]=Oop }
                      ;*ifnonnull {reexecute=1 rethrow=0 return_oop=0}
                      ; - (reexecute) jdk.internal.access.SharedSecrets::javaUtilJarAccess@5
                      ; - jdk.internal.loader.URLClassPath$JarLoader$2::getManifest@0
                      ; - java.net.URLClassLoader::defineClass@34
                      ; - java.net.URLClassLoader$1::run@43
  0x000002135463fe64: 987e 00ff 

  0x000002135463fe68: ;   {other}
  0x000002135463fe68: 0f1f 8400 | d885 00d4 | baf6 ffff | ff48 8b6c | 2450 4889 | 7424 204c | 8b5c 2438 | 4c89 5c24 
  0x000002135463fe88: 2844 896c | 2440 4c89 | 5424 5044 | 8944 2458 | 4489 4424 | 5c66 6690 

  0x000002135463fea0: ;   {runtime_call UncommonTrapBlob}
  0x000002135463fea0: c5f8 77e8 

  0x000002135463fea4: ; ImmutableOopMap {rbp=Oop [32]=Oop [64]=NarrowOop [80]=Oop [88]=NarrowOop [92]=NarrowOop [152]=NarrowOop [156]=NarrowOop [200]=Oop }
                      ;*getfield zsrc {reexecute=1 rethrow=0 return_oop=0}
                      ; - (reexecute) java.util.zip.ZipFile::ensureOpen@22
                      ; - java.util.zip.ZipFile::getManifestName@5
                      ; - java.util.zip.ZipFile$1::getManifestName@2
                      ; - java.util.jar.JarFile::maybeInstantiateVerifier@20
                      ; - java.util.jar.JarFile::ensureInitialization@1
                      ; - java.util.jar.JavaUtilJarAccessImpl::ensureInitialization@1
                      ; - jdk.internal.loader.URLClassPath$JarLoader$2::getManifest@10
                      ; - java.net.URLClassLoader::defineClass@34
                      ; - java.net.URLClassLoader$1::run@43
  0x000002135463fea4: 587e 00ff 

  0x000002135463fea8: ;   {other}
  0x000002135463fea8: 0f1f 8400 | 1886 00d5 | baf6 ffff | ff48 8b6c | 2450 4c89 | 7424 204c | 8b54 2438 | 4c89 5424 
  0x000002135463fec8: 2844 8b5c | 244c 4489 | 5c24 3848 | 8974 2448 | 4489 6c24 | 5044 896c | 2454 6690 

  0x000002135463fee4: ;   {runtime_call UncommonTrapBlob}
  0x000002135463fee4: c5f8 77e8 

  0x000002135463fee8: ; ImmutableOopMap {rbp=Oop [32]=Oop [56]=NarrowOop [72]=Oop [80]=NarrowOop [84]=NarrowOop [152]=NarrowOop [156]=NarrowOop [160]=Oop }
                      ;*getfield zsrc {reexecute=1 rethrow=0 return_oop=0}
                      ; - (reexecute) java.util.zip.ZipFile::ensureOpen@22
                      ; - java.util.zip.ZipFile::getManifestName@5
                      ; - java.util.zip.ZipFile$1::getManifestName@2
                      ; - java.util.jar.JarFile::maybeInstantiateVerifier@20
                      ; - java.util.jar.JarFile$JarFileEntry::getCodeSigners@4
                      ; - jdk.internal.loader.URLClassPath$JarLoader$2::getCodeSigners@4
                      ; - java.net.URLClassLoader::defineClass@185
                      ; - java.net.URLClassLoader$1::run@43
  0x000002135463fee8: 147e 00ff 

  0x000002135463feec: ;   {other}
  0x000002135463feec: 0f1f 8400 | 5c86 00d6 | ba45 ffff | ff4c 8b5c | 2450 4c89 | 5c24 2048 | 8974 2428 | 4c8b 5c24 
  0x000002135463ff0c: 384c 895c | 2430 4489 | 6c24 484c | 8954 2458 | 4489 4424 | 6044 8944 | 2464 6690 

  0x000002135463ff28: ;   {runtime_call UncommonTrapBlob}
  0x000002135463ff28: c5f8 77e8 

  0x000002135463ff2c: ; ImmutableOopMap {rbp=NarrowOop [32]=Oop [40]=Oop [72]=NarrowOop [88]=Oop [96]=NarrowOop [100]=NarrowOop [152]=NarrowOop [156]=NarrowOop [200]=Oop }
                      ;*ifnonnull {reexecute=1 rethrow=0 return_oop=0}
                      ; - (reexecute) java.util.zip.ZipFile::ensureOpen@25
                      ; - java.util.zip.ZipFile::getManifestName@5
                      ; - java.util.zip.ZipFile$1::getManifestName@2
                      ; - java.util.jar.JarFile::maybeInstantiateVerifier@20
                      ; - java.util.jar.JarFile::ensureInitialization@1
                      ; - java.util.jar.JavaUtilJarAccessImpl::ensureInitialization@1
                      ; - jdk.internal.loader.URLClassPath$JarLoader$2::getManifest@10
                      ; - java.net.URLClassLoader::defineClass@34
                      ; - java.net.URLClassLoader$1::run@43
  0x000002135463ff2c: d07d 00ff 

  0x000002135463ff30: ;   {other}
  0x000002135463ff30: 0f1f 8400 | a086 00d7 | ba45 ffff | ff4c 8b54 | 2450 4c89 | 5424 204c | 8974 2428 | 4c8b 5424 
  0x000002135463ff50: 384c 8954 | 2430 448b | 5424 4c44 | 8954 2440 | 4889 7424 | 5044 896c | 2458 4489 | 6c24 5c90 
  0x000002135463ff70: ;   {runtime_call UncommonTrapBlob}
  0x000002135463ff70: c5f8 77e8 

  0x000002135463ff74: ; ImmutableOopMap {rbp=NarrowOop [32]=Oop [40]=Oop [64]=NarrowOop [80]=Oop [88]=NarrowOop [92]=NarrowOop [152]=NarrowOop [156]=NarrowOop [160]=Oop }
                      ;*ifnonnull {reexecute=1 rethrow=0 return_oop=0}
                      ; - (reexecute) java.util.zip.ZipFile::ensureOpen@25
                      ; - java.util.zip.ZipFile::getManifestName@5
                      ; - java.util.zip.ZipFile$1::getManifestName@2
                      ; - java.util.jar.JarFile::maybeInstantiateVerifier@20
                      ; - java.util.jar.JarFile$JarFileEntry::getCodeSigners@4
                      ; - jdk.internal.loader.URLClassPath$JarLoader$2::getCodeSigners@4
                      ; - java.net.URLClassLoader::defineClass@185
                      ; - java.net.URLClassLoader$1::run@43
  0x000002135463ff74: 887d 00ff 

  0x000002135463ff78: ;   {other}
  0x000002135463ff78: 0f1f 8400 | e886 00d8 | baf6 ffff | ff48 8b6c | 2450 4c8b | 5c24 404c | 895c 2420 | 4c8b 5c24 
  0x000002135463ff98: 384c 895c | 2428 448b | 5c24 4c44 | 895c 243c | 894c 2450 | 897c 2460 | 4489 5424 | 6466 6690 
  0x000002135463ffb8: ;   {runtime_call UncommonTrapBlob}
  0x000002135463ffb8: c5f8 77e8 

  0x000002135463ffbc: ; ImmutableOopMap {rbp=Oop [32]=Oop [60]=NarrowOop [104]=Oop [136]=Oop [152]=NarrowOop [156]=NarrowOop }
                      ;*invokevirtual read {reexecute=0 rethrow=0 return_oop=0}
                      ; - jdk.internal.loader.Resource::getBytes@117
                      ; - java.net.URLClassLoader::defineClass@179
                      ; - java.net.URLClassLoader$1::run@43
  0x000002135463ffbc: 407d 00ff 

  0x000002135463ffc0: ;   {other}
  0x000002135463ffc0: 0f1f 8400 | 3087 00d9 | baf6 ffff | ff4c 8b54 | 2430 4c89 | 5424 204c | 8b54 2438 | 4c89 5424 
  0x000002135463ffe0: 2866 6690 

  0x000002135463ffe4: ;   {runtime_call UncommonTrapBlob}
  0x000002135463ffe4: c5f8 77e8 

  0x000002135463ffe8: ; ImmutableOopMap {[32]=Oop [80]=Oop [96]=Oop [152]=NarrowOop [156]=NarrowOop [160]=Oop }
                      ;*arraylength {reexecute=0 rethrow=0 return_oop=0}
                      ; - java.lang.String::getBytes@39
                      ; - java.lang.AbstractStringBuilder::putStringAt@15
                      ; - java.lang.AbstractStringBuilder::append@30
                      ; - java.lang.StringBuilder::append@2
                      ; - sun.net.util.URLUtil::urlNoFragString@45
                      ; - java.security.CodeSource::<init>@30
                      ; - java.net.URLClassLoader::defineClass@198
                      ; - java.net.URLClassLoader$1::run@43
  0x000002135463ffe8: 147d 00ff 

  0x000002135463ffec: ;   {other}
  0x000002135463ffec: 0f1f 8400 | 5c87 00da | baf6 ffff | ff4c 8b54 | 2430 4c89 | 5424 204c | 8b54 2438 | 4c89 5424 
  0x000002135464000c: 2866 6690 

  0x0000021354640010: ;   {runtime_call UncommonTrapBlob}
  0x0000021354640010: c5f8 77e8 

  0x0000021354640014: ; ImmutableOopMap {[32]=Oop [80]=Oop [96]=Oop [152]=NarrowOop [156]=NarrowOop [160]=Oop }
                      ;*arraylength {reexecute=0 rethrow=0 return_oop=0}
                      ; - java.lang.String::getBytes@39
                      ; - java.lang.AbstractStringBuilder::putStringAt@15
                      ; - java.lang.AbstractStringBuilder::append@30
                      ; - java.lang.StringBuilder::append@2
                      ; - sun.net.util.URLUtil::urlNoFragString@134
                      ; - java.security.CodeSource::<init>@30
                      ; - java.net.URLClassLoader::defineClass@198
                      ; - java.net.URLClassLoader$1::run@43
  0x0000021354640014: e87c 00ff 

  0x0000021354640018: ;   {other}
  0x0000021354640018: 0f1f 8400 | 8887 00db | baf6 ffff | ff48 8974 | 2420 4c8b | 4424 384c | 8944 2428 | 4489 5424 
  0x0000021354640038: 304c 895c | 2440 6690 

  0x0000021354640040: ;   {runtime_call UncommonTrapBlob}
  0x0000021354640040: c5f8 77e8 

  0x0000021354640044: ; ImmutableOopMap {[32]=Oop [64]=Oop [80]=Oop [152]=NarrowOop [156]=NarrowOop }
                      ;*invokevirtual getBaseURL {reexecute=0 rethrow=0 return_oop=0}
                      ; - jdk.internal.loader.URLClassPath$FileLoader$1::getCodeSourceURL@4
                      ; - java.net.URLClassLoader::defineClass@13
                      ; - java.net.URLClassLoader$1::run@43
  0x0000021354640044: b87c 00ff 

  0x0000021354640048: ;   {other}
  0x0000021354640048: 0f1f 8400 | b887 00dc | baf6 ffff | ff48 8b6c | 2450 4c8b | 5424 404c | 8954 2420 | 4c8b 5424 
  0x0000021354640068: 384c 8954 | 2428 448b | 5c24 4c44 | 895c 2440 | 4889 7c24 | 4848 897c | 2450 448b | 5c24 7444 
  0x0000021354640088: 895c 2444 

  0x000002135464008c: ;   {runtime_call UncommonTrapBlob}
  0x000002135464008c: c5f8 77e8 

  0x0000021354640090: ; ImmutableOopMap {rbp=Oop [32]=Oop [64]=NarrowOop [68]=NarrowOop [72]=Oop [80]=Oop [104]=Oop [112]=NarrowOop [152]=NarrowOop [156]=NarrowOop }
                      ;*arraylength {reexecute=0 rethrow=0 return_oop=0}
                      ; - java.lang.String::length@4
                      ; - java.lang.String::indexOf@14
                      ; - java.lang.String::indexOf@3
                      ; - java.io.WinNTFileSystem::isInvalid@5
                      ; - java.io.File::isInvalid@13
                      ; - java.io.FileInputStream::<init>@54
                      ; - jdk.internal.loader.URLClassPath$FileLoader$1::getInputStream@8
                      ; - jdk.internal.loader.Resource::cachedInputStream@9
                      ; - jdk.internal.loader.Resource::getBytes@1
                      ; - java.net.URLClassLoader::defineClass@179
                      ; - java.net.URLClassLoader$1::run@43
  0x0000021354640090: 6c7c 00ff 

  0x0000021354640094: ;   {other}
  0x0000021354640094: 0f1f 8400 | 0488 00dd | baf6 ffff | ff48 8b6c | 2450 4c8b | 5424 404c | 8954 2428 | 4c8b 5424 
  0x00000213546400b4: 384c 8954 | 2430 448b | 5424 4c44 | 8954 2440 

  0x00000213546400c4: ;   {runtime_call UncommonTrapBlob}
  0x00000213546400c4: c5f8 77e8 

  0x00000213546400c8: ; ImmutableOopMap {rbp=Oop [40]=Oop [64]=NarrowOop [92]=NarrowOop [96]=Oop [104]=Oop [112]=NarrowOop [152]=NarrowOop [156]=NarrowOop }
                      ;*arraylength {reexecute=0 rethrow=0 return_oop=0}
                      ; - java.lang.String::length@4
                      ; - java.lang.String::indexOf@14
                      ; - java.lang.String::indexOf@3
                      ; - java.io.WinNTFileSystem::isInvalid@5
                      ; - java.io.File::isInvalid@13
                      ; - java.io.FileInputStream::<init>@54
                      ; - jdk.internal.loader.URLClassPath$FileLoader$1::getInputStream@8
                      ; - jdk.internal.loader.Resource::cachedInputStream@9
                      ; - jdk.internal.loader.Resource::getByteBuffer@1
                      ; - java.net.URLClassLoader::defineClass@132
                      ; - java.net.URLClassLoader$1::run@43
  0x00000213546400c8: 347c 00ff 

  0x00000213546400cc: ;   {other}
  0x00000213546400cc: 0f1f 8400 | 3c88 00de | ba45 ffff | ff48 8b6c | 2450 4c8b | 5c24 404c | 895c 2420 | 4c8b 5c24 
  0x00000213546400ec: 384c 895c | 2428 448b | 4424 4c44 | 8944 2440 | 4889 7c24 | 4848 897c | 2450 4c89 | 5424 7044 
  0x000002135464010c: 894c 2478 

  0x0000021354640110: ;   {runtime_call UncommonTrapBlob}
  0x0000021354640110: c5f8 77e8 

  0x0000021354640114: ; ImmutableOopMap {rbp=Oop [32]=Oop [64]=NarrowOop [72]=Oop [80]=Oop [112]=Oop [120]=NarrowOop [152]=NarrowOop [156]=NarrowOop }
                      ;*ifnull {reexecute=1 rethrow=0 return_oop=0}
                      ; - (reexecute) java.io.FileInputStream::<init>@16
                      ; - jdk.internal.loader.URLClassPath$FileLoader$1::getInputStream@8
                      ; - jdk.internal.loader.Resource::cachedInputStream@9
                      ; - jdk.internal.loader.Resource::getBytes@1
                      ; - java.net.URLClassLoader::defineClass@179
                      ; - java.net.URLClassLoader$1::run@43
  0x0000021354640114: e87b 00ff 

  0x0000021354640118: ;   {other}
  0x0000021354640118: 0f1f 8400 | 8888 00df | ba45 ffff | ff48 8b6c | 2450 4c8b | 4424 404c | 8944 2420 | 4c8b 4424 
  0x0000021354640138: 384c 8944 | 2428 448b | 4424 4c44 | 8944 2440 | 4889 7c24 | 4848 897c | 2450 4c89 | 5424 6844 
  0x0000021354640158: 895c 2470 

  0x000002135464015c: ;   {runtime_call UncommonTrapBlob}
  0x000002135464015c: c5f8 77e8 

  0x0000021354640160: ; ImmutableOopMap {rbp=Oop [32]=Oop [64]=NarrowOop [72]=Oop [80]=Oop [104]=Oop [112]=NarrowOop [152]=NarrowOop [156]=NarrowOop }
                      ;*ifnonnull {reexecute=1 rethrow=0 return_oop=0}
                      ; - (reexecute) java.io.FileInputStream::<init>@42
                      ; - jdk.internal.loader.URLClassPath$FileLoader$1::getInputStream@8
                      ; - jdk.internal.loader.Resource::cachedInputStream@9
                      ; - jdk.internal.loader.Resource::getBytes@1
                      ; - java.net.URLClassLoader::defineClass@179
                      ; - java.net.URLClassLoader$1::run@43
  0x0000021354640160: 9c7b 00ff 

  0x0000021354640164: ;   {other}
  0x0000021354640164: 0f1f 8400 | d488 00e0 | ba45 ffff | ff48 8b6c | 2450 4c8b | 5424 404c | 8954 2428 | 4c8b 5424 
  0x0000021354640184: 384c 8954 | 2430 448b | 5424 4c44 | 8954 2440 | 4c8b 5424 | 604c 8954 | 2450 4c89 | 5424 5844 
  0x00000213546401a4: 895c 2470 

  0x00000213546401a8: ;   {runtime_call UncommonTrapBlob}
  0x00000213546401a8: c5f8 77e8 

  0x00000213546401ac: ; ImmutableOopMap {rbp=Oop [40]=Oop [64]=NarrowOop [80]=Oop [88]=Oop [104]=Oop [112]=NarrowOop [152]=NarrowOop [156]=NarrowOop }
                      ;*ifnull {reexecute=1 rethrow=0 return_oop=0}
                      ; - (reexecute) java.io.FileInputStream::<init>@16
                      ; - jdk.internal.loader.URLClassPath$FileLoader$1::getInputStream@8
                      ; - jdk.internal.loader.Resource::cachedInputStream@9
                      ; - jdk.internal.loader.Resource::getByteBuffer@1
                      ; - java.net.URLClassLoader::defineClass@132
                      ; - java.net.URLClassLoader$1::run@43
  0x00000213546401ac: 507b 00ff 

  0x00000213546401b0: ;   {other}
  0x00000213546401b0: 0f1f 8400 | 2089 00e1 | ba45 ffff | ff48 8b6c | 2450 4c8b | 5424 404c | 8954 2428 | 4c8b 5424 
  0x00000213546401d0: 384c 8954 | 2430 448b | 5c24 4c44 | 895c 2440 | 4c8b 5424 | 604c 8954 | 2450 4c89 | 5424 584c 
  0x00000213546401f0: 8b54 2468 | 4c89 5424 | 6044 8b5c | 2470 458b | d344 8954 | 2468 6690 

  0x0000021354640208: ;   {runtime_call UncommonTrapBlob}
  0x0000021354640208: c5f8 77e8 

  0x000002135464020c: ; ImmutableOopMap {rbp=Oop [40]=Oop [64]=NarrowOop [80]=Oop [88]=Oop [96]=Oop [104]=NarrowOop [112]=NarrowOop [152]=NarrowOop [156]=NarrowOop }
                      ;*ifnonnull {reexecute=1 rethrow=0 return_oop=0}
                      ; - (reexecute) java.io.FileInputStream::<init>@42
                      ; - jdk.internal.loader.URLClassPath$FileLoader$1::getInputStream@8
                      ; - jdk.internal.loader.Resource::cachedInputStream@9
                      ; - jdk.internal.loader.Resource::getByteBuffer@1
                      ; - java.net.URLClassLoader::defineClass@132
                      ; - java.net.URLClassLoader$1::run@43
  0x000002135464020c: f07a 00ff 

  0x0000021354640210: ;   {other}
  0x0000021354640210: 0f1f 8400 | 8089 00e2 | ba97 ffff | ff48 8b6c | 2450 4c8b | 5424 304c | 8954 2420 | 4c8b 5424 
  0x0000021354640230: 384c 8954 | 2428 4c8b | 5424 604c | 8954 2458 

  0x0000021354640240: ;   {runtime_call UncommonTrapBlob}
  0x0000021354640240: c5f8 77e8 

  0x0000021354640244: ; ImmutableOopMap {rbp=Oop [32]=Oop [64]=Oop [72]=Oop [88]=Oop [96]=Oop [104]=NarrowOop [152]=NarrowOop [156]=NarrowOop [160]=Oop }
                      ;*invokevirtual clone {reexecute=1 rethrow=0 return_oop=0}
                      ; - (reexecute) java.util.Arrays::copyOfRange@18
                      ; - java.lang.String::<init>@32
                      ; - java.lang.String::<init>@3
                      ; - java.lang.StringBuilder::toString@5
                      ; - sun.net.util.URLUtil::urlNoFragString@139
                      ; - java.security.CodeSource::<init>@30
                      ; - java.net.URLClassLoader::defineClass@198
                      ; - java.net.URLClassLoader$1::run@43
  0x0000021354640244: b87a 00ff 

  0x0000021354640248: ;   {other}
  0x0000021354640248: 0f1f 8400 | b889 00e3 | ba97 ffff | ff48 8b6c | 2450 4c8b | 5424 584c | 8954 2428 | 4c8b 5424 
  0x0000021354640268: 384c 8954 | 2430 448b | 5424 4c44 | 8954 2440 | 4c8b 5424 | 684c 8954 | 2450 6690 

  0x0000021354640284: ;   {runtime_call UncommonTrapBlob}
  0x0000021354640284: c5f8 77e8 

  0x0000021354640288: ; ImmutableOopMap {rbp=Oop [40]=Oop [64]=NarrowOop [80]=Oop [88]=Oop [96]=NarrowOop [104]=Oop [152]=NarrowOop [156]=NarrowOop }
                      ;*invokevirtual clone {reexecute=1 rethrow=0 return_oop=0}
                      ; - (reexecute) java.util.Arrays::copyOfRange@18
                      ; - java.lang.StringLatin1::newString@16
                      ; - java.lang.String::substring@41
                      ; - java.net.URLClassLoader::defineClass@28
                      ; - java.net.URLClassLoader$1::run@43
  0x0000021354640288: 747a 00ff 

  0x000002135464028c: ;   {other}
  0x000002135464028c: 0f1f 8400 | fc89 00e4 | baf6 ffff | ff48 8b6c | 2450 4c8b | 5424 584c | 8954 2420 | 4c8b 5424 
  0x00000213546402ac: 384c 8954 | 2428 448b | 5424 4044 | 8954 2430 | 448b 4424 | 4444 8944 | 2434 4c8b | 5424 704c 
  0x00000213546402cc: 8954 2438 | 4489 5c24 | 5844 895c | 245c 6690 

  0x00000213546402dc: ;   {runtime_call UncommonTrapBlob}
  0x00000213546402dc: c5f8 77e8 

  0x00000213546402e0: ; ImmutableOopMap {rbp=Oop [32]=Oop [48]=NarrowOop [52]=NarrowOop [56]=Oop [88]=NarrowOop [92]=NarrowOop [108]=NarrowOop [200]=Oop }
                      ;*getfield zsrc {reexecute=1 rethrow=0 return_oop=0}
                      ; - (reexecute) java.util.zip.ZipFile::getEntryName@21
                      ; - java.util.zip.ZipFile::getManifestName@41
                      ; - java.util.zip.ZipFile$1::getManifestName@2
                      ; - java.util.jar.JarFile::maybeInstantiateVerifier@20
                      ; - java.util.jar.JarFile::ensureInitialization@1
                      ; - java.util.jar.JavaUtilJarAccessImpl::ensureInitialization@1
                      ; - jdk.internal.loader.URLClassPath$JarLoader$2::getManifest@10
                      ; - java.net.URLClassLoader::defineClass@34
                      ; - java.net.URLClassLoader$1::run@43
  0x00000213546402e0: 1c7a 00ff 

  0x00000213546402e4: ;   {other}
  0x00000213546402e4: 0f1f 8400 | 548a 00e5 | baf6 ffff | ff48 8b6c | 2450 4c8b | 5c24 304c | 895c 2420 | 4c8b 5c24 
  0x0000021354640304: 384c 895c | 2428 448b | 4424 4c44 | 8944 2438 | 4489 5424 | 5044 8954 | 2454 6690 

  0x0000021354640320: ;   {runtime_call UncommonTrapBlob}
  0x0000021354640320: c5f8 77e8 

  0x0000021354640324: ; ImmutableOopMap {rbp=Oop [32]=Oop [56]=NarrowOop [64]=Oop [80]=NarrowOop [84]=NarrowOop [152]=NarrowOop [156]=NarrowOop [160]=Oop }
                      ;*getfield zsrc {reexecute=1 rethrow=0 return_oop=0}
                      ; - (reexecute) java.util.zip.ZipFile::getEntryName@21
                      ; - java.util.zip.ZipFile::getManifestName@41
                      ; - java.util.zip.ZipFile$1::getManifestName@2
                      ; - java.util.jar.JarFile::maybeInstantiateVerifier@20
                      ; - java.util.jar.JarFile$JarFileEntry::getCodeSigners@4
                      ; - jdk.internal.loader.URLClassPath$JarLoader$2::getCodeSigners@4
                      ; - java.net.URLClassLoader::defineClass@185
                      ; - java.net.URLClassLoader$1::run@43
  0x0000021354640324: d879 00ff 

  0x0000021354640328: ;   {other}
  0x0000021354640328: 0f1f 8400 | 988a 00e6 | ba97 ffff | ff4c 8b54 | 2438 4c89 | 5424 2890 

  0x0000021354640340: ;   {runtime_call UncommonTrapBlob}
  0x0000021354640340: c5f8 77e8 

  0x0000021354640344: ; ImmutableOopMap {[32]=Oop [48]=NarrowOop [76]=NarrowOop [80]=Oop [152]=NarrowOop [156]=NarrowOop [160]=Oop }
                      ;*invokevirtual clone {reexecute=1 rethrow=0 return_oop=0}
                      ; - (reexecute) java.util.jar.JarFile$JarFileEntry::getCodeSigners@70
                      ; - jdk.internal.loader.URLClassPath$JarLoader$2::getCodeSigners@4
                      ; - java.net.URLClassLoader::defineClass@185
                      ; - java.net.URLClassLoader$1::run@43
  0x0000021354640344: b879 00ff 

  0x0000021354640348: ;   {other}
  0x0000021354640348: 0f1f 8400 | b88a 00e7 | ba97 ffff | ff48 8b6c | 2450 4c8b | 5424 304c | 8954 2420 | 4c8b 5424 
  0x0000021354640368: 384c 8954 | 2428 6690 

  0x0000021354640370: ;   {runtime_call UncommonTrapBlob}
  0x0000021354640370: c5f8 77e8 

  0x0000021354640374: ; ImmutableOopMap {rbp=Oop [32]=Oop [64]=Oop [72]=Oop [152]=NarrowOop [156]=NarrowOop [160]=Oop }
                      ;*invokevirtual clone {reexecute=1 rethrow=0 return_oop=0}
                      ; - (reexecute) java.security.CodeSource::<init>@42
                      ; - java.net.URLClassLoader::defineClass@198
                      ; - java.net.URLClassLoader$1::run@43
  0x0000021354640374: 8879 00ff 

  0x0000021354640378: ;   {other}
  0x0000021354640378: 0f1f 8400 | e88a 00e8 | 488b d8e9 | 9603 0000 | 488b d844 | 8b58 084d | 33d2 4f8d | 14da 4d8b 
  0x0000021354640398: ;   {metadata('java/io/InterruptedIOException')}
  0x0000021354640398: 5a50 49b8 | 707d 2700 | 0100 0000 | 4d3b d80f | 84e5 0500 | 004d 8b52 

  0x00000213546403b0: ;   {metadata('java/io/IOException')}
  0x00000213546403b0: 4849 bbc0 | 3c09 0001 | 0000 004d | 3bd3 0f85 | 2d09 0000 | 448b 5c24 | 3445 85db | 0f85 c005 
  0x00000213546403d0: 0000 e9f1 | 0500 0048 | 8bd8 e912 | 0900 0048 | 8bd8 e909 | 0800 0048 | 8bd8 e99a | 0600 0048 
  0x00000213546403f0: 8bd8 e9fa | 0800 004c | 8bd0 e9d9 | 0500 0048 | 8be8 e95c | 0500 0048 | 8bd8 e9e1 | 0700 0048 
  0x0000021354640410: 8bd8 e9d9 | 0700 0048 | 8bd8 e9d1 | 0700 0048 | 8bd8 e962 | 0600 0048 | 8bd8 e95a | 0600 0048 
  0x0000021354640430: 8bd8 e952 | 0600 0048 | 8be8 e924 | 0500 0048 | 8bd8 448b | 5808 4d33 | d24f 8d14 | dae9 3a02 
  0x0000021354640450: 0000 488b | d844 8b58 | 084d 33d2 | 4f8d 14da | e9a2 0200 | 0048 8bd8 | e983 0700 | 0048 8bd8 
  0x0000021354640470: e97b 0700 | 0048 8be8 | e9e6 0400 | 0048 8bd8 | e904 0600 | 0048 8bd8 | e9fc 0500 | 0048 8bd8 
  0x0000021354640490: 448b 5808 | 4d33 c04f | 8d04 d84c | 8b54 2458 | 4c89 5424 | 20e9 a008 | 0000 488b | d8e9 3f08 
  0x00000213546404b0: ;   {no_reloc}
  0x00000213546404b0: 0000 488b | d844 8b40 | 084d 33db | 4f8d 1cc3 | e9a7 0300 | 0044 8b58 | 084d 33c0 | 4f8d 04d8 
  0x00000213546404d0: e958 0400 | 0048 8bd8 | 448b 5008 | 4d33 c04f | 8d04 d04c | 8b54 2440 | 4c89 5424 | 20e9 5808 
  0x00000213546404f0: 0000 4c8b | d0e9 fa02 | 0000 4889 | 4424 4048 | 8b6c 2448 | 4c8b 5424 | 604c 8954 | 2420 4c8b 
  0x0000021354640510: 5424 384c | 8954 2428 | 488b 5424 | 3044 8b54 | 246c 4489 | 5424 6090 

  0x0000021354640528: ;   {static_call}
  0x0000021354640528: c5f8 77e8 

  0x000002135464052c: ; ImmutableOopMap {rbp=Oop [32]=Oop [64]=Oop [80]=Oop [88]=Oop [96]=NarrowOop [112]=Oop [128]=Oop [200]=Oop }
                      ;*invokestatic endInit {reexecute=0 rethrow=0 return_oop=0}
                      ; - java.util.jar.JarFile::ensureInitialization@53
                      ; - java.util.jar.JavaUtilJarAccessImpl::ensureInitialization@1
                      ; - jdk.internal.loader.URLClassPath$JarLoader$2::getManifest@10
                      ; - java.net.URLClassLoader::defineClass@34
                      ; - java.net.URLClassLoader$1::run@43
  0x000002135464052c: 50f3 fffe 

  0x0000021354640530: ;   {other}
  0x0000021354640530: 0f1f 8400 | a08c 00e9 | 4c8b 5424 | 4049 8bda | e9d9 0100 | 0048 8bd8 | e9d1 0100 | 0048 8bd8 
  0x0000021354640550: e9c9 0100 | 004c 8bd0 | e97b 0400 | 004c 8bd0 | e943 0700 | 004c 8bd0 | e987 0200 | 0048 8bd8 
  0x0000021354640570: e967 0800 | 0048 8bd8 | e95f 0800 | 0048 8bd8 | e957 0800 | 004c 8b54 | 2458 4c89 | 5424 20e9 
  0x0000021354640590: b607 0000 | 4c8b d0e9 | 9607 0000 | 4c8b d0e9 | 8e07 0000 | 4c8b d0e9 | fc06 0000 | 4c8b d0e9 
  0x00000213546405b0: f406 0000 | 4c8b d0e9 | ec06 0000 | 488b d844 | 8b58 084d | 33c0 4f8d | 04d8 4889 | 6c24 20e9 
  0x00000213546405d0: 7607 0000 | 488b d8eb | 0848 8bd8 | eb03 488b | d84c 8b5c | 2460 488d | 8424 d000 | 0000 4883 
  0x00000213546405f0: 3800 0f84 | 7900 0000 | 4d8b 1341 | f6c2 020f | 8462 0000 | 0049 83ba | 8600 0000 | 0074 0949 
  0x0000021354640610: ff8a 8600 | 0000 eb4b | 498b 8296 | 0000 0049 | 0b82 8e00 | 0000 750a | 49c7 423e 

  0x000002135464062c: ;   {no_reloc}
  0x000002135464062c: 0000 0000 | eb3d 4983 | ba9e 0000 | 0000 7422 | 4833 c049 | c742 3e00 | 0000 00f0 | 8304 2400 
  0x000002135464064c: 4983 ba9e | 0000 0000 | 750d f04d | 0fb1 7a3e | 7505 83c8 | 01eb 0ca8 | 00eb 084c | 8b10 f04d 
  0x000002135464066c: 0fb1 1375 | 0a49 ff8f | 5005 0000 | 4533 d20f | 851f 0800 | 0044 8b5b | 084d 33d2 | 4f8d 14da 
  0x000002135464068c: 4d8b 5248 

  0x0000021354640690: ;   {metadata('java/io/IOException')}
  0x0000021354640690: 49bb c03c | 0900 0100 | 0000 4d3b | d30f 8599 | 0100 0048 | 8beb ba2a | 0000 004c | 8b54 2430 
  0x00000213546406b0: 4c89 5424 | 284c 8b54 | 2438 4c89 | 5424 3044 | 8b5c 244c | 4489 5c24 | 4066 6690 

  0x00000213546406cc: ;   {runtime_call UncommonTrapBlob}
  0x00000213546406cc: c5f8 77e8 

  0x00000213546406d0: ; ImmutableOopMap {rbp=Oop [40]=Oop [64]=NarrowOop [80]=Oop [152]=NarrowOop [156]=NarrowOop [160]=Oop }
                      ;*new {reexecute=0 rethrow=0 return_oop=0}
                      ; - java.util.jar.JarFile$JarFileEntry::getCodeSigners@11
                      ; - jdk.internal.loader.URLClassPath$JarLoader$2::getCodeSigners@4
                      ; - java.net.URLClassLoader::defineClass@185
                      ; - java.net.URLClassLoader$1::run@43
  0x00000213546406d0: 2c76 00ff 

  0x00000213546406d4: ;   {other}
  0x00000213546406d4: 0f1f 8400 | 448e 00ea | 4c8b d0e9 | f402 0000 | 4c8b d0e9 | ec02 0000 | 4c8b d0eb | 084c 8bd0 
  0x00000213546406f4: eb03 4c8b | d049 8bda | 458b 4208 | 4d33 d24f | 8d14 c24d 

  0x0000021354640708: ;   {metadata('java/io/IOException')}
  0x0000021354640708: 8b52 4849 | bbc0 3c09 | 0001 0000 | 004d 3bd3 | 0f84 2e07 | 0000 4c8b | 9c24 8000 | 0000 488d 
  0x0000021354640728: 8424 d000 | 0000 4883 | 3800 0f84 | 7900 0000 | 4d8b 1341 | f6c2 020f | 8462 0000 | 0049 83ba 
  0x0000021354640748: 8600 0000 | 0074 0949 | ff8a 8600 | 0000 eb4b | 498b 8296 | 0000 0049 | 0b82 8e00 | 0000 750a 
  0x0000021354640768: 49c7 423e | 0000 0000 | eb3d 4983 | ba9e 0000 | 0000 7422 | 4833 c049 | c742 3e00 | 0000 00f0 
  0x0000021354640788: 8304 2400 | 4983 ba9e | 0000 0000 | 750d f04d | 0fb1 7a3e | 7505 83c8 | 01eb 0ca8 | 00eb 084c 
  0x00000213546407a8: 8b10 f04d | 0fb1 1375 | 0a49 ff8f | 5005 0000 | 4533 d20f | 8407 0500 | 0048 8b8c | 2480 0000 
  0x00000213546407c8: 0048 8d94 | 24d0 0000 | 004d 8bc7 | c5f8 7749 | ba80 42c7 | fcfb 7f00 | 0041 ffd2 

  0x00000213546407e4: ;   {other}
  0x00000213546407e4: 0f1f 8400 | 0000 0000 | e9d7 0400 | 004c 8bd0 | 498b da45 | 8b5a 084d | 33c0 4f8d | 04d8 4c8b 
  0x0000021354640804: 5424 404c | 8954 2420 | e939 0500 | 0048 8bd8 | 448b 5808 | 4d33 c04f | 8d04 d84d | 8b50 504c 
  0x0000021354640824: 3bd5 0f85 | 59fd ffff | 4533 c9e9 | 3e03 0000 | 488b d8eb | 0348 8bd8 | 448b 5b08 | 4d33 c04f 
  0x0000021354640844: 8d04 d84c | 8b54 2430 | 4c89 5424 | 20e9 f404 | 0000 4c8b | d0e9 4a04 | 0000 488b | d844 8b50 
  0x0000021354640864: 084d 33db | 4f8d 1cd3 | 4d8b 5350 

  0x0000021354640870: ;   {metadata('java/io/InterruptedIOException')}
  0x0000021354640870: 49b8 707d | 2700 0100 | 0000 4d3b | d00f 8421 | e8ff ff4d 

  0x0000021354640884: ;   {metadata('java/io/IOException')}
  0x0000021354640884: 8b53 4849 | bbc0 3c09 | 0001 0000 | 004d 3bd3 | 0f85 5704 | 0000 448b | 5c24 3045 | 85db 0f84 
  0x00000213546408a4: c6a9 ffff | e9fd e7ff | ff48 8bd8 | 448b 5008 | 4d33 db4f | 8d1c d34d 

  0x00000213546408bc: ;   {metadata('java/io/InterruptedIOException')}
  0x00000213546408bc: 8b53 5049 | bb70 7d27 | 0001 0000 | 004d 3bd3 | 0f85 1f04 | 0000 6690 

  0x00000213546408d4: ;   {static_call}
  0x00000213546408d4: c5f8 77e8 

  0x00000213546408d8: ; ImmutableOopMap {[40]=Oop [48]=NarrowOop [64]=Oop [76]=NarrowOop [80]=Oop [88]=Oop [96]=Oop [104]=Oop [152]=NarrowOop [156]=NarrowOop }
                      ;*invokestatic interrupted {reexecute=0 rethrow=0 return_oop=0}
                      ; - jdk.internal.loader.Resource::getBytes@20
                      ; - java.net.URLClassLoader::defineClass@179
                      ; - java.net.URLClassLoader$1::run@43
  0x00000213546408d8: a4ef fffe 

  0x00000213546408dc: ;   {other}
  0x00000213546408dc: 0f1f 8400 | 4c90 00eb | 4d8b 9758 

  0x00000213546408e8: ; ImmutableOopMap {[40]=Oop [48]=NarrowOop [64]=Oop [76]=NarrowOop [80]=Oop [88]=Oop [96]=Oop [104]=Oop [152]=NarrowOop [156]=NarrowOop }
                      ;*goto {reexecute=1 rethrow=0 return_oop=0}
                      ; - (reexecute) jdk.internal.loader.Resource::getBytes@26
                      ; - java.net.URLClassLoader::defineClass@179
                      ; - java.net.URLClassLoader$1::run@43
                      ;   {poll}
  0x00000213546408e8: 0400 0041 | 8502 41b8 | 0100 0000 | 4c8b 5424 | 6048 8b4c | 2420 488b | 7c24 6844 | 8b5c 2430 
  0x0000021354640908: e933 a6ff | ff4c 8bd0 | eb08 4c8b | d0eb 034c | 8bd0 498b | dae9 ba04 | 0000 448b | 5008 4d33 
  0x0000021354640928: c04f 8d04 | d04d 8b50 

  0x0000021354640930: ;   {metadata('java/io/InterruptedIOException')}
  0x0000021354640930: 5049 bb70 | 7d27 0001 | 0000 004d | 3bd3 7520 

  0x0000021354640940: ;   {static_call}
  0x0000021354640940: c5f8 77e8 

  0x0000021354640944: ; ImmutableOopMap {rbp=Oop [40]=Oop [48]=NarrowOop [64]=Oop [76]=NarrowOop [80]=Oop [88]=Oop [96]=Oop [104]=Oop [136]=Oop [152]=NarrowOop [156]=NarrowOop }
                      ;*invokestatic interrupted {reexecute=0 rethrow=0 return_oop=0}
                      ; - jdk.internal.loader.Resource::getBytes@127
                      ; - java.net.URLClassLoader::defineClass@179
                      ; - java.net.URLClassLoader$1::run@43
  0x0000021354640944: 38ef fffe 

  0x0000021354640948: ;   {other}
  0x0000021354640948: 0f1f 8400 | b890 00ed | 448b 5424 | 7041 bb01 | 0000 00e9 | b4a8 ffff | 488b e844 | 8b5c 2430 
  0x0000021354640968: 498b d366 | 6690 c5f8 | 7748 b8ff | ffff ffff 

  0x0000021354640978: ;   {virtual_call}
  0x0000021354640978: ffff ffe8 

  0x000002135464097c: ; ImmutableOopMap {rbp=Oop [40]=Oop [64]=Oop [76]=NarrowOop [80]=Oop [88]=Oop [96]=Oop [104]=Oop }
                      ;*invokevirtual close {reexecute=0 rethrow=0 return_oop=0}
                      ; - jdk.internal.loader.Resource::getBytes@214
                      ; - java.net.URLClassLoader::defineClass@179
                      ; - java.net.URLClassLoader$1::run@43
  0x000002135464097c: 00ea fffe 

  0x0000021354640980: ;   {other}
  0x0000021354640980: 0f1f 8400 | f090 00ee | 448b 5424 | 3445 85d2 | 7436 4c8b | 5424 284c | 8954 2420 | 4c8b 5424 
  0x00000213546409a0: 584c 8954 | 2428 4c8b | 5424 384c | 8954 2430 | 488b 5424 | 6066 6690 

  0x00000213546409b8: ;   {optimized virtual_call}
  0x00000213546409b8: c5f8 77e8 

  0x00000213546409bc: ; ImmutableOopMap {rbp=Oop [32]=Oop [40]=Oop [64]=Oop [76]=NarrowOop [80]=Oop [104]=Oop }
                      ;*invokevirtual interrupt {reexecute=0 rethrow=0 return_oop=0}
                      ; - jdk.internal.loader.Resource::getBytes@236
                      ; - java.net.URLClassLoader::defineClass@179
                      ; - java.net.URLClassLoader$1::run@43
  0x00000213546409bc: c0e4 fffe 

  0x00000213546409c0: ;   {other}
  0x00000213546409c0: 0f1f 8400 | 3091 00ef | 488b dde9 | 2103 0000 | 4c8b d0eb | 034c 8bd0 | 498b dae9 | fc03 0000 
  0x00000213546409e0: 4889 4424 | 3048 8b6c | 2420 4c8b | 5424 284c | 8954 2420 | 4c8b 5424 | 384c 8954 | 2428 48c7 
  0x0000021354640a00: c2ff ffff | ff66 6690 

  0x0000021354640a08: ;   {static_call}
  0x0000021354640a08: c5f8 77e8 

  0x0000021354640a0c: ; ImmutableOopMap {rbp=Oop [32]=Oop [48]=Oop [64]=Oop [76]=NarrowOop [80]=Oop [96]=Oop [104]=Oop }
                      ;*invokestatic end {reexecute=0 rethrow=0 return_oop=0}
                      ; - java.io.FileInputStream::open@19
                      ; - java.io.FileInputStream::<init>@96
                      ; - jdk.internal.loader.URLClassPath$FileLoader$1::getInputStream@8
                      ; - jdk.internal.loader.Resource::cachedInputStream@9
                      ; - jdk.internal.loader.Resource::getByteBuffer@1
                      ; - java.net.URLClassLoader::defineClass@132
                      ; - java.net.URLClassLoader$1::run@43
  0x0000021354640a0c: 70ee fffe 

  0x0000021354640a10: ;   {other}
  0x0000021354640a10: 0f1f 8400 | 8091 00f0 | 488b 5c24 | 30e9 ce01 | 0000 488b | d8e9 c601 | 0000 4c8b | d0e9 7602 
  0x0000021354640a30: 0000 4c8b | d0e9 6e02 | 0000 4c8b | d0e9 6602 | 0000 4c8b | d0e9 5e02 | 0000 488b | d8eb 3a48 
  0x0000021354640a50: 8944 2430 | 488b 6c24 | 284c 8b54 | 2458 4c89 | 5424 204c | 8b54 2438 | 4c89 5424 | 2848 c7c2 
  0x0000021354640a70: ffff ffff 

  0x0000021354640a74: ;   {static_call}
  0x0000021354640a74: c5f8 77e8 

  0x0000021354640a78: ; ImmutableOopMap {rbp=Oop [32]=Oop [48]=Oop [64]=Oop [76]=NarrowOop [80]=Oop [96]=Oop [104]=Oop }
                      ;*invokestatic end {reexecute=0 rethrow=0 return_oop=0}
                      ; - java.io.FileInputStream::open@19
                      ; - java.io.FileInputStream::<init>@96
                      ; - jdk.internal.loader.URLClassPath$FileLoader$1::getInputStream@8
                      ; - jdk.internal.loader.Resource::cachedInputStream@9
                      ; - jdk.internal.loader.Resource::getBytes@1
                      ; - java.net.URLClassLoader::defineClass@179
                      ; - java.net.URLClassLoader$1::run@43
  0x0000021354640a78: 04ee fffe 

  0x0000021354640a7c: ;   {other}
  0x0000021354640a7c: 0f1f 8400 | ec91 00f1 | 488b 5c24 | 304c 8b5c | 2460 488d | 8424 d000 | 0000 4883 | 3800 0f84 
  0x0000021354640a9c: 7900 0000 | 4d8b 1341 | f6c2 020f | 8462 0000 | 0049 83ba | 8600 0000 | 0074 0949 | ff8a 8600 
  0x0000021354640abc: 0000 eb4b | 498b 8296 | 0000 0049 | 0b82 8e00 | 0000 750a | 49c7 423e | 0000 0000 | eb3d 4983 
  0x0000021354640adc: ba9e 0000 | 0000 7422 | 4833 c049 | c742 3e00 | 0000 00f0 | 8304 2400 | 4983 ba9e | 0000 0000 
  0x0000021354640afc: 750d f04d | 0fb1 7a3e | 7505 83c8 | 01eb 0ca8 | 00eb 084c | 8b10 f04d | 0fb1 1375 | 0a49 ff8f 
  0x0000021354640b1c: 5005 0000 | 4533 d20f | 84c8 0100 | 0048 8b4c | 2460 488d | 9424 d000 | 0000 4d8b | c7c5 f877 
  0x0000021354640b3c: 49ba 8042 | c7fc fb7f | 0000 41ff 

  0x0000021354640b48: ;   {other}
  0x0000021354640b48: d20f 1f84 | 0000 0000 | 00e9 9b01 | 0000 488b | d844 8b50 | 084d 33c0 | 4f8d 04d0 | 4d8b 5050 
  0x0000021354640b68: 4c3b d575 | 494c 8b4c | 2420 488b | 5424 284c | 8b84 24c8 | 0000 0048 | 8b7c 2460 

  0x0000021354640b84: ;   {optimized virtual_call}
  0x0000021354640b84: c5f8 77e8 

  0x0000021354640b88: ; ImmutableOopMap {[40]=Oop [48]=Oop [64]=Oop [76]=NarrowOop [80]=Oop [88]=Oop [152]=NarrowOop [156]=NarrowOop [200]=Oop }
                      ;*invokevirtual getAndVerifyPackage {reexecute=0 rethrow=0 return_oop=1}
                      ; - java.net.URLClassLoader::defineClass@97
                      ; - java.net.URLClassLoader$1::run@43
  0x0000021354640b88: f4e2 fffe 

  0x0000021354640b8c: ;   {other}
  0x0000021354640b8c: 0f1f 8400 | fc92 00f2 | 4885 c00f | 8498 0200 | 0048 8b74 | 2458 448b | 6c24 4c4c | 8b44 2428 
  0x0000021354640bac: 488b 7c24 | 40e9 e683 | ffff 4c8b | 5424 584c | 8954 2420 | e985 0100 | 004c 8bd0 | e9db 0000 
  0x0000021354640bcc: 004c 8bd0 | e9d3 0000 | 004c 8bd0 | e9cb 0000 | 004c 8bd0 | e9c3 0000 | 004c 8bd0 | e9bb 0000 
  0x0000021354640bec: 0048 8bd8 | 4c8b 5c24 | 404c 895c | 2420 488d | 8424 d000 | 0000 4883 | 3800 0f84 | 7900 0000 
  0x0000021354640c0c: 4d8b 1341 | f6c2 020f | 8462 0000 | 0049 83ba | 8600 0000 | 0074 0949 | ff8a 8600 | 0000 eb4b 
  0x0000021354640c2c: 498b 8296 | 0000 0049 | 0b82 8e00 | 0000 750a | 49c7 423e | 0000 0000 | eb3d 4983 | ba9e 0000 
  0x0000021354640c4c: 0000 7422 | 4833 c049 | c742 3e00 | 0000 00f0 | 8304 2400 | 4983 ba9e | 0000 0000 | 750d f04d 
  0x0000021354640c6c: 0fb1 7a3e | 7505 83c8 | 01eb 0ca8 | 00eb 084c | 8b10 f04d | 0fb1 1375 | 0a49 ff8f 

  0x0000021354640c88: ;   {no_reloc}
  0x0000021354640c88: 5005 0000 | 4533 d20f | 8573 0100 | 0044 8b5b | 084d 33c0 | 4f8d 04d8 | e9a5 0000 | 004c 8bd0 
  0x0000021354640ca8: 498b da45 | 8b5a 084d | 33c0 4f8d | 04d8 4c8b | 5424 304c | 8954 2420 | e985 0000 | 0048 8bd8 
  0x0000021354640cc8: 448b 5b08 | 4d33 c04f | 8d04 d84c | 8b54 2458 | 4c89 5424 | 20eb 6b4c | 8bd0 eb4e | 4c8b d0eb 
  0x0000021354640ce8: 494c 8bd0 | eb44 488b | d844 8b53 | 084d 33c0 | 4f8d 04d0 | 4c8b 5424 | 404c 8954 | 2420 eb42 
  0x0000021354640d08: 4c8b d0eb | 034c 8bd0 | 498b da45 | 8b5a 084d | 33c0 4f8d | 04d8 4c8b | 5424 584c | 8954 2420 
  0x0000021354640d28: eb20 4c8b | d0eb 034c | 8bd0 498b | da45 8b5a | 084d 33c0 | 4f8d 04d8 | 4c8b 5424 | 304c 8954 
  0x0000021354640d48: 2420 4d8b 

  0x0000021354640d4c: ;   {metadata('java/io/IOException')}
  0x0000021354640d4c: 5048 49bb | c03c 0900 | 0100 0000 | 4d3b d30f | 848e 0000 | 004d 8b50 

  0x0000021354640d64: ;   {metadata('java/lang/ClassFormatError')}
  0x0000021354640d64: 5049 bb40 | f327 0001 | 0000 004d | 3bd3 7568 | 488b eb48 | 8b54 2420 | 6690 c5f8 | 7748 b8ff 
  0x0000021354640d84: ffff ffff 

  0x0000021354640d88: ;   {virtual_call}
  0x0000021354640d88: ffff ffe8 

  0x0000021354640d8c: ; ImmutableOopMap {rbp=Oop [32]=Oop }
                      ;*invokevirtual getDataError {reexecute=0 rethrow=0 return_oop=1}
                      ; - java.net.URLClassLoader$1::run@63
  0x0000021354640d8c: f0e5 fffe 

  0x0000021354640d90: ;   {other}
  0x0000021354640d90: 0f1f 8400 | 0095 00f3 | 4885 c074 | 3748 8b54 | 2420 c5f8 | 7748 b8ff | ffff ffff 

  0x0000021354640dac: ;   {virtual_call}
  0x0000021354640dac: ffff ffe8 

  0x0000021354640db0: ; ImmutableOopMap {rbp=Oop }
                      ;*invokevirtual getDataError {reexecute=0 rethrow=0 return_oop=1}
                      ; - java.net.URLClassLoader$1::run@71
  0x0000021354640db0: cce5 fffe 

  0x0000021354640db4: ;   {other}
  0x0000021354640db4: 0f1f 8400 | 2495 00f4 | 488b d54c | 8bc0 6690 

  0x0000021354640dc4: ;   {optimized virtual_call}
  0x0000021354640dc4: c5f8 77e8 

  0x0000021354640dc8: ; ImmutableOopMap {rbp=Oop }
                      ;*invokevirtual addSuppressed {reexecute=0 rethrow=0 return_oop=0}
                      ; - java.net.URLClassLoader$1::run@74
  0x0000021354640dc8: b4e0 fffe 

  0x0000021354640dcc: ;   {other}
  0x0000021354640dcc: 0f1f 8400 | 3c95 00f5 | 488b d5eb | 0648 8bd8 | 488b d3c5 | f877 4881 | c4f0 0000 

  0x0000021354640de8: ;   {runtime_call _rethrow_Java}
  0x0000021354640de8: 005d e911 | 320d ff48 | 8beb ba2f | 0000 0090 

  0x0000021354640df8: ;   {runtime_call UncommonTrapBlob}
  0x0000021354640df8: c5f8 77e8 

  0x0000021354640dfc: ; ImmutableOopMap {rbp=Oop [80]=Oop }
                      ;*new {reexecute=0 rethrow=0 return_oop=0}
                      ; - java.net.URLClassLoader$1::run@48
  0x0000021354640dfc: 006f 00ff 

  0x0000021354640e00: ;   {other}
  0x0000021354640e00: 0f1f 8400 | 7095 00f6 | 488b 4c24 | 4048 8d94 | 24d0 0000 | 004d 8bc7 | c5f8 7749 | ba80 42c7 
  0x0000021354640e20: fcfb 7f00 | 0041 ffd2 

  0x0000021354640e28: ;   {other}
  0x0000021354640e28: 0f1f 8400 | 0000 0000 | e960 feff | ffba fd00 | 0000 6690 

  0x0000021354640e3c: ;   {runtime_call UncommonTrapBlob}
  0x0000021354640e3c: c5f8 77e8 

  0x0000021354640e40: ; ImmutableOopMap {[80]=Oop [88]=Oop [200]=Oop }
                      ;*new {reexecute=0 rethrow=0 return_oop=0}
                      ; - java.net.URLClassLoader::defineClass@103
                      ; - java.net.URLClassLoader$1::run@43
  0x0000021354640e40: bc6e 00ff 

  0x0000021354640e44: ;   {other}
  0x0000021354640e44: 0f1f 8400 | b495 00f7 | 488b ebba | f201 0000 | 4c8b 5424 | 504c 8954 | 2420 4c8b | 5424 584c 
  0x0000021354640e64: 8954 2428 | 4c8b 5424 | 384c 8954 | 2430 448b | 5c24 4044 | 895c 2438 | 448b 5424 | 4444 8954 
  0x0000021354640e84: 243c 4c8b | 5424 704c | 8954 2440 

  0x0000021354640e90: ;   {runtime_call UncommonTrapBlob}
  0x0000021354640e90: c5f8 77e8 

  0x0000021354640e94: ; ImmutableOopMap {rbp=Oop [32]=Oop [40]=Oop [56]=NarrowOop [60]=NarrowOop [64]=Oop [108]=NarrowOop [120]=NarrowOop [200]=Oop }
                      ;*new {reexecute=0 rethrow=0 return_oop=0}
                      ; - java.util.jar.JarFile::ensureInitialization@8
                      ; - java.util.jar.JavaUtilJarAccessImpl::ensureInitialization@1
                      ; - jdk.internal.loader.URLClassPath$JarLoader$2::getManifest@10
                      ; - java.net.URLClassLoader::defineClass@34
                      ; - java.net.URLClassLoader$1::run@43
  0x0000021354640e94: 686e 00ff 

  0x0000021354640e98: ;   {other}
  0x0000021354640e98: 0f1f 8400 | 0896 00f8 | 498b cb48 | 8d94 24d0 | 0000 004d | 8bc7 c5f8 | 7749 ba80 | 42c7 fcfb 
  0x0000021354640eb8: 7f00 0041 

  0x0000021354640ebc: ;   {other}
  0x0000021354640ebc: ffd2 0f1f | 8400 0000 | 0000 e9b6 | f7ff ffba | 97ff ffff | 488b 6c24 | 504c 8b54 | 2440 4c89 
  0x0000021354640edc: 5424 204c | 8b54 2438 | 4c89 5424 | 2866 6690 

  0x0000021354640eec: ;   {runtime_call UncommonTrapBlob}
  0x0000021354640eec: c5f8 77e8 

  0x0000021354640ef0: ; ImmutableOopMap {rbp=Oop [32]=Oop [48]=NarrowOop [76]=NarrowOop [104]=Oop [112]=Oop [152]=NarrowOop [156]=NarrowOop }
                      ;*invokevirtual clone {reexecute=1 rethrow=0 return_oop=0}
                      ; - (reexecute) java.util.Arrays::copyOf@7
                      ; - jdk.internal.loader.Resource::getBytes@94
                      ; - java.net.URLClassLoader::defineClass@179
                      ; - java.net.URLClassLoader$1::run@43
  0x0000021354640ef0: 0c6e 00ff 

  0x0000021354640ef4: ;   {other}
  0x0000021354640ef4: 0f1f 8400 | 6496 00f9 

  0x0000021354640efc: ;   {internal_word}
  0x0000021354640efc: 49ba 909c | 6354 1302 | 0000 4d89 | 9768 0400 

  0x0000021354640f0c: ;   {runtime_call SafepointBlob}
  0x0000021354640f0c: 00e9 6e5c 

  0x0000021354640f10: ;   {runtime_call StubRoutines (final stubs)}
  0x0000021354640f10: 00ff e8a9 | a1fe fee9 | 6273 ffff | f4f4 f4f4 
[Stub Code]
  0x0000021354640f20: ;   {no_reloc}
  0x0000021354640f20: 48bb 0000 | 0000 0000 

  0x0000021354640f28: ;   {runtime_call}
  0x0000021354640f28: 0000 e9fb 

  0x0000021354640f2c: ;   {static_stub}
  0x0000021354640f2c: ffff ff48 | bb00 0000 | 0000 0000 

  0x0000021354640f38: ;   {runtime_call}
  0x0000021354640f38: 00e9 fbff 

  0x0000021354640f3c: ;   {static_stub}
  0x0000021354640f3c: ffff 48bb | 0000 0000 | 0000 0000 

  0x0000021354640f48: ;   {runtime_call}
  0x0000021354640f48: e9fb ffff 

  0x0000021354640f4c: ;   {static_stub}
  0x0000021354640f4c: ff48 bb00 | 0000 0000 

  0x0000021354640f54: ;   {runtime_call}
  0x0000021354640f54: 0000 00e9 | fbff ffff 

  0x0000021354640f5c: ;   {static_stub}
  0x0000021354640f5c: 48bb 0000 | 0000 0000 

  0x0000021354640f64: ;   {runtime_call}
  0x0000021354640f64: 0000 e9fb 

  0x0000021354640f68: ;   {static_stub}
  0x0000021354640f68: ffff ff48 | bb00 0000 | 0000 0000 

  0x0000021354640f74: ;   {runtime_call}
  0x0000021354640f74: 00e9 fbff 

  0x0000021354640f78: ;   {static_stub}
  0x0000021354640f78: ffff 48bb | 0000 0000 | 0000 0000 

  0x0000021354640f84: ;   {runtime_call}
  0x0000021354640f84: e9fb ffff 

  0x0000021354640f88: ;   {static_stub}
  0x0000021354640f88: ff48 bb00 | 0000 0000 

  0x0000021354640f90: ;   {runtime_call}
  0x0000021354640f90: 0000 00e9 | fbff ffff 

  0x0000021354640f98: ;   {static_stub}
  0x0000021354640f98: 48bb 0000 | 0000 0000 

  0x0000021354640fa0: ;   {runtime_call}
  0x0000021354640fa0: 0000 e9fb 

  0x0000021354640fa4: ;   {static_stub}
  0x0000021354640fa4: ffff ff48 | bb00 0000 | 0000 0000 

  0x0000021354640fb0: ;   {runtime_call}
  0x0000021354640fb0: 00e9 fbff 

  0x0000021354640fb4: ;   {static_stub}
  0x0000021354640fb4: ffff 48bb | 0000 0000 | 0000 0000 

  0x0000021354640fc0: ;   {runtime_call}
  0x0000021354640fc0: e9fb ffff 

  0x0000021354640fc4: ;   {static_stub}
  0x0000021354640fc4: ff48 bb00 | 0000 0000 

  0x0000021354640fcc: ;   {runtime_call}
  0x0000021354640fcc: 0000 00e9 | fbff ffff 

  0x0000021354640fd4: ;   {static_stub}
  0x0000021354640fd4: 48bb 0000 | 0000 0000 

  0x0000021354640fdc: ;   {runtime_call}
  0x0000021354640fdc: 0000 e9fb 

  0x0000021354640fe0: ;   {static_stub}
  0x0000021354640fe0: ffff ff48 | bb00 0000 | 0000 0000 

  0x0000021354640fec: ;   {runtime_call}
  0x0000021354640fec: 00e9 fbff 

  0x0000021354640ff0: ;   {static_stub}
  0x0000021354640ff0: ffff 48bb | 0000 0000 | 0000 0000 

  0x0000021354640ffc: ;   {runtime_call}
  0x0000021354640ffc: e9fb ffff 

  0x0000021354641000: ;   {static_stub}
  0x0000021354641000: ff48 bb00 | 0000 0000 

  0x0000021354641008: ;   {runtime_call}
  0x0000021354641008: 0000 00e9 | fbff ffff 

  0x0000021354641010: ;   {static_stub}
  0x0000021354641010: 48bb 0000 | 0000 0000 

  0x0000021354641018: ;   {runtime_call}
  0x0000021354641018: 0000 e9fb 

  0x000002135464101c: ;   {static_stub}
  0x000002135464101c: ffff ff48 | bb00 0000 | 0000 0000 

  0x0000021354641028: ;   {runtime_call}
  0x0000021354641028: 00e9 fbff 

  0x000002135464102c: ;   {static_stub}
  0x000002135464102c: ffff 48bb | 0000 0000 | 0000 0000 

  0x0000021354641038: ;   {runtime_call}
  0x0000021354641038: e9fb ffff 

  0x000002135464103c: ;   {static_stub}
  0x000002135464103c: ff48 bb00 | 0000 0000 

  0x0000021354641044: ;   {runtime_call}
  0x0000021354641044: 0000 00e9 | fbff ffff 

  0x000002135464104c: ;   {static_stub}
  0x000002135464104c: 48bb 0000 | 0000 0000 

  0x0000021354641054: ;   {runtime_call}
  0x0000021354641054: 0000 e9fb 

  0x0000021354641058: ;   {static_stub}
  0x0000021354641058: ffff ff48 | bb00 0000 | 0000 0000 

  0x0000021354641064: ;   {runtime_call}
  0x0000021354641064: 00e9 fbff 

  0x0000021354641068: ;   {static_stub}
  0x0000021354641068: ffff 48bb | 0000 0000 | 0000 0000 

  0x0000021354641074: ;   {runtime_call}
  0x0000021354641074: e9fb ffff 

  0x0000021354641078: ;   {static_stub}
  0x0000021354641078: ff48 bb68 | 5759 6113 

  0x0000021354641080: ;   {runtime_call I2C/C2I adapters}
  0x0000021354641080: 0200 00e9 | 6ece fffe 

  0x0000021354641088: ;   {static_stub}
  0x0000021354641088: 48bb c84d | 5961 1302 

  0x0000021354641090: ;   {runtime_call I2C/C2I adapters}
  0x0000021354641090: 0000 e9e3 

  0x0000021354641094: ;   {static_stub}
  0x0000021354641094: 2d00 ff48 | bb18 5859 | 6113 0200 

  0x00000213546410a0: ;   {runtime_call I2C/C2I adapters}
  0x00000213546410a0: 00e9 d42d 

  0x00000213546410a4: ;   {static_stub}
  0x00000213546410a4: 00ff 48bb | 0000 0000 | 0000 0000 

  0x00000213546410b0: ;   {runtime_call}
  0x00000213546410b0: e9fb ffff 

  0x00000213546410b4: ;   {static_stub}
  0x00000213546410b4: ff48 bb00 | 0000 0000 

  0x00000213546410bc: ;   {runtime_call}
  0x00000213546410bc: 0000 00e9 | fbff ffff 

  0x00000213546410c4: ;   {static_stub}
  0x00000213546410c4: 48bb 0000 | 0000 0000 

  0x00000213546410cc: ;   {runtime_call}
  0x00000213546410cc: 0000 e9fb 

  0x00000213546410d0: ;   {static_stub}
  0x00000213546410d0: ffff ff48 | bb00 0000 | 0000 0000 

  0x00000213546410dc: ;   {runtime_call}
  0x00000213546410dc: 00e9 fbff 

  0x00000213546410e0: ;   {static_stub}
  0x00000213546410e0: ffff 48bb | 0000 0000 | 0000 0000 

  0x00000213546410ec: ;   {runtime_call}
  0x00000213546410ec: e9fb ffff 

  0x00000213546410f0: ;   {static_stub}
  0x00000213546410f0: ff48 bb00 | 0000 0000 

  0x00000213546410f8: ;   {runtime_call}
  0x00000213546410f8: 0000 00e9 | fbff ffff 

  0x0000021354641100: ;   {static_stub}
  0x0000021354641100: 48bb 0000 | 0000 0000 

  0x0000021354641108: ;   {runtime_call}
  0x0000021354641108: 0000 e9fb 

  0x000002135464110c: ;   {static_stub}
  0x000002135464110c: ffff ff48 | bb00 0000 | 0000 0000 

  0x0000021354641118: ;   {runtime_call}
  0x0000021354641118: 00e9 fbff 

  0x000002135464111c: ;   {static_stub}
  0x000002135464111c: ffff 48bb | 0000 0000 | 0000 0000 

  0x0000021354641128: ;   {runtime_call}
  0x0000021354641128: e9fb ffff 

  0x000002135464112c: ;   {static_stub}
  0x000002135464112c: ff48 bb00 | 0000 0000 

  0x0000021354641134: ;   {runtime_call}
  0x0000021354641134: 0000 00e9 | fbff ffff 

  0x000002135464113c: ;   {static_stub}
  0x000002135464113c: 48bb 0000 | 0000 0000 

  0x0000021354641144: ;   {runtime_call}
  0x0000021354641144: 0000 e9fb 

  0x0000021354641148: ;   {static_stub}
  0x0000021354641148: ffff ff48 | bb00 0000 | 0000 0000 

  0x0000021354641154: ;   {runtime_call}
  0x0000021354641154: 00e9 fbff 

  0x0000021354641158: ;   {static_stub}
  0x0000021354641158: ffff 48bb | 0000 0000 | 0000 0000 

  0x0000021354641164: ;   {runtime_call}
  0x0000021354641164: e9fb ffff 

  0x0000021354641168: ;   {static_stub}
  0x0000021354641168: ff48 bb00 | 0000 0000 

  0x0000021354641170: ;   {runtime_call}
  0x0000021354641170: 0000 00e9 | fbff ffff 

  0x0000021354641178: ;   {static_stub}
  0x0000021354641178: 48bb 0000 | 0000 0000 

  0x0000021354641180: ;   {runtime_call}
  0x0000021354641180: 0000 e9fb 

  0x0000021354641184: ;   {static_stub}
  0x0000021354641184: ffff ff48 | bb00 0000 | 0000 0000 

  0x0000021354641190: ;   {runtime_call}
  0x0000021354641190: 00e9 fbff 

  0x0000021354641194: ;   {static_stub}
  0x0000021354641194: ffff 48bb | 0000 0000 | 0000 0000 

  0x00000213546411a0: ;   {runtime_call}
  0x00000213546411a0: e9fb ffff 

  0x00000213546411a4: ;   {static_stub}
  0x00000213546411a4: ff48 bb00 | 0000 0000 

  0x00000213546411ac: ;   {runtime_call}
  0x00000213546411ac: 0000 00e9 | fbff ffff 
[Exception Handler]
  0x00000213546411b4: ;   {runtime_call ExceptionBlob}
  0x00000213546411b4: e947 1b0d | ffe8 0000 | 0000 4883 

  0x00000213546411c0: ;   {runtime_call DeoptimizationBlob}
  0x00000213546411c0: 2c24 05e9 | 586e 00ff 
[/MachCode]


Compiled method (c2)  275813 8351       4       java.net.URLClassLoader$1::run (5 bytes)
 total in heap  [0x0000021353d44410,0x0000021353d446c8] = 696
 relocation     [0x0000021353d44568,0x0000021353d44590] = 40
 main code      [0x0000021353d445a0,0x0000021353d44628] = 136
 stub code      [0x0000021353d44628,0x0000021353d44650] = 40
 metadata       [0x0000021353d44650,0x0000021353d44668] = 24
 scopes data    [0x0000021353d44668,0x0000021353d44678] = 16
 scopes pcs     [0x0000021353d44678,0x0000021353d446a8] = 48
 dependencies   [0x0000021353d446a8,0x0000021353d446b0] = 8
 handler table  [0x0000021353d446b0,0x0000021353d446c8] = 24

[Constant Pool (empty)]

[MachCode]
[Entry Point]
  # {method} {0x0000021361797f68} 'run' '()Ljava/lang/Object;' in 'java/net/URLClassLoader$1'
  #           [sp+0x20]  (sp of caller)
  0x0000021353d445a0: 448b 5208 | 49c1 e203 

  0x0000021353d445a8: ;   {runtime_call ic_miss_stub}
  0x0000021353d445a8: 493b c20f | 85cf a38f | ff66 6690 | 0f1f 8400 | 0000 0000 | 6666 6690 
[Verified Entry Point]
  0x0000021353d445c0: 8984 2400 | 80ff ff55 | 4883 ec10 | 4181 7f20 | 2b00 0000 | 0f85 4400 

  0x0000021353d445d8: ;   {optimized virtual_call}
  0x0000021353d445d8: 0000 90e8 

  0x0000021353d445dc: ; ImmutableOopMap {}
                      ;*invokevirtual run {reexecute=0 rethrow=0 return_oop=1}
                      ; - java.net.URLClassLoader$1::run@1
  0x0000021353d445dc: 803c 8f00 

  0x0000021353d445e0: ;   {other}
  0x0000021353d445e0: 0f1f 8400 | d001 0000 | 4883 c410 

  0x0000021353d445ec: ;   {poll_return}
  0x0000021353d445ec: 5d49 3ba7 | 5004 0000 | 0f87 0e00 | 0000 c348 | 8bd0 4883 

  0x0000021353d44600: ;   {runtime_call _rethrow_Java}
  0x0000021353d44600: c410 5de9 | f8f9 9cff 

  0x0000021353d44608: ;   {internal_word}
  0x0000021353d44608: 49ba ed45 | d453 1302 | 0000 4d89 | 9768 0400 

  0x0000021353d44618: ;   {runtime_call SafepointBlob}
  0x0000021353d44618: 00e9 6225 

  0x0000021353d4461c: ;   {runtime_call StubRoutines (final stubs)}
  0x0000021353d4461c: 90ff e89d | 6a8e ffe9 | b2ff ffff 
[Stub Code]
  0x0000021353d44628: ;   {no_reloc}
  0x0000021353d44628: 48bb 787e | 7961 1302 

  0x0000021353d44630: ;   {runtime_call I2C/C2I adapters}
  0x0000021353d44630: 0000 e943 

  0x0000021353d44634: ;   {runtime_call ExceptionBlob}
  0x0000021353d44634: f88f ffe9 | c4e6 9cff 
[Deopt Handler Code]
  0x0000021353d4463c: e800 0000 | 0048 832c 

  0x0000021353d44644: ;   {runtime_call DeoptimizationBlob}
  0x0000021353d44644: 2405 e9d5 | 3990 fff4 | f4f4 f4f4 
[/MachCode]


---------------  P R O C E S S  ---------------

Threads class SMR info:
_java_thread_list=0x000002136c20ca50, length=155, elements={
0x0000021348f7f180, 0x000002136089c4d0, 0x000002136089d2f0, 0x00000213608aa2c0,
0x00000213608a1700, 0x00000213608850b0, 0x0000021360887c60, 0x00000213608b32b0,
0x000002136088ae80, 0x0000021360a295b0, 0x000002136502e170, 0x00000213668d0dd0,
0x0000021366ae76d0, 0x0000021366c72b30, 0x00000213669fbaa0, 0x00000213669fc7c0,
0x00000213669f99d0, 0x0000021368e33a10, 0x0000021368e33380, 0x0000021368e35450,
0x000002136bf5f880, 0x0000021367fc1c40, 0x0000021367fc5750, 0x000002136ba22b30,
0x000002136ba25fb0, 0x000002136ba231c0, 0x000002136ba28080, 0x000002136ba24c00,
0x000002136ba23ee0, 0x000002136d03c770, 0x000002136d03fbf0, 0x000002136c443da0,
0x000002136949f440, 0x000002136949e090, 0x00000213694a2f50, 0x00000213694a0160,
0x00000213694a2230, 0x00000213694a56b0, 0x00000213694a28c0, 0x00000213694a4300,
0x00000213694a07f0, 0x00000213694a4990, 0x00000213694a5020, 0x000002137b74eb20,
0x000002137b74b6a0, 0x000002137b7495d0, 0x000002137b749c60, 0x000002137b74a2f0,
0x000002137b74c3c0, 0x000002137b74a980, 0x000002137b74ca50, 0x000002137b74d0e0,
0x000002137b74d770, 0x000002137b74de00, 0x000002137b748f40, 0x000002137b74e490,
0x000002137b747b90, 0x000002137b748220, 0x000002136ba26cd0, 0x000002136ba27360,
0x000002136ba20a60, 0x0000021368e30c20, 0x0000021368e34730, 0x0000021368e35ae0,
0x0000021368e2eb50, 0x0000021368e36170, 0x0000021368e30590, 0x0000021368e31940,
0x0000021368e2f1e0, 0x0000021368e2ff00, 0x0000021368e31fd0, 0x0000021368e32660,
0x000002136cdcfc10, 0x000002136cdcc790, 0x000002136cdcf580, 0x000002136cdd02a0,
0x000002136cdd0930, 0x000002136c444ac0, 0x000002136c445e70, 0x000002136c43eee0,
0x00000213669fad80, 0x00000213669fb410, 0x000002137c19cfd0, 0x000002137c19fdc0,
0x000002137c1a45f0, 0x000002137c19f0a0, 0x000002137c19f730, 0x000002137c19d660,
0x000002137c1a4c80, 0x000002137c1a0450, 0x000002137c1a2bb0, 0x000002136bf63a20,
0x0000021367fc7820, 0x0000021367fc15b0, 0x0000021367fc3d10, 0x0000021367fc0f20,
0x0000021367fc50c0, 0x0000021367fc6b00, 0x000002136ba26640, 0x000002136ba210f0,
0x000002136ba21e10, 0x000002136ba224a0, 0x000002136ba23850, 0x000002136ba24570,
0x000002137bcee7e0, 0x000002137c19dcf0, 0x000002137c1a3240, 0x000002137c19ea10,
0x000002137c1a38d0, 0x000002137c1a1800, 0x000002137c1a5310, 0x000002137c19e380,
0x000002137c1a6d50, 0x000002137c1a8100, 0x000002137c1abc10, 0x000002137c1ac2a0,
0x000002137c1a73e0, 0x000002137c1a8790, 0x000002137c1a8e20, 0x000002137c1a94b0,
0x000002137c1aa860, 0x000002137c1a6030, 0x000002137c1a9b40, 0x000002137c1a66c0,
0x000002137c1aa1d0, 0x000002137c1aaef0, 0x000002137c1ab580, 0x000002137b74f840,
0x000002137b7488b0, 0x000002137b751910, 0x000002137b754d90, 0x000002137b750560,
0x000002137b753350, 0x000002137b754700, 0x000002137b751fa0, 0x000002137b752630,
0x000002137b755420, 0x000002137b756140, 0x000002137b7567d0, 0x000002137b752cc0,
0x000002137b756e60, 0x000002137b750bf0, 0x0000021372262680, 0x000002137225bd80,
0x0000021372264de0, 0x0000021372c64730, 0x000002136972fe20, 0x0000021366d1a3a0,
0x000002136a2a6990, 0x000002137c8e0520, 0x000002136a2a76b0, 0x000002137c8e18d0,
0x0000021366d19d10, 0x0000021366d1aa30, 0x000002136a249d10
}

Java Threads: ( => current thread )
  0x0000021348f7f180 JavaThread "main"                              [_thread_blocked, id=13800, stack(0x000000dd78a00000,0x000000dd78b00000) (1024K)]
  0x000002136089c4d0 JavaThread "Reference Handler"          daemon [_thread_blocked, id=15432, stack(0x000000dd79200000,0x000000dd79300000) (1024K)]
  0x000002136089d2f0 JavaThread "Finalizer"                  daemon [_thread_blocked, id=4764, stack(0x000000dd79300000,0x000000dd79400000) (1024K)]
  0x00000213608aa2c0 JavaThread "Signal Dispatcher"          daemon [_thread_blocked, id=7200, stack(0x000000dd79400000,0x000000dd79500000) (1024K)]
  0x00000213608a1700 JavaThread "Attach Listener"            daemon [_thread_blocked, id=11384, stack(0x000000dd79500000,0x000000dd79600000) (1024K)]
  0x00000213608850b0 JavaThread "Service Thread"             daemon [_thread_blocked, id=16076, stack(0x000000dd79600000,0x000000dd79700000) (1024K)]
  0x0000021360887c60 JavaThread "Monitor Deflation Thread"   daemon [_thread_blocked, id=11968, stack(0x000000dd79700000,0x000000dd79800000) (1024K)]
  0x00000213608b32b0 JavaThread "C2 CompilerThread0"         daemon [_thread_blocked, id=16588, stack(0x000000dd79800000,0x000000dd79900000) (1024K)]
  0x000002136088ae80 JavaThread "C1 CompilerThread0"         daemon [_thread_blocked, id=292, stack(0x000000dd79900000,0x000000dd79a00000) (1024K)]
  0x0000021360a295b0 JavaThread "Common-Cleaner"             daemon [_thread_blocked, id=4120, stack(0x000000dd79a00000,0x000000dd79b00000) (1024K)]
  0x000002136502e170 JavaThread "Notification Thread"        daemon [_thread_blocked, id=9896, stack(0x000000dd79b00000,0x000000dd79c00000) (1024K)]
  0x00000213668d0dd0 JavaThread "Daemon health stats"               [_thread_blocked, id=15096, stack(0x000000dd79d00000,0x000000dd79e00000) (1024K)]
  0x0000021366ae76d0 JavaThread "Incoming local TCP Connector on port 8001"        [_thread_in_native, id=7532, stack(0x000000dd7a500000,0x000000dd7a600000) (1024K)]
  0x0000021366c72b30 JavaThread "Daemon periodic checks"            [_thread_blocked, id=5784, stack(0x000000dd7a600000,0x000000dd7a700000) (1024K)]
  0x00000213669fbaa0 JavaThread "Cache worker for journal cache (C:\Users\rumaa\.gradle\caches\journal-1)"        [_thread_blocked, id=13708, stack(0x000000dd7af00000,0x000000dd7b000000) (1024K)]
  0x00000213669fc7c0 JavaThread "File lock request listener"        [_thread_in_native, id=4308, stack(0x000000dd7b000000,0x000000dd7b100000) (1024K)]
  0x00000213669f99d0 JavaThread "Cache worker for file hash cache (C:\Users\rumaa\.gradle\caches\8.10.2\fileHashes)"        [_thread_blocked, id=13616, stack(0x000000dd7b100000,0x000000dd7b200000) (1024K)]
  0x0000021368e33a10 JavaThread "File watcher server"        daemon [_thread_in_native, id=10500, stack(0x000000dd7b500000,0x000000dd7b600000) (1024K)]
  0x0000021368e33380 JavaThread "File watcher consumer"      daemon [_thread_blocked, id=10096, stack(0x000000dd7b600000,0x000000dd7b700000) (1024K)]
  0x0000021368e35450 JavaThread "Cache worker for file content cache (C:\Users\rumaa\.gradle\caches\8.10.2\fileContent)"        [_thread_blocked, id=10756, stack(0x000000dd7b800000,0x000000dd7b900000) (1024K)]
  0x000002136bf5f880 JavaThread "Memory manager"                    [_thread_blocked, id=2388, stack(0x000000dd7d000000,0x000000dd7d100000) (1024K)]
  0x0000021367fc1c40 JavaThread "Daemon Thread 2"                   [_thread_blocked, id=16324, stack(0x000000dd00000000,0x000000dd00100000) (1024K)]
  0x0000021367fc5750 JavaThread "Daemon worker Thread 2"            [_thread_blocked, id=12664, stack(0x000000dd00300000,0x000000dd00400000) (1024K)]
  0x000002136ba22b30 JavaThread "jar transforms"                    [_thread_blocked, id=11312, stack(0x000000dd00b00000,0x000000dd00c00000) (1024K)]
  0x000002136ba25fb0 JavaThread "jar transforms Thread 2"           [_thread_blocked, id=15256, stack(0x000000dd00c00000,0x000000dd00d00000) (1024K)]
  0x000002136ba231c0 JavaThread "jar transforms Thread 3"           [_thread_blocked, id=9984, stack(0x000000dd00d00000,0x000000dd00e00000) (1024K)]
  0x000002136ba28080 JavaThread "jar transforms Thread 4"           [_thread_blocked, id=300, stack(0x000000dd00e00000,0x000000dd00f00000) (1024K)]
  0x000002136ba24c00 JavaThread "jar transforms Thread 5"           [_thread_blocked, id=12156, stack(0x000000dd00f00000,0x000000dd01000000) (1024K)]
  0x000002136ba23ee0 JavaThread "jar transforms Thread 6"           [_thread_blocked, id=17360, stack(0x000000dd01000000,0x000000dd01100000) (1024K)]
  0x000002136d03c770 JavaThread "jar transforms Thread 7"           [_thread_blocked, id=12140, stack(0x000000dd01100000,0x000000dd01200000) (1024K)]
  0x000002136d03fbf0 JavaThread "jar transforms Thread 8"           [_thread_blocked, id=14652, stack(0x000000dd01200000,0x000000dd01300000) (1024K)]
  0x000002136c443da0 JavaThread "included builds"                   [_thread_blocked, id=14636, stack(0x000000dd01d00000,0x000000dd01e00000) (1024K)]
  0x000002136949f440 JavaThread "VFS cleanup Thread 3"              [_thread_blocked, id=15376, stack(0x000000dd00400000,0x000000dd00500000) (1024K)]
  0x000002136949e090 JavaThread "Handler for socket connection from /127.0.0.1:8001 to /127.0.0.1:8215"        [_thread_in_native, id=7784, stack(0x000000dd00100000,0x000000dd00200000) (1024K)]
  0x00000213694a2f50 JavaThread "Cancel handler"                    [_thread_blocked, id=4584, stack(0x000000dd00200000,0x000000dd00300000) (1024K)]
  0x00000213694a0160 JavaThread "Asynchronous log dispatcher for DefaultDaemonConnection: socket connection from /127.0.0.1:8001 to /127.0.0.1:8215"        [_thread_blocked, id=2384, stack(0x000000dd00500000,0x000000dd00600000) (1024K)]
  0x00000213694a2230 JavaThread "Stdin handler"                     [_thread_blocked, id=10412, stack(0x000000dd00600000,0x000000dd00700000) (1024K)]
  0x00000213694a56b0 JavaThread "Daemon client event forwarder"        [_thread_blocked, id=2356, stack(0x000000dd00700000,0x000000dd00800000) (1024K)]
  0x00000213694a28c0 JavaThread "Cache worker for file hash cache (C:\Users\rumaa\AndroidStudioProjects\donate\.gradle\8.10.2\fileHashes)"        [_thread_blocked, id=8988, stack(0x000000dd00800000,0x000000dd00900000) (1024K)]
  0x00000213694a4300 JavaThread "Cache worker for Build Output Cleanup Cache (C:\Users\rumaa\AndroidStudioProjects\donate\.gradle\buildOutputCleanup)"        [_thread_blocked, id=7964, stack(0x000000dd00900000,0x000000dd00a00000) (1024K)]
  0x00000213694a07f0 JavaThread "Cache worker for checksums cache (C:\Users\rumaa\AndroidStudioProjects\donate\.gradle\8.10.2\checksums)"        [_thread_blocked, id=2136, stack(0x000000dd01300000,0x000000dd01400000) (1024K)]
  0x00000213694a4990 JavaThread "Cache worker for cache directory md-rule (C:\Users\rumaa\.gradle\caches\8.10.2\md-rule)"        [_thread_blocked, id=13072, stack(0x000000dd01400000,0x000000dd01500000) (1024K)]
  0x00000213694a5020 JavaThread "Cache worker for cache directory md-supplier (C:\Users\rumaa\.gradle\caches\8.10.2\md-supplier)"        [_thread_blocked, id=13812, stack(0x000000dd01500000,0x000000dd01600000) (1024K)]
  0x000002137b74eb20 JavaThread "Unconstrained build operations"        [_thread_blocked, id=1788, stack(0x000000dd01700000,0x000000dd01800000) (1024K)]
  0x000002137b74b6a0 JavaThread "Unconstrained build operations Thread 2"        [_thread_blocked, id=8440, stack(0x000000dd01800000,0x000000dd01900000) (1024K)]
  0x000002137b7495d0 JavaThread "Unconstrained build operations Thread 3"        [_thread_blocked, id=4772, stack(0x000000dd01900000,0x000000dd01a00000) (1024K)]
  0x000002137b749c60 JavaThread "Unconstrained build operations Thread 4"        [_thread_blocked, id=8248, stack(0x000000dd01a00000,0x000000dd01b00000) (1024K)]
  0x000002137b74a2f0 JavaThread "Unconstrained build operations Thread 5"        [_thread_blocked, id=13256, stack(0x000000dd01b00000,0x000000dd01c00000) (1024K)]
  0x000002137b74c3c0 JavaThread "Unconstrained build operations Thread 6"        [_thread_blocked, id=13604, stack(0x000000dd01c00000,0x000000dd01d00000) (1024K)]
  0x000002137b74a980 JavaThread "Unconstrained build operations Thread 7"        [_thread_blocked, id=14504, stack(0x000000dd01e00000,0x000000dd01f00000) (1024K)]
  0x000002137b74ca50 JavaThread "Unconstrained build operations Thread 8"        [_thread_blocked, id=12876, stack(0x000000dd01f00000,0x000000dd02000000) (1024K)]
  0x000002137b74d0e0 JavaThread "Unconstrained build operations Thread 9"        [_thread_blocked, id=10360, stack(0x000000dd02000000,0x000000dd02100000) (1024K)]
  0x000002137b74d770 JavaThread "Unconstrained build operations Thread 10"        [_thread_blocked, id=4288, stack(0x000000dd02100000,0x000000dd02200000) (1024K)]
  0x000002137b74de00 JavaThread "Unconstrained build operations Thread 11"        [_thread_blocked, id=4036, stack(0x000000dd02200000,0x000000dd02300000) (1024K)]
  0x000002137b748f40 JavaThread "Unconstrained build operations Thread 12"        [_thread_blocked, id=8308, stack(0x000000dd02300000,0x000000dd02400000) (1024K)]
  0x000002137b74e490 JavaThread "Unconstrained build operations Thread 13"        [_thread_blocked, id=15620, stack(0x000000dd02400000,0x000000dd02500000) (1024K)]
  0x000002137b747b90 JavaThread "Unconstrained build operations Thread 14"        [_thread_blocked, id=2232, stack(0x000000dd02500000,0x000000dd02600000) (1024K)]
  0x000002137b748220 JavaThread "build event listener"              [_thread_blocked, id=13592, stack(0x000000dd02600000,0x000000dd02700000) (1024K)]
  0x000002136ba26cd0 JavaThread "included builds"                   [_thread_blocked, id=6696, stack(0x000000dd02700000,0x000000dd02800000) (1024K)]
  0x000002136ba27360 JavaThread "Execution worker"                  [_thread_blocked, id=4784, stack(0x000000dd02800000,0x000000dd02900000) (1024K)]
  0x000002136ba20a60 JavaThread "Execution worker Thread 2"         [_thread_blocked, id=2348, stack(0x000000dd02900000,0x000000dd02a00000) (1024K)]
  0x0000021368e30c20 JavaThread "Execution worker Thread 3"         [_thread_blocked, id=9384, stack(0x000000dd02a00000,0x000000dd02b00000) (1024K)]
  0x0000021368e34730 JavaThread "Execution worker Thread 4"         [_thread_blocked, id=16404, stack(0x000000dd02b00000,0x000000dd02c00000) (1024K)]
=>0x0000021368e35ae0 JavaThread "Execution worker Thread 5"         [_thread_in_vm, id=2452, stack(0x000000dd02c00000,0x000000dd02d00000) (1024K)]
  0x0000021368e2eb50 JavaThread "Execution worker Thread 6"         [_thread_blocked, id=10064, stack(0x000000dd02d00000,0x000000dd02e00000) (1024K)]
  0x0000021368e36170 JavaThread "Execution worker Thread 7"         [_thread_blocked, id=2664, stack(0x000000dd02e00000,0x000000dd02f00000) (1024K)]
  0x0000021368e30590 JavaThread "Cache worker for execution history cache (C:\Users\rumaa\AndroidStudioProjects\donate\.gradle\8.10.2\executionHistory)"        [_thread_blocked, id=8264, stack(0x000000dd02f00000,0x000000dd03000000) (1024K)]
  0x0000021368e31940 JavaThread "Unconstrained build operations Thread 15"        [_thread_blocked, id=14440, stack(0x000000dd03000000,0x000000dd03100000) (1024K)]
  0x0000021368e2f1e0 JavaThread "Unconstrained build operations Thread 16"        [_thread_blocked, id=4504, stack(0x000000dd03100000,0x000000dd03200000) (1024K)]
  0x0000021368e2ff00 JavaThread "Unconstrained build operations Thread 17"        [_thread_blocked, id=13776, stack(0x000000dd03200000,0x000000dd03300000) (1024K)]
  0x0000021368e31fd0 JavaThread "Unconstrained build operations Thread 18"        [_thread_blocked, id=1356, stack(0x000000dd03300000,0x000000dd03400000) (1024K)]
  0x0000021368e32660 JavaThread "Unconstrained build operations Thread 19"        [_thread_blocked, id=8664, stack(0x000000dd03400000,0x000000dd03500000) (1024K)]
  0x000002136cdcfc10 JavaThread "Unconstrained build operations Thread 20"        [_thread_blocked, id=13304, stack(0x000000dd03500000,0x000000dd03600000) (1024K)]
  0x000002136cdcc790 JavaThread "Unconstrained build operations Thread 21"        [_thread_blocked, id=9276, stack(0x000000dd03600000,0x000000dd03700000) (1024K)]
  0x000002136cdcf580 JavaThread "Unconstrained build operations Thread 22"        [_thread_blocked, id=1220, stack(0x000000dd03700000,0x000000dd03800000) (1024K)]
  0x000002136cdd02a0 JavaThread "Unconstrained build operations Thread 23"        [_thread_blocked, id=5464, stack(0x000000dd03800000,0x000000dd03900000) (1024K)]
  0x000002136cdd0930 JavaThread "Unconstrained build operations Thread 24"        [_thread_blocked, id=9448, stack(0x000000dd03900000,0x000000dd03a00000) (1024K)]
  0x000002136c444ac0 JavaThread "Unconstrained build operations Thread 25"        [_thread_blocked, id=14572, stack(0x000000dd03a00000,0x000000dd03b00000) (1024K)]
  0x000002136c445e70 JavaThread "Unconstrained build operations Thread 26"        [_thread_blocked, id=12524, stack(0x000000dd03b00000,0x000000dd03c00000) (1024K)]
  0x000002136c43eee0 JavaThread "Unconstrained build operations Thread 27"        [_thread_blocked, id=3184, stack(0x000000dd03c00000,0x000000dd03d00000) (1024K)]
  0x00000213669fad80 JavaThread "Unconstrained build operations Thread 28"        [_thread_blocked, id=16152, stack(0x000000dd03d00000,0x000000dd03e00000) (1024K)]
  0x00000213669fb410 JavaThread "WorkerExecutor Queue"              [_thread_blocked, id=5420, stack(0x000000dd03e00000,0x000000dd03f00000) (1024K)]
  0x000002137c19cfd0 JavaThread "Unconstrained build operations Thread 29"        [_thread_blocked, id=9372, stack(0x000000dd03f00000,0x000000dd04000000) (1024K)]
  0x000002137c19fdc0 JavaThread "Unconstrained build operations Thread 30"        [_thread_blocked, id=12588, stack(0x000000dd04000000,0x000000dd04100000) (1024K)]
  0x000002137c1a45f0 JavaThread "WorkerExecutor Queue Thread 2"        [_thread_blocked, id=3676, stack(0x000000dd04100000,0x000000dd04200000) (1024K)]
  0x000002137c19f0a0 JavaThread "WorkerExecutor Queue Thread 3"        [_thread_blocked, id=13464, stack(0x000000dd04200000,0x000000dd04300000) (1024K)]
  0x000002137c19f730 JavaThread "WorkerExecutor Queue Thread 4"        [_thread_blocked, id=15044, stack(0x000000dd04300000,0x000000dd04400000) (1024K)]
  0x000002137c19d660 JavaThread "WorkerExecutor Queue Thread 5"        [_thread_blocked, id=4932, stack(0x000000dd04400000,0x000000dd04500000) (1024K)]
  0x000002137c1a4c80 JavaThread "WorkerExecutor Queue Thread 6"        [_thread_blocked, id=3916, stack(0x000000dd04500000,0x000000dd04600000) (1024K)]
  0x000002137c1a0450 JavaThread "WorkerExecutor Queue Thread 7"        [_thread_blocked, id=12800, stack(0x000000dd04600000,0x000000dd04700000) (1024K)]
  0x000002137c1a2bb0 JavaThread "WorkerExecutor Queue Thread 8"        [_thread_blocked, id=1948, stack(0x000000dd04900000,0x000000dd04a00000) (1024K)]
  0x000002136bf63a20 JavaThread "Unconstrained build operations Thread 31"        [_thread_blocked, id=17300, stack(0x000000dd04a00000,0x000000dd04b00000) (1024K)]
  0x0000021367fc7820 JavaThread "Unconstrained build operations Thread 32"        [_thread_blocked, id=12020, stack(0x000000dd04b00000,0x000000dd04c00000) (1024K)]
  0x0000021367fc15b0 JavaThread "Unconstrained build operations Thread 33"        [_thread_blocked, id=3312, stack(0x000000dd04c00000,0x000000dd04d00000) (1024K)]
  0x0000021367fc3d10 JavaThread "Unconstrained build operations Thread 34"        [_thread_blocked, id=13488, stack(0x000000dd04d00000,0x000000dd04e00000) (1024K)]
  0x0000021367fc0f20 JavaThread "Unconstrained build operations Thread 35"        [_thread_blocked, id=2976, stack(0x000000dd04e00000,0x000000dd04f00000) (1024K)]
  0x0000021367fc50c0 JavaThread "Unconstrained build operations Thread 36"        [_thread_blocked, id=2820, stack(0x000000dd04f00000,0x000000dd05000000) (1024K)]
  0x0000021367fc6b00 JavaThread "Unconstrained build operations Thread 37"        [_thread_blocked, id=11368, stack(0x000000dd05000000,0x000000dd05100000) (1024K)]
  0x000002136ba26640 JavaThread "Unconstrained build operations Thread 38"        [_thread_blocked, id=1188, stack(0x000000dd05100000,0x000000dd05200000) (1024K)]
  0x000002136ba210f0 JavaThread "Unconstrained build operations Thread 39"        [_thread_blocked, id=11064, stack(0x000000dd05200000,0x000000dd05300000) (1024K)]
  0x000002136ba21e10 JavaThread "Unconstrained build operations Thread 40"        [_thread_blocked, id=6796, stack(0x000000dd00a00000,0x000000dd00b00000) (1024K)]
  0x000002136ba224a0 JavaThread "Unconstrained build operations Thread 41"        [_thread_blocked, id=2544, stack(0x000000dd01600000,0x000000dd01700000) (1024K)]
  0x000002136ba23850 JavaThread "Unconstrained build operations Thread 42"        [_thread_blocked, id=2108, stack(0x000000dd05300000,0x000000dd05400000) (1024K)]
  0x000002136ba24570 JavaThread "Unconstrained build operations Thread 43"        [_thread_blocked, id=16392, stack(0x000000dd05400000,0x000000dd05500000) (1024K)]
  0x000002137bcee7e0 JavaThread "C2 CompilerThread1"         daemon [_thread_in_native, id=5792, stack(0x000000dd05500000,0x000000dd05600000) (1024K)]
  0x000002137c19dcf0 JavaThread "Unconstrained build operations Thread 44"        [_thread_blocked, id=2712, stack(0x000000dd05700000,0x000000dd05800000) (1024K)]
  0x000002137c1a3240 JavaThread "Unconstrained build operations Thread 45"        [_thread_blocked, id=724, stack(0x000000dd05800000,0x000000dd05900000) (1024K)]
  0x000002137c19ea10 JavaThread "Unconstrained build operations Thread 46"        [_thread_blocked, id=10828, stack(0x000000dd05900000,0x000000dd05a00000) (1024K)]
  0x000002137c1a38d0 JavaThread "Unconstrained build operations Thread 47"        [_thread_blocked, id=3960, stack(0x000000dd05a00000,0x000000dd05b00000) (1024K)]
  0x000002137c1a1800 JavaThread "Unconstrained build operations Thread 48"        [_thread_blocked, id=2908, stack(0x000000dd05b00000,0x000000dd05c00000) (1024K)]
  0x000002137c1a5310 JavaThread "Unconstrained build operations Thread 49"        [_thread_blocked, id=7108, stack(0x000000dd05c00000,0x000000dd05d00000) (1024K)]
  0x000002137c19e380 JavaThread "Unconstrained build operations Thread 50"        [_thread_blocked, id=12440, stack(0x000000dd05d00000,0x000000dd05e00000) (1024K)]
  0x000002137c1a6d50 JavaThread "Unconstrained build operations Thread 51"        [_thread_blocked, id=5392, stack(0x000000dd05e00000,0x000000dd05f00000) (1024K)]
  0x000002137c1a8100 JavaThread "Unconstrained build operations Thread 52"        [_thread_blocked, id=10556, stack(0x000000dd05f00000,0x000000dd06000000) (1024K)]
  0x000002137c1abc10 JavaThread "Unconstrained build operations Thread 53"        [_thread_blocked, id=10372, stack(0x000000dd06000000,0x000000dd06100000) (1024K)]
  0x000002137c1ac2a0 JavaThread "Unconstrained build operations Thread 54"        [_thread_blocked, id=7752, stack(0x000000dd06100000,0x000000dd06200000) (1024K)]
  0x000002137c1a73e0 JavaThread "Unconstrained build operations Thread 55"        [_thread_blocked, id=13560, stack(0x000000dd06200000,0x000000dd06300000) (1024K)]
  0x000002137c1a8790 JavaThread "Unconstrained build operations Thread 56"        [_thread_blocked, id=2056, stack(0x000000dd06300000,0x000000dd06400000) (1024K)]
  0x000002137c1a8e20 JavaThread "Unconstrained build operations Thread 57"        [_thread_blocked, id=7304, stack(0x000000dd06400000,0x000000dd06500000) (1024K)]
  0x000002137c1a94b0 JavaThread "Unconstrained build operations Thread 58"        [_thread_blocked, id=2204, stack(0x000000dd06500000,0x000000dd06600000) (1024K)]
  0x000002137c1aa860 JavaThread "Unconstrained build operations Thread 59"        [_thread_blocked, id=13260, stack(0x000000dd06600000,0x000000dd06700000) (1024K)]
  0x000002137c1a6030 JavaThread "Unconstrained build operations Thread 60"        [_thread_blocked, id=9168, stack(0x000000dd06700000,0x000000dd06800000) (1024K)]
  0x000002137c1a9b40 JavaThread "Unconstrained build operations Thread 61"        [_thread_blocked, id=14728, stack(0x000000dd06800000,0x000000dd06900000) (1024K)]
  0x000002137c1a66c0 JavaThread "Unconstrained build operations Thread 62"        [_thread_blocked, id=13428, stack(0x000000dd06900000,0x000000dd06a00000) (1024K)]
  0x000002137c1aa1d0 JavaThread "Unconstrained build operations Thread 63"        [_thread_blocked, id=16052, stack(0x000000dd06a00000,0x000000dd06b00000) (1024K)]
  0x000002137c1aaef0 JavaThread "Unconstrained build operations Thread 64"        [_thread_blocked, id=11624, stack(0x000000dd06b00000,0x000000dd06c00000) (1024K)]
  0x000002137c1ab580 JavaThread "Unconstrained build operations Thread 65"        [_thread_blocked, id=1008, stack(0x000000dd06c00000,0x000000dd06d00000) (1024K)]
  0x000002137b74f840 JavaThread "Unconstrained build operations Thread 66"        [_thread_blocked, id=16496, stack(0x000000dd06d00000,0x000000dd06e00000) (1024K)]
  0x000002137b7488b0 JavaThread "Unconstrained build operations Thread 67"        [_thread_blocked, id=15700, stack(0x000000dd06e00000,0x000000dd06f00000) (1024K)]
  0x000002137b751910 JavaThread "Unconstrained build operations Thread 68"        [_thread_blocked, id=6832, stack(0x000000dd06f00000,0x000000dd07000000) (1024K)]
  0x000002137b754d90 JavaThread "Unconstrained build operations Thread 69"        [_thread_blocked, id=4076, stack(0x000000dd07000000,0x000000dd07100000) (1024K)]
  0x000002137b750560 JavaThread "Unconstrained build operations Thread 70"        [_thread_blocked, id=10816, stack(0x000000dd07100000,0x000000dd07200000) (1024K)]
  0x000002137b753350 JavaThread "Unconstrained build operations Thread 71"        [_thread_blocked, id=15064, stack(0x000000dd07200000,0x000000dd07300000) (1024K)]
  0x000002137b754700 JavaThread "Unconstrained build operations Thread 72"        [_thread_blocked, id=2220, stack(0x000000dd07300000,0x000000dd07400000) (1024K)]
  0x000002137b751fa0 JavaThread "Unconstrained build operations Thread 73"        [_thread_blocked, id=1688, stack(0x000000dd07400000,0x000000dd07500000) (1024K)]
  0x000002137b752630 JavaThread "Unconstrained build operations Thread 74"        [_thread_blocked, id=15552, stack(0x000000dd07500000,0x000000dd07600000) (1024K)]
  0x000002137b755420 JavaThread "Unconstrained build operations Thread 75"        [_thread_blocked, id=15648, stack(0x000000dd07600000,0x000000dd07700000) (1024K)]
  0x000002137b756140 JavaThread "Unconstrained build operations Thread 76"        [_thread_blocked, id=7664, stack(0x000000dd07700000,0x000000dd07800000) (1024K)]
  0x000002137b7567d0 JavaThread "Unconstrained build operations Thread 77"        [_thread_blocked, id=1900, stack(0x000000dd07800000,0x000000dd07900000) (1024K)]
  0x000002137b752cc0 JavaThread "Unconstrained build operations Thread 78"        [_thread_blocked, id=6620, stack(0x000000dd07900000,0x000000dd07a00000) (1024K)]
  0x000002137b756e60 JavaThread "Unconstrained build operations Thread 79"        [_thread_blocked, id=9136, stack(0x000000dd07a00000,0x000000dd07b00000) (1024K)]
  0x000002137b750bf0 JavaThread "Unconstrained build operations Thread 80"        [_thread_blocked, id=6800, stack(0x000000dd07b00000,0x000000dd07c00000) (1024K)]
  0x0000021372262680 JavaThread "pool-9-thread-1"                   [_thread_blocked, id=10160, stack(0x000000dd07c00000,0x000000dd07d00000) (1024K)]
  0x000002137225bd80 JavaThread "stderr"                            [_thread_in_native, id=5152, stack(0x000000dd07d00000,0x000000dd07e00000) (1024K)]
  0x0000021372264de0 JavaThread "stdout"                            [_thread_in_native, id=6312, stack(0x000000dd07e00000,0x000000dd07f00000) (1024K)]
  0x0000021372c64730 JavaThread "C2 CompilerThread2"         daemon [_thread_blocked, id=5584, stack(0x000000dd05600000,0x000000dd05700000) (1024K)]
  0x000002136972fe20 JavaThread "ForkJoinPool-1-worker-1"    daemon [_thread_blocked, id=7272, stack(0x000000dd07f00000,0x000000dd08000000) (1024K)]
  0x0000021366d1a3a0 JavaThread "ForkJoinPool-1-worker-2"    daemon [_thread_blocked, id=17152, stack(0x000000dd08000000,0x000000dd08100000) (1024K)]
  0x000002136a2a6990 JavaThread "ForkJoinPool-1-worker-3"    daemon [_thread_blocked, id=1316, stack(0x000000dd08100000,0x000000dd08200000) (1024K)]
  0x000002137c8e0520 JavaThread "ForkJoinPool-1-worker-4"    daemon [_thread_blocked, id=10848, stack(0x000000dd08200000,0x000000dd08300000) (1024K)]
  0x000002136a2a76b0 JavaThread "ForkJoinPool-1-worker-5"    daemon [_thread_blocked, id=3280, stack(0x000000dd08300000,0x000000dd08400000) (1024K)]
  0x000002137c8e18d0 JavaThread "ForkJoinPool-1-worker-6"    daemon [_thread_blocked, id=13472, stack(0x000000dd08400000,0x000000dd08500000) (1024K)]
  0x0000021366d19d10 JavaThread "ForkJoinPool-1-worker-7"    daemon [_thread_blocked, id=15756, stack(0x000000dd08500000,0x000000dd08600000) (1024K)]
  0x0000021366d1aa30 JavaThread "ForkJoinPool-1-worker-8"    daemon [_thread_blocked, id=7848, stack(0x000000dd08600000,0x000000dd08700000) (1024K)]
  0x000002136a249d10 JavaThread "Cache worker for Java compile cache (C:\Users\rumaa\.gradle\caches\8.10.2\javaCompile)"        [_thread_blocked, id=7928, stack(0x000000dd08700000,0x000000dd08800000) (1024K)]
Total: 155

Other Threads:
  0x000002136082a8b0 VMThread "VM Thread"                           [id=12564, stack(0x000000dd79100000,0x000000dd79200000) (1024K)] _threads_hazard_ptr=0x000002136c20ca50
  0x0000021360678250 WatcherThread "VM Periodic Task Thread"        [id=1916, stack(0x000000dd79000000,0x000000dd79100000) (1024K)]
  0x0000021346e1e060 WorkerThread "GC Thread#0"                     [id=14508, stack(0x000000dd78b00000,0x000000dd78c00000) (1024K)]
  0x00000213654d2680 WorkerThread "GC Thread#1"                     [id=10984, stack(0x000000dd79e00000,0x000000dd79f00000) (1024K)]
  0x00000213654d2a20 WorkerThread "GC Thread#2"                     [id=13284, stack(0x000000dd79f00000,0x000000dd7a000000) (1024K)]
  0x000002136561d710 WorkerThread "GC Thread#3"                     [id=15076, stack(0x000000dd7a000000,0x000000dd7a100000) (1024K)]
  0x000002136561dab0 WorkerThread "GC Thread#4"                     [id=10464, stack(0x000000dd7a100000,0x000000dd7a200000) (1024K)]
  0x00000213655d4010 WorkerThread "GC Thread#5"                     [id=11836, stack(0x000000dd7a200000,0x000000dd7a300000) (1024K)]
  0x0000021366aff7a0 WorkerThread "GC Thread#6"                     [id=13444, stack(0x000000dd7a300000,0x000000dd7a400000) (1024K)]
  0x0000021366affb40 WorkerThread "GC Thread#7"                     [id=7592, stack(0x000000dd7a400000,0x000000dd7a500000) (1024K)]
  0x0000021348fe5100 ConcurrentGCThread "G1 Main Marker"            [id=5564, stack(0x000000dd78c00000,0x000000dd78d00000) (1024K)]
  0x0000021348fe5a10 WorkerThread "G1 Conc#0"                       [id=16244, stack(0x000000dd78d00000,0x000000dd78e00000) (1024K)]
  0x0000021366affee0 WorkerThread "G1 Conc#1"                       [id=8952, stack(0x000000dd7ae00000,0x000000dd7af00000) (1024K)]
  0x000002136054baf0 ConcurrentGCThread "G1 Refine#0"               [id=2836, stack(0x000000dd78e00000,0x000000dd78f00000) (1024K)]
  0x000002136054c470 ConcurrentGCThread "G1 Service"                [id=8252, stack(0x000000dd78f00000,0x000000dd79000000) (1024K)]
Total: 15

Threads with active compile tasks:
C2 CompilerThread0   275820 40781       4       com.sun.tools.javac.jvm.ClassReader::enterClass (13 bytes)
C2 CompilerThread1   275821 40877       4       com.android.tools.r8.dex.L::a (792 bytes)
Total: 2

VM state: synchronizing (normal execution)

VM Mutex/Monitor currently owned by a thread:  ([mutex/lock_event])
[0x00007ffbfd0e50f8] Metaspace_lock - owner thread: 0x0000021368e35ae0
[0x00007ffbfd0e72f8] Threads_lock - owner thread: 0x000002136082a8b0
[0x00007ffbfd0e73f8] Heap_lock - owner thread: 0x0000021366d19d10

Heap address: 0x0000000080000000, size: 2048 MB, Compressed Oops mode: 32-bit

CDS archive(s) not mapped
Compressed class space mapped at: 0x0000000100000000-0x0000000140000000, reserved size: 1073741824
Narrow klass base: 0x0000000000000000, Narrow klass shift: 3, Narrow klass range: 0x140000000

GC Precious Log:
 CardTable entry size: 512
 Card Set container configuration: InlinePtr #cards 5 size 8 Array Of Cards #cards 12 size 40 Howl #buckets 4 coarsen threshold 1843 Howl Bitmap #cards 512 size 80 coarsen threshold 460 Card regions per heap region 1 cards per card region 2048
 CPUs: 8 total, 8 available
 Memory: 16064M
 Large Page Support: Disabled
 NUMA Support: Disabled
 Compressed Oops: Enabled (32-bit)
 Heap Region Size: 1M
 Heap Min Capacity: 8M
 Heap Initial Capacity: 252M
 Heap Max Capacity: 2G
 Pre-touch: Disabled
 Parallel Workers: 8
 Concurrent Workers: 2
 Concurrent Refinement Workers: 8
 Periodic GC: Disabled

Heap:
 garbage-first heap   total 657408K, used 559104K [0x0000000080000000, 0x0000000100000000)
  region size 1024K, 108 young (110592K), 12 survivors (12288K)
 Metaspace       used 246981K, committed 249984K, reserved 1310720K
  class space    used 31345K, committed 32896K, reserved 1048576K

Heap Regions: E=young(eden), S=young(survivor), O=old, HS=humongous(starts), HC=humongous(continues), CS=collection set, F=free, TAMS=top-at-mark-start, PB=parsable bottom
|   0|0x0000000080000000, 0x0000000080100000, 0x0000000080100000|100%| O|  |TAMS 0x0000000080000000| PB 0x0000000080000000| Untracked 
|   1|0x0000000080100000, 0x0000000080200000, 0x0000000080200000|100%| O|  |TAMS 0x0000000080100000| PB 0x0000000080100000| Untracked 
|   2|0x0000000080200000, 0x0000000080300000, 0x0000000080300000|100%|HS|  |TAMS 0x0000000080200000| PB 0x0000000080200000| Complete 
|   3|0x0000000080300000, 0x0000000080400000, 0x0000000080400000|100%|HC|  |TAMS 0x0000000080300000| PB 0x0000000080300000| Complete 
|   4|0x0000000080400000, 0x0000000080500000, 0x0000000080500000|100%|HC|  |TAMS 0x0000000080400000| PB 0x0000000080400000| Complete 
|   5|0x0000000080500000, 0x0000000080600000, 0x0000000080600000|100%|HC|  |TAMS 0x0000000080500000| PB 0x0000000080500000| Complete 
|   6|0x0000000080600000, 0x0000000080700000, 0x0000000080700000|100%| O|  |TAMS 0x0000000080600000| PB 0x0000000080600000| Untracked 
|   7|0x0000000080700000, 0x0000000080800000, 0x0000000080800000|100%| O|  |TAMS 0x0000000080700000| PB 0x0000000080700000| Untracked 
|   8|0x0000000080800000, 0x0000000080900000, 0x0000000080900000|100%| O|  |TAMS 0x0000000080800000| PB 0x0000000080800000| Untracked 
|   9|0x0000000080900000, 0x0000000080a00000, 0x0000000080a00000|100%|HS|  |TAMS 0x0000000080900000| PB 0x0000000080900000| Complete 
|  10|0x0000000080a00000, 0x0000000080b00000, 0x0000000080b00000|100%| O|  |TAMS 0x0000000080a00000| PB 0x0000000080a00000| Untracked 
|  11|0x0000000080b00000, 0x0000000080c00000, 0x0000000080c00000|100%| O|  |TAMS 0x0000000080b00000| PB 0x0000000080b00000| Untracked 
|  12|0x0000000080c00000, 0x0000000080d00000, 0x0000000080d00000|100%| O|  |TAMS 0x0000000080c00000| PB 0x0000000080c00000| Untracked 
|  13|0x0000000080d00000, 0x0000000080e00000, 0x0000000080e00000|100%| O|  |TAMS 0x0000000080d00000| PB 0x0000000080d00000| Untracked 
|  14|0x0000000080e00000, 0x0000000080f00000, 0x0000000080f00000|100%| O|  |TAMS 0x0000000080e00000| PB 0x0000000080e00000| Untracked 
|  15|0x0000000080f00000, 0x0000000081000000, 0x0000000081000000|100%| O|  |TAMS 0x0000000080f00000| PB 0x0000000080f00000| Untracked 
|  16|0x0000000081000000, 0x0000000081100000, 0x0000000081100000|100%| O|  |TAMS 0x0000000081000000| PB 0x0000000081000000| Untracked 
|  17|0x0000000081100000, 0x0000000081200000, 0x0000000081200000|100%| O|  |TAMS 0x0000000081100000| PB 0x0000000081100000| Untracked 
|  18|0x0000000081200000, 0x0000000081300000, 0x0000000081300000|100%| O|  |TAMS 0x0000000081200000| PB 0x0000000081200000| Untracked 
|  19|0x0000000081300000, 0x0000000081400000, 0x0000000081400000|100%| O|  |TAMS 0x0000000081300000| PB 0x0000000081300000| Untracked 
|  20|0x0000000081400000, 0x0000000081500000, 0x0000000081500000|100%| O|  |TAMS 0x0000000081400000| PB 0x0000000081400000| Untracked 
|  21|0x0000000081500000, 0x0000000081600000, 0x0000000081600000|100%| O|  |TAMS 0x0000000081500000| PB 0x0000000081500000| Untracked 
|  22|0x0000000081600000, 0x0000000081700000, 0x0000000081700000|100%| O|  |TAMS 0x0000000081600000| PB 0x0000000081600000| Untracked 
|  23|0x0000000081700000, 0x0000000081800000, 0x0000000081800000|100%| O|  |TAMS 0x0000000081700000| PB 0x0000000081700000| Untracked 
|  24|0x0000000081800000, 0x0000000081900000, 0x0000000081900000|100%| O|  |TAMS 0x0000000081800000| PB 0x0000000081800000| Untracked 
|  25|0x0000000081900000, 0x0000000081a00000, 0x0000000081a00000|100%| O|  |TAMS 0x0000000081900000| PB 0x0000000081900000| Untracked 
|  26|0x0000000081a00000, 0x0000000081b00000, 0x0000000081b00000|100%| O|  |TAMS 0x0000000081a00000| PB 0x0000000081a00000| Untracked 
|  27|0x0000000081b00000, 0x0000000081c00000, 0x0000000081c00000|100%| O|  |TAMS 0x0000000081b00000| PB 0x0000000081b00000| Untracked 
|  28|0x0000000081c00000, 0x0000000081d00000, 0x0000000081d00000|100%| O|  |TAMS 0x0000000081c00000| PB 0x0000000081c00000| Untracked 
|  29|0x0000000081d00000, 0x0000000081e00000, 0x0000000081e00000|100%| O|  |TAMS 0x0000000081d00000| PB 0x0000000081d00000| Untracked 
|  30|0x0000000081e00000, 0x0000000081f00000, 0x0000000081f00000|100%| O|  |TAMS 0x0000000081e00000| PB 0x0000000081e00000| Untracked 
|  31|0x0000000081f00000, 0x0000000082000000, 0x0000000082000000|100%| O|  |TAMS 0x0000000081f00000| PB 0x0000000081f00000| Untracked 
|  32|0x0000000082000000, 0x0000000082100000, 0x0000000082100000|100%| O|  |TAMS 0x0000000082000000| PB 0x0000000082000000| Untracked 
|  33|0x0000000082100000, 0x0000000082200000, 0x0000000082200000|100%| O|  |TAMS 0x0000000082100000| PB 0x0000000082100000| Untracked 
|  34|0x0000000082200000, 0x0000000082300000, 0x0000000082300000|100%| O|  |TAMS 0x0000000082200000| PB 0x0000000082200000| Untracked 
|  35|0x0000000082300000, 0x0000000082400000, 0x0000000082400000|100%| O|  |TAMS 0x0000000082300000| PB 0x0000000082300000| Untracked 
|  36|0x0000000082400000, 0x0000000082500000, 0x0000000082500000|100%| O|  |TAMS 0x0000000082400000| PB 0x0000000082400000| Untracked 
|  37|0x0000000082500000, 0x0000000082600000, 0x0000000082600000|100%| O|  |TAMS 0x0000000082500000| PB 0x0000000082500000| Untracked 
|  38|0x0000000082600000, 0x0000000082700000, 0x0000000082700000|100%|HS|  |TAMS 0x0000000082600000| PB 0x0000000082600000| Complete 
|  39|0x0000000082700000, 0x0000000082800000, 0x0000000082800000|100%|HS|  |TAMS 0x0000000082700000| PB 0x0000000082700000| Complete 
|  40|0x0000000082800000, 0x0000000082900000, 0x0000000082900000|100%|HS|  |TAMS 0x0000000082800000| PB 0x0000000082800000| Complete 
|  41|0x0000000082900000, 0x0000000082a00000, 0x0000000082a00000|100%|HS|  |TAMS 0x0000000082900000| PB 0x0000000082900000| Complete 
|  42|0x0000000082a00000, 0x0000000082b00000, 0x0000000082b00000|100%| O|  |TAMS 0x0000000082a00000| PB 0x0000000082a00000| Untracked 
|  43|0x0000000082b00000, 0x0000000082c00000, 0x0000000082c00000|100%| O|  |TAMS 0x0000000082b00000| PB 0x0000000082b00000| Untracked 
|  44|0x0000000082c00000, 0x0000000082d00000, 0x0000000082d00000|100%| O|  |TAMS 0x0000000082c00000| PB 0x0000000082c00000| Untracked 
|  45|0x0000000082d00000, 0x0000000082e00000, 0x0000000082e00000|100%| O|  |TAMS 0x0000000082d00000| PB 0x0000000082d00000| Untracked 
|  46|0x0000000082e00000, 0x0000000082f00000, 0x0000000082f00000|100%| O|  |TAMS 0x0000000082e00000| PB 0x0000000082e00000| Untracked 
|  47|0x0000000082f00000, 0x0000000083000000, 0x0000000083000000|100%| O|  |TAMS 0x0000000082f00000| PB 0x0000000082f00000| Untracked 
|  48|0x0000000083000000, 0x0000000083100000, 0x0000000083100000|100%|HS|  |TAMS 0x0000000083000000| PB 0x0000000083000000| Complete 
|  49|0x0000000083100000, 0x0000000083200000, 0x0000000083200000|100%|HS|  |TAMS 0x0000000083100000| PB 0x0000000083100000| Complete 
|  50|0x0000000083200000, 0x0000000083300000, 0x0000000083300000|100%| O|  |TAMS 0x0000000083200000| PB 0x0000000083200000| Untracked 
|  51|0x0000000083300000, 0x0000000083400000, 0x0000000083400000|100%| O|  |TAMS 0x0000000083300000| PB 0x0000000083300000| Untracked 
|  52|0x0000000083400000, 0x0000000083500000, 0x0000000083500000|100%| O|  |TAMS 0x0000000083400000| PB 0x0000000083400000| Untracked 
|  53|0x0000000083500000, 0x0000000083600000, 0x0000000083600000|100%| O|  |TAMS 0x0000000083500000| PB 0x0000000083500000| Untracked 
|  54|0x0000000083600000, 0x0000000083700000, 0x0000000083700000|100%| O|  |TAMS 0x0000000083600000| PB 0x0000000083600000| Untracked 
|  55|0x0000000083700000, 0x0000000083800000, 0x0000000083800000|100%| O|  |TAMS 0x0000000083700000| PB 0x0000000083700000| Untracked 
|  56|0x0000000083800000, 0x0000000083900000, 0x0000000083900000|100%| O|  |TAMS 0x0000000083800000| PB 0x0000000083800000| Untracked 
|  57|0x0000000083900000, 0x0000000083a00000, 0x0000000083a00000|100%| O|  |TAMS 0x0000000083900000| PB 0x0000000083900000| Untracked 
|  58|0x0000000083a00000, 0x0000000083b00000, 0x0000000083b00000|100%|HS|  |TAMS 0x0000000083a00000| PB 0x0000000083a00000| Complete 
|  59|0x0000000083b00000, 0x0000000083c00000, 0x0000000083c00000|100%| O|  |TAMS 0x0000000083b00000| PB 0x0000000083b00000| Untracked 
|  60|0x0000000083c00000, 0x0000000083d00000, 0x0000000083d00000|100%| O|  |TAMS 0x0000000083c00000| PB 0x0000000083c00000| Untracked 
|  61|0x0000000083d00000, 0x0000000083e00000, 0x0000000083e00000|100%| O|  |TAMS 0x0000000083d00000| PB 0x0000000083d00000| Untracked 
|  62|0x0000000083e00000, 0x0000000083f00000, 0x0000000083f00000|100%| O|  |TAMS 0x0000000083e00000| PB 0x0000000083e00000| Untracked 
|  63|0x0000000083f00000, 0x0000000084000000, 0x0000000084000000|100%|HS|  |TAMS 0x0000000083f00000| PB 0x0000000083f00000| Complete 
|  64|0x0000000084000000, 0x0000000084100000, 0x0000000084100000|100%| O|  |TAMS 0x0000000084000000| PB 0x0000000084000000| Untracked 
|  65|0x0000000084100000, 0x0000000084200000, 0x0000000084200000|100%| O|  |TAMS 0x0000000084100000| PB 0x0000000084100000| Untracked 
|  66|0x0000000084200000, 0x0000000084300000, 0x0000000084300000|100%| O|  |TAMS 0x0000000084200000| PB 0x0000000084200000| Untracked 
|  67|0x0000000084300000, 0x0000000084400000, 0x0000000084400000|100%| O|Cm|TAMS 0x0000000084300000| PB 0x0000000084300000| Complete 
|  68|0x0000000084400000, 0x0000000084500000, 0x0000000084500000|100%| O|  |TAMS 0x0000000084400000| PB 0x0000000084400000| Untracked 
|  69|0x0000000084500000, 0x0000000084600000, 0x0000000084600000|100%| O|  |TAMS 0x0000000084500000| PB 0x0000000084500000| Untracked 
|  70|0x0000000084600000, 0x0000000084700000, 0x0000000084700000|100%| O|  |TAMS 0x0000000084600000| PB 0x0000000084600000| Untracked 
|  71|0x0000000084700000, 0x0000000084800000, 0x0000000084800000|100%| O|  |TAMS 0x0000000084700000| PB 0x0000000084700000| Untracked 
|  72|0x0000000084800000, 0x0000000084900000, 0x0000000084900000|100%| O|  |TAMS 0x0000000084800000| PB 0x0000000084800000| Untracked 
|  73|0x0000000084900000, 0x0000000084a00000, 0x0000000084a00000|100%| O|  |TAMS 0x0000000084900000| PB 0x0000000084900000| Untracked 
|  74|0x0000000084a00000, 0x0000000084b00000, 0x0000000084b00000|100%| O|  |TAMS 0x0000000084a00000| PB 0x0000000084a00000| Untracked 
|  75|0x0000000084b00000, 0x0000000084c00000, 0x0000000084c00000|100%| O|  |TAMS 0x0000000084b00000| PB 0x0000000084b00000| Untracked 
|  76|0x0000000084c00000, 0x0000000084d00000, 0x0000000084d00000|100%| O|  |TAMS 0x0000000084c00000| PB 0x0000000084c00000| Untracked 
|  77|0x0000000084d00000, 0x0000000084e00000, 0x0000000084e00000|100%| O|  |TAMS 0x0000000084d00000| PB 0x0000000084d00000| Untracked 
|  78|0x0000000084e00000, 0x0000000084f00000, 0x0000000084f00000|100%| O|  |TAMS 0x0000000084e00000| PB 0x0000000084e00000| Untracked 
|  79|0x0000000084f00000, 0x0000000085000000, 0x0000000085000000|100%| O|Cm|TAMS 0x0000000084f00000| PB 0x0000000084f00000| Complete 
|  80|0x0000000085000000, 0x0000000085100000, 0x0000000085100000|100%| O|  |TAMS 0x0000000085000000| PB 0x0000000085000000| Untracked 
|  81|0x0000000085100000, 0x0000000085200000, 0x0000000085200000|100%| O|  |TAMS 0x0000000085100000| PB 0x0000000085100000| Untracked 
|  82|0x0000000085200000, 0x0000000085300000, 0x0000000085300000|100%| O|  |TAMS 0x0000000085200000| PB 0x0000000085200000| Untracked 
|  83|0x0000000085300000, 0x0000000085400000, 0x0000000085400000|100%|HS|  |TAMS 0x0000000085300000| PB 0x0000000085300000| Complete 
|  84|0x0000000085400000, 0x0000000085500000, 0x0000000085500000|100%| O|  |TAMS 0x0000000085400000| PB 0x0000000085400000| Untracked 
|  85|0x0000000085500000, 0x0000000085600000, 0x0000000085600000|100%| O|  |TAMS 0x0000000085500000| PB 0x0000000085500000| Untracked 
|  86|0x0000000085600000, 0x0000000085700000, 0x0000000085700000|100%| O|  |TAMS 0x0000000085600000| PB 0x0000000085600000| Untracked 
|  87|0x0000000085700000, 0x0000000085800000, 0x0000000085800000|100%| O|  |TAMS 0x0000000085700000| PB 0x0000000085700000| Untracked 
|  88|0x0000000085800000, 0x0000000085900000, 0x0000000085900000|100%| O|  |TAMS 0x0000000085800000| PB 0x0000000085800000| Untracked 
|  89|0x0000000085900000, 0x0000000085a00000, 0x0000000085a00000|100%| O|  |TAMS 0x0000000085900000| PB 0x0000000085900000| Untracked 
|  90|0x0000000085a00000, 0x0000000085b00000, 0x0000000085b00000|100%|HS|  |TAMS 0x0000000085a00000| PB 0x0000000085a00000| Complete 
|  91|0x0000000085b00000, 0x0000000085c00000, 0x0000000085c00000|100%|HC|  |TAMS 0x0000000085b00000| PB 0x0000000085b00000| Complete 
|  92|0x0000000085c00000, 0x0000000085d00000, 0x0000000085d00000|100%| O|  |TAMS 0x0000000085c00000| PB 0x0000000085c00000| Untracked 
|  93|0x0000000085d00000, 0x0000000085e00000, 0x0000000085e00000|100%| O|  |TAMS 0x0000000085d00000| PB 0x0000000085d00000| Untracked 
|  94|0x0000000085e00000, 0x0000000085f00000, 0x0000000085f00000|100%| O|  |TAMS 0x0000000085e00000| PB 0x0000000085e00000| Untracked 
|  95|0x0000000085f00000, 0x0000000086000000, 0x0000000086000000|100%| O|  |TAMS 0x0000000085f00000| PB 0x0000000085f00000| Untracked 
|  96|0x0000000086000000, 0x0000000086100000, 0x0000000086100000|100%| O|  |TAMS 0x0000000086000000| PB 0x0000000086000000| Untracked 
|  97|0x0000000086100000, 0x0000000086200000, 0x0000000086200000|100%| O|  |TAMS 0x0000000086100000| PB 0x0000000086100000| Untracked 
|  98|0x0000000086200000, 0x0000000086300000, 0x0000000086300000|100%| O|  |TAMS 0x0000000086200000| PB 0x0000000086200000| Untracked 
|  99|0x0000000086300000, 0x0000000086400000, 0x0000000086400000|100%|HS|  |TAMS 0x0000000086300000| PB 0x0000000086300000| Complete 
| 100|0x0000000086400000, 0x0000000086500000, 0x0000000086500000|100%|HC|  |TAMS 0x0000000086400000| PB 0x0000000086400000| Complete 
| 101|0x0000000086500000, 0x0000000086600000, 0x0000000086600000|100%|HC|  |TAMS 0x0000000086500000| PB 0x0000000086500000| Complete 
| 102|0x0000000086600000, 0x0000000086700000, 0x0000000086700000|100%| O|  |TAMS 0x0000000086600000| PB 0x0000000086600000| Untracked 
| 103|0x0000000086700000, 0x0000000086800000, 0x0000000086800000|100%| O|  |TAMS 0x0000000086700000| PB 0x0000000086700000| Untracked 
| 104|0x0000000086800000, 0x0000000086900000, 0x0000000086900000|100%| O|  |TAMS 0x0000000086800000| PB 0x0000000086800000| Untracked 
| 105|0x0000000086900000, 0x0000000086a00000, 0x0000000086a00000|100%| O|  |TAMS 0x0000000086900000| PB 0x0000000086900000| Untracked 
| 106|0x0000000086a00000, 0x0000000086b00000, 0x0000000086b00000|100%| O|  |TAMS 0x0000000086a00000| PB 0x0000000086a00000| Untracked 
| 107|0x0000000086b00000, 0x0000000086c00000, 0x0000000086c00000|100%| O|  |TAMS 0x0000000086b00000| PB 0x0000000086b00000| Untracked 
| 108|0x0000000086c00000, 0x0000000086d00000, 0x0000000086d00000|100%| O|  |TAMS 0x0000000086c00000| PB 0x0000000086c00000| Untracked 
| 109|0x0000000086d00000, 0x0000000086e00000, 0x0000000086e00000|100%| O|  |TAMS 0x0000000086d00000| PB 0x0000000086d00000| Untracked 
| 110|0x0000000086e00000, 0x0000000086f00000, 0x0000000086f00000|100%| O|  |TAMS 0x0000000086e00000| PB 0x0000000086e00000| Untracked 
| 111|0x0000000086f00000, 0x0000000087000000, 0x0000000087000000|100%| O|  |TAMS 0x0000000086f00000| PB 0x0000000086f00000| Untracked 
| 112|0x0000000087000000, 0x0000000087100000, 0x0000000087100000|100%| O|  |TAMS 0x0000000087000000| PB 0x0000000087000000| Untracked 
| 113|0x0000000087100000, 0x0000000087200000, 0x0000000087200000|100%|HS|  |TAMS 0x0000000087100000| PB 0x0000000087100000| Complete 
| 114|0x0000000087200000, 0x0000000087300000, 0x0000000087300000|100%|HC|  |TAMS 0x0000000087200000| PB 0x0000000087200000| Complete 
| 115|0x0000000087300000, 0x0000000087400000, 0x0000000087400000|100%| O|  |TAMS 0x0000000087300000| PB 0x0000000087300000| Untracked 
| 116|0x0000000087400000, 0x0000000087500000, 0x0000000087500000|100%| O|  |TAMS 0x0000000087400000| PB 0x0000000087400000| Untracked 
| 117|0x0000000087500000, 0x0000000087600000, 0x0000000087600000|100%| O|  |TAMS 0x0000000087500000| PB 0x0000000087500000| Untracked 
| 118|0x0000000087600000, 0x0000000087700000, 0x0000000087700000|100%| O|  |TAMS 0x0000000087600000| PB 0x0000000087600000| Untracked 
| 119|0x0000000087700000, 0x0000000087800000, 0x0000000087800000|100%| O|  |TAMS 0x0000000087700000| PB 0x0000000087700000| Untracked 
| 120|0x0000000087800000, 0x0000000087900000, 0x0000000087900000|100%| O|  |TAMS 0x0000000087800000| PB 0x0000000087800000| Untracked 
| 121|0x0000000087900000, 0x0000000087a00000, 0x0000000087a00000|100%| O|  |TAMS 0x0000000087900000| PB 0x0000000087900000| Untracked 
| 122|0x0000000087a00000, 0x0000000087b00000, 0x0000000087b00000|100%| O|  |TAMS 0x0000000087a00000| PB 0x0000000087a00000| Untracked 
| 123|0x0000000087b00000, 0x0000000087c00000, 0x0000000087c00000|100%| O|  |TAMS 0x0000000087b00000| PB 0x0000000087b00000| Untracked 
| 124|0x0000000087c00000, 0x0000000087d00000, 0x0000000087d00000|100%| O|  |TAMS 0x0000000087c00000| PB 0x0000000087c00000| Untracked 
| 125|0x0000000087d00000, 0x0000000087e00000, 0x0000000087e00000|100%| O|  |TAMS 0x0000000087d00000| PB 0x0000000087d00000| Untracked 
| 126|0x0000000087e00000, 0x0000000087f00000, 0x0000000087f00000|100%| O|  |TAMS 0x0000000087e00000| PB 0x0000000087e00000| Untracked 
| 127|0x0000000087f00000, 0x0000000088000000, 0x0000000088000000|100%| O|  |TAMS 0x0000000087f00000| PB 0x0000000087f00000| Untracked 
| 128|0x0000000088000000, 0x0000000088100000, 0x0000000088100000|100%| O|  |TAMS 0x0000000088000000| PB 0x0000000088000000| Untracked 
| 129|0x0000000088100000, 0x0000000088200000, 0x0000000088200000|100%| O|  |TAMS 0x0000000088100000| PB 0x0000000088100000| Untracked 
| 130|0x0000000088200000, 0x0000000088300000, 0x0000000088300000|100%|HS|  |TAMS 0x0000000088200000| PB 0x0000000088200000| Complete 
| 131|0x0000000088300000, 0x0000000088400000, 0x0000000088400000|100%|HC|  |TAMS 0x0000000088300000| PB 0x0000000088300000| Complete 
| 132|0x0000000088400000, 0x0000000088500000, 0x0000000088500000|100%| O|  |TAMS 0x0000000088400000| PB 0x0000000088400000| Untracked 
| 133|0x0000000088500000, 0x0000000088600000, 0x0000000088600000|100%| O|  |TAMS 0x0000000088500000| PB 0x0000000088500000| Untracked 
| 134|0x0000000088600000, 0x0000000088700000, 0x0000000088700000|100%| O|  |TAMS 0x0000000088600000| PB 0x0000000088600000| Untracked 
| 135|0x0000000088700000, 0x0000000088800000, 0x0000000088800000|100%|HS|  |TAMS 0x0000000088700000| PB 0x0000000088700000| Complete 
| 136|0x0000000088800000, 0x0000000088900000, 0x0000000088900000|100%|HC|  |TAMS 0x0000000088800000| PB 0x0000000088800000| Complete 
| 137|0x0000000088900000, 0x0000000088a00000, 0x0000000088a00000|100%|HC|  |TAMS 0x0000000088900000| PB 0x0000000088900000| Complete 
| 138|0x0000000088a00000, 0x0000000088b00000, 0x0000000088b00000|100%|HC|  |TAMS 0x0000000088a00000| PB 0x0000000088a00000| Complete 
| 139|0x0000000088b00000, 0x0000000088c00000, 0x0000000088c00000|100%|HC|  |TAMS 0x0000000088b00000| PB 0x0000000088b00000| Complete 
| 140|0x0000000088c00000, 0x0000000088d00000, 0x0000000088d00000|100%|HC|  |TAMS 0x0000000088c00000| PB 0x0000000088c00000| Complete 
| 141|0x0000000088d00000, 0x0000000088e00000, 0x0000000088e00000|100%| O|  |TAMS 0x0000000088d00000| PB 0x0000000088d00000| Untracked 
| 142|0x0000000088e00000, 0x0000000088f00000, 0x0000000088f00000|100%| O|  |TAMS 0x0000000088e00000| PB 0x0000000088e00000| Untracked 
| 143|0x0000000088f00000, 0x0000000089000000, 0x0000000089000000|100%| O|  |TAMS 0x0000000088f00000| PB 0x0000000088f00000| Untracked 
| 144|0x0000000089000000, 0x0000000089100000, 0x0000000089100000|100%| O|  |TAMS 0x0000000089000000| PB 0x0000000089000000| Untracked 
| 145|0x0000000089100000, 0x0000000089200000, 0x0000000089200000|100%|HS|  |TAMS 0x0000000089100000| PB 0x0000000089100000| Complete 
| 146|0x0000000089200000, 0x0000000089300000, 0x0000000089300000|100%|HC|  |TAMS 0x0000000089200000| PB 0x0000000089200000| Complete 
| 147|0x0000000089300000, 0x0000000089400000, 0x0000000089400000|100%| O|  |TAMS 0x0000000089300000| PB 0x0000000089300000| Untracked 
| 148|0x0000000089400000, 0x0000000089500000, 0x0000000089500000|100%| O|  |TAMS 0x0000000089400000| PB 0x0000000089400000| Untracked 
| 149|0x0000000089500000, 0x0000000089600000, 0x0000000089600000|100%| O|  |TAMS 0x0000000089500000| PB 0x0000000089500000| Untracked 
| 150|0x0000000089600000, 0x0000000089700000, 0x0000000089700000|100%| O|  |TAMS 0x0000000089600000| PB 0x0000000089600000| Untracked 
| 151|0x0000000089700000, 0x0000000089800000, 0x0000000089800000|100%| O|  |TAMS 0x0000000089700000| PB 0x0000000089700000| Untracked 
| 152|0x0000000089800000, 0x0000000089900000, 0x0000000089900000|100%| O|  |TAMS 0x0000000089800000| PB 0x0000000089800000| Untracked 
| 153|0x0000000089900000, 0x0000000089a00000, 0x0000000089a00000|100%| O|  |TAMS 0x0000000089900000| PB 0x0000000089900000| Untracked 
| 154|0x0000000089a00000, 0x0000000089b00000, 0x0000000089b00000|100%| O|  |TAMS 0x0000000089a00000| PB 0x0000000089a00000| Untracked 
| 155|0x0000000089b00000, 0x0000000089c00000, 0x0000000089c00000|100%| O|  |TAMS 0x0000000089b00000| PB 0x0000000089b00000| Untracked 
| 156|0x0000000089c00000, 0x0000000089d00000, 0x0000000089d00000|100%|HS|  |TAMS 0x0000000089c00000| PB 0x0000000089c00000| Complete 
| 157|0x0000000089d00000, 0x0000000089e00000, 0x0000000089e00000|100%|HC|  |TAMS 0x0000000089d00000| PB 0x0000000089d00000| Complete 
| 158|0x0000000089e00000, 0x0000000089f00000, 0x0000000089f00000|100%|HC|  |TAMS 0x0000000089e00000| PB 0x0000000089e00000| Complete 
| 159|0x0000000089f00000, 0x000000008a000000, 0x000000008a000000|100%|HC|  |TAMS 0x0000000089f00000| PB 0x0000000089f00000| Complete 
| 160|0x000000008a000000, 0x000000008a100000, 0x000000008a100000|100%|HC|  |TAMS 0x000000008a000000| PB 0x000000008a000000| Complete 
| 161|0x000000008a100000, 0x000000008a200000, 0x000000008a200000|100%|HC|  |TAMS 0x000000008a100000| PB 0x000000008a100000| Complete 
| 162|0x000000008a200000, 0x000000008a300000, 0x000000008a300000|100%|HS|  |TAMS 0x000000008a200000| PB 0x000000008a200000| Complete 
| 163|0x000000008a300000, 0x000000008a400000, 0x000000008a400000|100%|HC|  |TAMS 0x000000008a300000| PB 0x000000008a300000| Complete 
| 164|0x000000008a400000, 0x000000008a500000, 0x000000008a500000|100%|HC|  |TAMS 0x000000008a400000| PB 0x000000008a400000| Complete 
| 165|0x000000008a500000, 0x000000008a600000, 0x000000008a600000|100%|HC|  |TAMS 0x000000008a500000| PB 0x000000008a500000| Complete 
| 166|0x000000008a600000, 0x000000008a700000, 0x000000008a700000|100%|HC|  |TAMS 0x000000008a600000| PB 0x000000008a600000| Complete 
| 167|0x000000008a700000, 0x000000008a800000, 0x000000008a800000|100%|HC|  |TAMS 0x000000008a700000| PB 0x000000008a700000| Complete 
| 168|0x000000008a800000, 0x000000008a900000, 0x000000008a900000|100%| O|  |TAMS 0x000000008a800000| PB 0x000000008a800000| Untracked 
| 169|0x000000008a900000, 0x000000008aa00000, 0x000000008aa00000|100%| O|  |TAMS 0x000000008a900000| PB 0x000000008a900000| Untracked 
| 170|0x000000008aa00000, 0x000000008ab00000, 0x000000008ab00000|100%| O|Cm|TAMS 0x000000008aa00000| PB 0x000000008aa00000| Complete 
| 171|0x000000008ab00000, 0x000000008ac00000, 0x000000008ac00000|100%| O|  |TAMS 0x000000008ab00000| PB 0x000000008ab00000| Untracked 
| 172|0x000000008ac00000, 0x000000008ad00000, 0x000000008ad00000|100%|HS|  |TAMS 0x000000008ac00000| PB 0x000000008ac00000| Complete 
| 173|0x000000008ad00000, 0x000000008ae00000, 0x000000008ae00000|100%|HC|  |TAMS 0x000000008ad00000| PB 0x000000008ad00000| Complete 
| 174|0x000000008ae00000, 0x000000008af00000, 0x000000008af00000|100%|HC|  |TAMS 0x000000008ae00000| PB 0x000000008ae00000| Complete 
| 175|0x000000008af00000, 0x000000008b000000, 0x000000008b000000|100%|HC|  |TAMS 0x000000008af00000| PB 0x000000008af00000| Complete 
| 176|0x000000008b000000, 0x000000008b100000, 0x000000008b100000|100%|HC|  |TAMS 0x000000008b000000| PB 0x000000008b000000| Complete 
| 177|0x000000008b100000, 0x000000008b200000, 0x000000008b200000|100%|HC|  |TAMS 0x000000008b100000| PB 0x000000008b100000| Complete 
| 178|0x000000008b200000, 0x000000008b300000, 0x000000008b300000|100%|HS|  |TAMS 0x000000008b200000| PB 0x000000008b200000| Complete 
| 179|0x000000008b300000, 0x000000008b400000, 0x000000008b400000|100%|HC|  |TAMS 0x000000008b300000| PB 0x000000008b300000| Complete 
| 180|0x000000008b400000, 0x000000008b500000, 0x000000008b500000|100%|HC|  |TAMS 0x000000008b400000| PB 0x000000008b400000| Complete 
| 181|0x000000008b500000, 0x000000008b600000, 0x000000008b600000|100%| O|  |TAMS 0x000000008b500000| PB 0x000000008b500000| Untracked 
| 182|0x000000008b600000, 0x000000008b700000, 0x000000008b700000|100%| O|  |TAMS 0x000000008b600000| PB 0x000000008b600000| Untracked 
| 183|0x000000008b700000, 0x000000008b800000, 0x000000008b800000|100%| O|  |TAMS 0x000000008b700000| PB 0x000000008b700000| Untracked 
| 184|0x000000008b800000, 0x000000008b900000, 0x000000008b900000|100%| O|  |TAMS 0x000000008b800000| PB 0x000000008b800000| Untracked 
| 185|0x000000008b900000, 0x000000008ba00000, 0x000000008ba00000|100%| O|  |TAMS 0x000000008b900000| PB 0x000000008b900000| Untracked 
| 186|0x000000008ba00000, 0x000000008bb00000, 0x000000008bb00000|100%| O|  |TAMS 0x000000008ba00000| PB 0x000000008ba00000| Untracked 
| 187|0x000000008bb00000, 0x000000008bc00000, 0x000000008bc00000|100%| O|  |TAMS 0x000000008bb00000| PB 0x000000008bb00000| Untracked 
| 188|0x000000008bc00000, 0x000000008bd00000, 0x000000008bd00000|100%| O|  |TAMS 0x000000008bc00000| PB 0x000000008bc00000| Untracked 
| 189|0x000000008bd00000, 0x000000008be00000, 0x000000008be00000|100%| O|  |TAMS 0x000000008bd00000| PB 0x000000008bd00000| Untracked 
| 190|0x000000008be00000, 0x000000008bf00000, 0x000000008bf00000|100%| O|  |TAMS 0x000000008be00000| PB 0x000000008be00000| Untracked 
| 191|0x000000008bf00000, 0x000000008c000000, 0x000000008c000000|100%| O|  |TAMS 0x000000008bf00000| PB 0x000000008bf00000| Untracked 
| 192|0x000000008c000000, 0x000000008c100000, 0x000000008c100000|100%| O|  |TAMS 0x000000008c000000| PB 0x000000008c000000| Untracked 
| 193|0x000000008c100000, 0x000000008c200000, 0x000000008c200000|100%| O|  |TAMS 0x000000008c100000| PB 0x000000008c100000| Untracked 
| 194|0x000000008c200000, 0x000000008c300000, 0x000000008c300000|100%| O|  |TAMS 0x000000008c200000| PB 0x000000008c200000| Untracked 
| 195|0x000000008c300000, 0x000000008c400000, 0x000000008c400000|100%| O|  |TAMS 0x000000008c300000| PB 0x000000008c300000| Untracked 
| 196|0x000000008c400000, 0x000000008c500000, 0x000000008c500000|100%| O|  |TAMS 0x000000008c400000| PB 0x000000008c400000| Untracked 
| 197|0x000000008c500000, 0x000000008c600000, 0x000000008c600000|100%| O|  |TAMS 0x000000008c500000| PB 0x000000008c500000| Untracked 
| 198|0x000000008c600000, 0x000000008c700000, 0x000000008c700000|100%| O|  |TAMS 0x000000008c600000| PB 0x000000008c600000| Untracked 
| 199|0x000000008c700000, 0x000000008c800000, 0x000000008c800000|100%| O|  |TAMS 0x000000008c700000| PB 0x000000008c700000| Untracked 
| 200|0x000000008c800000, 0x000000008c900000, 0x000000008c900000|100%| O|  |TAMS 0x000000008c800000| PB 0x000000008c800000| Untracked 
| 201|0x000000008c900000, 0x000000008ca00000, 0x000000008ca00000|100%| O|  |TAMS 0x000000008c900000| PB 0x000000008c900000| Untracked 
| 202|0x000000008ca00000, 0x000000008cb00000, 0x000000008cb00000|100%| O|  |TAMS 0x000000008ca00000| PB 0x000000008ca00000| Untracked 
| 203|0x000000008cb00000, 0x000000008cc00000, 0x000000008cc00000|100%| O|  |TAMS 0x000000008cb00000| PB 0x000000008cb00000| Untracked 
| 204|0x000000008cc00000, 0x000000008cd00000, 0x000000008cd00000|100%| O|  |TAMS 0x000000008cc00000| PB 0x000000008cc00000| Untracked 
| 205|0x000000008cd00000, 0x000000008ce00000, 0x000000008ce00000|100%|HS|  |TAMS 0x000000008cd00000| PB 0x000000008cd00000| Complete 
| 206|0x000000008ce00000, 0x000000008cf00000, 0x000000008cf00000|100%| O|  |TAMS 0x000000008ce00000| PB 0x000000008ce00000| Untracked 
| 207|0x000000008cf00000, 0x000000008d000000, 0x000000008d000000|100%|HS|  |TAMS 0x000000008cf00000| PB 0x000000008cf00000| Complete 
| 208|0x000000008d000000, 0x000000008d100000, 0x000000008d100000|100%| O|Cm|TAMS 0x000000008d000000| PB 0x000000008d000000| Complete 
| 209|0x000000008d100000, 0x000000008d200000, 0x000000008d200000|100%| O|  |TAMS 0x000000008d100000| PB 0x000000008d100000| Untracked 
| 210|0x000000008d200000, 0x000000008d300000, 0x000000008d300000|100%|HS|  |TAMS 0x000000008d200000| PB 0x000000008d200000| Complete 
| 211|0x000000008d300000, 0x000000008d400000, 0x000000008d400000|100%|HC|  |TAMS 0x000000008d300000| PB 0x000000008d300000| Complete 
| 212|0x000000008d400000, 0x000000008d500000, 0x000000008d500000|100%|HS|  |TAMS 0x000000008d400000| PB 0x000000008d400000| Complete 
| 213|0x000000008d500000, 0x000000008d600000, 0x000000008d600000|100%|HC|  |TAMS 0x000000008d500000| PB 0x000000008d500000| Complete 
| 214|0x000000008d600000, 0x000000008d700000, 0x000000008d700000|100%| O|  |TAMS 0x000000008d600000| PB 0x000000008d600000| Untracked 
| 215|0x000000008d700000, 0x000000008d800000, 0x000000008d800000|100%|HS|  |TAMS 0x000000008d700000| PB 0x000000008d700000| Complete 
| 216|0x000000008d800000, 0x000000008d900000, 0x000000008d900000|100%| O|  |TAMS 0x000000008d800000| PB 0x000000008d800000| Untracked 
| 217|0x000000008d900000, 0x000000008da00000, 0x000000008da00000|100%|HS|  |TAMS 0x000000008d900000| PB 0x000000008d900000| Complete 
| 218|0x000000008da00000, 0x000000008db00000, 0x000000008db00000|100%|HC|  |TAMS 0x000000008da00000| PB 0x000000008da00000| Complete 
| 219|0x000000008db00000, 0x000000008dc00000, 0x000000008dc00000|100%| O|  |TAMS 0x000000008db00000| PB 0x000000008db00000| Untracked 
| 220|0x000000008dc00000, 0x000000008dd00000, 0x000000008dd00000|100%| O|  |TAMS 0x000000008dc00000| PB 0x000000008dc00000| Untracked 
| 221|0x000000008dd00000, 0x000000008de00000, 0x000000008de00000|100%| O|  |TAMS 0x000000008dd00000| PB 0x000000008dd00000| Untracked 
| 222|0x000000008de00000, 0x000000008df00000, 0x000000008df00000|100%|HS|  |TAMS 0x000000008de00000| PB 0x000000008de00000| Complete 
| 223|0x000000008df00000, 0x000000008e000000, 0x000000008e000000|100%|HC|  |TAMS 0x000000008df00000| PB 0x000000008df00000| Complete 
| 224|0x000000008e000000, 0x000000008e100000, 0x000000008e100000|100%|HC|  |TAMS 0x000000008e000000| PB 0x000000008e000000| Complete 
| 225|0x000000008e100000, 0x000000008e200000, 0x000000008e200000|100%| O|  |TAMS 0x000000008e100000| PB 0x000000008e100000| Untracked 
| 226|0x000000008e200000, 0x000000008e300000, 0x000000008e300000|100%| O|  |TAMS 0x000000008e200000| PB 0x000000008e200000| Untracked 
| 227|0x000000008e300000, 0x000000008e400000, 0x000000008e400000|100%|HS|  |TAMS 0x000000008e300000| PB 0x000000008e300000| Complete 
| 228|0x000000008e400000, 0x000000008e500000, 0x000000008e500000|100%|HC|  |TAMS 0x000000008e400000| PB 0x000000008e400000| Complete 
| 229|0x000000008e500000, 0x000000008e600000, 0x000000008e600000|100%| O|  |TAMS 0x000000008e500000| PB 0x000000008e500000| Untracked 
| 230|0x000000008e600000, 0x000000008e700000, 0x000000008e700000|100%| O|  |TAMS 0x000000008e600000| PB 0x000000008e600000| Untracked 
| 231|0x000000008e700000, 0x000000008e800000, 0x000000008e800000|100%| O|  |TAMS 0x000000008e700000| PB 0x000000008e700000| Untracked 
| 232|0x000000008e800000, 0x000000008e900000, 0x000000008e900000|100%| O|  |TAMS 0x000000008e800000| PB 0x000000008e800000| Untracked 
| 233|0x000000008e900000, 0x000000008ea00000, 0x000000008ea00000|100%| O|  |TAMS 0x000000008e900000| PB 0x000000008e900000| Untracked 
| 234|0x000000008ea00000, 0x000000008eb00000, 0x000000008eb00000|100%| O|  |TAMS 0x000000008ea00000| PB 0x000000008ea00000| Untracked 
| 235|0x000000008eb00000, 0x000000008ec00000, 0x000000008ec00000|100%| O|  |TAMS 0x000000008eb00000| PB 0x000000008eb00000| Untracked 
| 236|0x000000008ec00000, 0x000000008ed00000, 0x000000008ed00000|100%| O|  |TAMS 0x000000008ec00000| PB 0x000000008ec00000| Untracked 
| 237|0x000000008ed00000, 0x000000008ee00000, 0x000000008ee00000|100%| O|  |TAMS 0x000000008ed00000| PB 0x000000008ed00000| Untracked 
| 238|0x000000008ee00000, 0x000000008ef00000, 0x000000008ef00000|100%| O|  |TAMS 0x000000008ee00000| PB 0x000000008ee00000| Untracked 
| 239|0x000000008ef00000, 0x000000008f000000, 0x000000008f000000|100%| O|  |TAMS 0x000000008ef00000| PB 0x000000008ef00000| Untracked 
| 240|0x000000008f000000, 0x000000008f100000, 0x000000008f100000|100%|HS|  |TAMS 0x000000008f000000| PB 0x000000008f000000| Complete 
| 241|0x000000008f100000, 0x000000008f200000, 0x000000008f200000|100%|HC|  |TAMS 0x000000008f100000| PB 0x000000008f100000| Complete 
| 242|0x000000008f200000, 0x000000008f300000, 0x000000008f300000|100%| O|  |TAMS 0x000000008f200000| PB 0x000000008f200000| Untracked 
| 243|0x000000008f300000, 0x000000008f400000, 0x000000008f400000|100%| O|  |TAMS 0x000000008f300000| PB 0x000000008f300000| Untracked 
| 244|0x000000008f400000, 0x000000008f500000, 0x000000008f500000|100%| O|  |TAMS 0x000000008f400000| PB 0x000000008f400000| Untracked 
| 245|0x000000008f500000, 0x000000008f600000, 0x000000008f600000|100%| O|  |TAMS 0x000000008f500000| PB 0x000000008f500000| Untracked 
| 246|0x000000008f600000, 0x000000008f700000, 0x000000008f700000|100%| O|  |TAMS 0x000000008f600000| PB 0x000000008f600000| Untracked 
| 247|0x000000008f700000, 0x000000008f800000, 0x000000008f800000|100%| O|  |TAMS 0x000000008f700000| PB 0x000000008f700000| Untracked 
| 248|0x000000008f800000, 0x000000008f900000, 0x000000008f900000|100%| O|  |TAMS 0x000000008f800000| PB 0x000000008f800000| Untracked 
| 249|0x000000008f900000, 0x000000008fa00000, 0x000000008fa00000|100%|HS|  |TAMS 0x000000008f900000| PB 0x000000008f900000| Complete 
| 250|0x000000008fa00000, 0x000000008fb00000, 0x000000008fb00000|100%|HS|  |TAMS 0x000000008fa00000| PB 0x000000008fa00000| Complete 
| 251|0x000000008fb00000, 0x000000008fc00000, 0x000000008fc00000|100%|HC|  |TAMS 0x000000008fb00000| PB 0x000000008fb00000| Complete 
| 252|0x000000008fc00000, 0x000000008fd00000, 0x000000008fd00000|100%|HS|  |TAMS 0x000000008fc00000| PB 0x000000008fc00000| Complete 
| 253|0x000000008fd00000, 0x000000008fe00000, 0x000000008fe00000|100%| O|  |TAMS 0x000000008fd00000| PB 0x000000008fd00000| Untracked 
| 254|0x000000008fe00000, 0x000000008ff00000, 0x000000008ff00000|100%|HS|  |TAMS 0x000000008fe00000| PB 0x000000008fe00000| Complete 
| 255|0x000000008ff00000, 0x0000000090000000, 0x0000000090000000|100%|HS|  |TAMS 0x000000008ff00000| PB 0x000000008ff00000| Complete 
| 256|0x0000000090000000, 0x0000000090100000, 0x0000000090100000|100%|HS|  |TAMS 0x0000000090000000| PB 0x0000000090000000| Complete 
| 257|0x0000000090100000, 0x0000000090200000, 0x0000000090200000|100%| O|  |TAMS 0x0000000090100000| PB 0x0000000090100000| Untracked 
| 258|0x0000000090200000, 0x0000000090300000, 0x0000000090300000|100%| O|  |TAMS 0x0000000090200000| PB 0x0000000090200000| Untracked 
| 259|0x0000000090300000, 0x0000000090400000, 0x0000000090400000|100%| O|  |TAMS 0x0000000090300000| PB 0x0000000090300000| Untracked 
| 260|0x0000000090400000, 0x0000000090500000, 0x0000000090500000|100%|HS|  |TAMS 0x0000000090400000| PB 0x0000000090400000| Complete 
| 261|0x0000000090500000, 0x0000000090600000, 0x0000000090600000|100%|HS|  |TAMS 0x0000000090500000| PB 0x0000000090500000| Complete 
| 262|0x0000000090600000, 0x0000000090700000, 0x0000000090700000|100%|HC|  |TAMS 0x0000000090600000| PB 0x0000000090600000| Complete 
| 263|0x0000000090700000, 0x0000000090800000, 0x0000000090800000|100%|HS|  |TAMS 0x0000000090700000| PB 0x0000000090700000| Complete 
| 264|0x0000000090800000, 0x0000000090900000, 0x0000000090900000|100%|HS|  |TAMS 0x0000000090800000| PB 0x0000000090800000| Complete 
| 265|0x0000000090900000, 0x0000000090a00000, 0x0000000090a00000|100%|HC|  |TAMS 0x0000000090900000| PB 0x0000000090900000| Complete 
| 266|0x0000000090a00000, 0x0000000090b00000, 0x0000000090b00000|100%|HS|  |TAMS 0x0000000090a00000| PB 0x0000000090a00000| Complete 
| 267|0x0000000090b00000, 0x0000000090c00000, 0x0000000090c00000|100%| O|  |TAMS 0x0000000090b00000| PB 0x0000000090b00000| Untracked 
| 268|0x0000000090c00000, 0x0000000090d00000, 0x0000000090d00000|100%| O|  |TAMS 0x0000000090c00000| PB 0x0000000090c00000| Untracked 
| 269|0x0000000090d00000, 0x0000000090e00000, 0x0000000090e00000|100%| O|  |TAMS 0x0000000090d00000| PB 0x0000000090d00000| Untracked 
| 270|0x0000000090e00000, 0x0000000090f00000, 0x0000000090f00000|100%| O|  |TAMS 0x0000000090e00000| PB 0x0000000090e00000| Untracked 
| 271|0x0000000090f00000, 0x0000000091000000, 0x0000000091000000|100%| O|  |TAMS 0x0000000090f00000| PB 0x0000000090f00000| Untracked 
| 272|0x0000000091000000, 0x0000000091100000, 0x0000000091100000|100%| O|  |TAMS 0x0000000091000000| PB 0x0000000091000000| Untracked 
| 273|0x0000000091100000, 0x0000000091200000, 0x0000000091200000|100%| O|Cm|TAMS 0x0000000091100000| PB 0x0000000091100000| Complete 
| 274|0x0000000091200000, 0x0000000091300000, 0x0000000091300000|100%| O|Cm|TAMS 0x0000000091200000| PB 0x0000000091200000| Complete 
| 275|0x0000000091300000, 0x0000000091400000, 0x0000000091400000|100%| O|  |TAMS 0x0000000091300000| PB 0x0000000091300000| Untracked 
| 276|0x0000000091400000, 0x0000000091500000, 0x0000000091500000|100%| O|  |TAMS 0x0000000091400000| PB 0x0000000091400000| Untracked 
| 277|0x0000000091500000, 0x0000000091600000, 0x0000000091600000|100%| O|  |TAMS 0x0000000091500000| PB 0x0000000091500000| Untracked 
| 278|0x0000000091600000, 0x0000000091700000, 0x0000000091700000|100%| O|  |TAMS 0x0000000091600000| PB 0x0000000091600000| Untracked 
| 279|0x0000000091700000, 0x0000000091800000, 0x0000000091800000|100%| O|  |TAMS 0x0000000091700000| PB 0x0000000091700000| Untracked 
| 280|0x0000000091800000, 0x0000000091900000, 0x0000000091900000|100%| O|  |TAMS 0x0000000091800000| PB 0x0000000091800000| Untracked 
| 281|0x0000000091900000, 0x0000000091a00000, 0x0000000091a00000|100%| O|  |TAMS 0x0000000091900000| PB 0x0000000091900000| Untracked 
| 282|0x0000000091a00000, 0x0000000091b00000, 0x0000000091b00000|100%| O|  |TAMS 0x0000000091a00000| PB 0x0000000091a00000| Untracked 
| 283|0x0000000091b00000, 0x0000000091c00000, 0x0000000091c00000|100%| O|  |TAMS 0x0000000091b00000| PB 0x0000000091b00000| Untracked 
| 284|0x0000000091c00000, 0x0000000091d00000, 0x0000000091d00000|100%| O|  |TAMS 0x0000000091c00000| PB 0x0000000091c00000| Untracked 
| 285|0x0000000091d00000, 0x0000000091e00000, 0x0000000091e00000|100%| O|  |TAMS 0x0000000091d00000| PB 0x0000000091d00000| Untracked 
| 286|0x0000000091e00000, 0x0000000091f00000, 0x0000000091f00000|100%| O|  |TAMS 0x0000000091e00000| PB 0x0000000091e00000| Untracked 
| 287|0x0000000091f00000, 0x0000000092000000, 0x0000000092000000|100%| O|  |TAMS 0x0000000091f00000| PB 0x0000000091f00000| Untracked 
| 288|0x0000000092000000, 0x0000000092100000, 0x0000000092100000|100%| O|  |TAMS 0x0000000092000000| PB 0x0000000092000000| Untracked 
| 289|0x0000000092100000, 0x0000000092200000, 0x0000000092200000|100%| O|  |TAMS 0x0000000092100000| PB 0x0000000092100000| Untracked 
| 290|0x0000000092200000, 0x0000000092300000, 0x0000000092300000|100%| O|  |TAMS 0x0000000092200000| PB 0x0000000092200000| Untracked 
| 291|0x0000000092300000, 0x0000000092400000, 0x0000000092400000|100%| O|  |TAMS 0x0000000092300000| PB 0x0000000092300000| Untracked 
| 292|0x0000000092400000, 0x0000000092500000, 0x0000000092500000|100%| O|  |TAMS 0x0000000092400000| PB 0x0000000092400000| Untracked 
| 293|0x0000000092500000, 0x0000000092600000, 0x0000000092600000|100%| O|Cm|TAMS 0x0000000092500000| PB 0x0000000092500000| Complete 
| 294|0x0000000092600000, 0x0000000092700000, 0x0000000092700000|100%| O|  |TAMS 0x0000000092600000| PB 0x0000000092600000| Untracked 
| 295|0x0000000092700000, 0x0000000092800000, 0x0000000092800000|100%| O|  |TAMS 0x0000000092700000| PB 0x0000000092700000| Untracked 
| 296|0x0000000092800000, 0x0000000092900000, 0x0000000092900000|100%| O|  |TAMS 0x0000000092800000| PB 0x0000000092800000| Untracked 
| 297|0x0000000092900000, 0x0000000092a00000, 0x0000000092a00000|100%| O|  |TAMS 0x0000000092900000| PB 0x0000000092900000| Untracked 
| 298|0x0000000092a00000, 0x0000000092b00000, 0x0000000092b00000|100%| O|  |TAMS 0x0000000092a00000| PB 0x0000000092a00000| Untracked 
| 299|0x0000000092b00000, 0x0000000092c00000, 0x0000000092c00000|100%| O|  |TAMS 0x0000000092b00000| PB 0x0000000092b00000| Untracked 
| 300|0x0000000092c00000, 0x0000000092d00000, 0x0000000092d00000|100%| O|  |TAMS 0x0000000092c00000| PB 0x0000000092c00000| Untracked 
| 301|0x0000000092d00000, 0x0000000092e00000, 0x0000000092e00000|100%| O|  |TAMS 0x0000000092d00000| PB 0x0000000092d00000| Untracked 
| 302|0x0000000092e00000, 0x0000000092f00000, 0x0000000092f00000|100%| O|  |TAMS 0x0000000092e00000| PB 0x0000000092e00000| Untracked 
| 303|0x0000000092f00000, 0x0000000093000000, 0x0000000093000000|100%| O|  |TAMS 0x0000000092f00000| PB 0x0000000092f00000| Untracked 
| 304|0x0000000093000000, 0x0000000093100000, 0x0000000093100000|100%| O|  |TAMS 0x0000000093000000| PB 0x0000000093000000| Untracked 
| 305|0x0000000093100000, 0x0000000093200000, 0x0000000093200000|100%| O|  |TAMS 0x0000000093100000| PB 0x0000000093100000| Untracked 
| 306|0x0000000093200000, 0x0000000093300000, 0x0000000093300000|100%| O|  |TAMS 0x0000000093200000| PB 0x0000000093200000| Untracked 
| 307|0x0000000093300000, 0x0000000093400000, 0x0000000093400000|100%| O|Cm|TAMS 0x0000000093300000| PB 0x0000000093300000| Complete 
| 308|0x0000000093400000, 0x0000000093500000, 0x0000000093500000|100%| O|  |TAMS 0x0000000093400000| PB 0x0000000093400000| Untracked 
| 309|0x0000000093500000, 0x0000000093600000, 0x0000000093600000|100%| O|  |TAMS 0x0000000093500000| PB 0x0000000093500000| Untracked 
| 310|0x0000000093600000, 0x0000000093700000, 0x0000000093700000|100%| O|  |TAMS 0x0000000093600000| PB 0x0000000093600000| Untracked 
| 311|0x0000000093700000, 0x0000000093800000, 0x0000000093800000|100%| O|  |TAMS 0x0000000093700000| PB 0x0000000093700000| Untracked 
| 312|0x0000000093800000, 0x0000000093900000, 0x0000000093900000|100%| O|  |TAMS 0x0000000093800000| PB 0x0000000093800000| Untracked 
| 313|0x0000000093900000, 0x0000000093a00000, 0x0000000093a00000|100%| O|  |TAMS 0x0000000093900000| PB 0x0000000093900000| Untracked 
| 314|0x0000000093a00000, 0x0000000093b00000, 0x0000000093b00000|100%| O|  |TAMS 0x0000000093a00000| PB 0x0000000093a00000| Untracked 
| 315|0x0000000093b00000, 0x0000000093c00000, 0x0000000093c00000|100%| O|  |TAMS 0x0000000093b00000| PB 0x0000000093b00000| Untracked 
| 316|0x0000000093c00000, 0x0000000093d00000, 0x0000000093d00000|100%| O|  |TAMS 0x0000000093c00000| PB 0x0000000093c00000| Untracked 
| 317|0x0000000093d00000, 0x0000000093e00000, 0x0000000093e00000|100%| O|  |TAMS 0x0000000093d00000| PB 0x0000000093d00000| Untracked 
| 318|0x0000000093e00000, 0x0000000093f00000, 0x0000000093f00000|100%| O|  |TAMS 0x0000000093e00000| PB 0x0000000093e00000| Untracked 
| 319|0x0000000093f00000, 0x0000000094000000, 0x0000000094000000|100%| O|  |TAMS 0x0000000093f00000| PB 0x0000000093f00000| Untracked 
| 320|0x0000000094000000, 0x0000000094100000, 0x0000000094100000|100%| O|  |TAMS 0x0000000094000000| PB 0x0000000094000000| Untracked 
| 321|0x0000000094100000, 0x0000000094200000, 0x0000000094200000|100%| O|  |TAMS 0x0000000094100000| PB 0x0000000094100000| Untracked 
| 322|0x0000000094200000, 0x0000000094300000, 0x0000000094300000|100%|HS|  |TAMS 0x0000000094200000| PB 0x0000000094200000| Complete 
| 323|0x0000000094300000, 0x0000000094400000, 0x0000000094400000|100%|HS|  |TAMS 0x0000000094300000| PB 0x0000000094300000| Complete 
| 324|0x0000000094400000, 0x0000000094500000, 0x0000000094500000|100%|HS|  |TAMS 0x0000000094400000| PB 0x0000000094400000| Complete 
| 325|0x0000000094500000, 0x0000000094600000, 0x0000000094600000|100%|HS|  |TAMS 0x0000000094500000| PB 0x0000000094500000| Complete 
| 326|0x0000000094600000, 0x0000000094700000, 0x0000000094700000|100%|HS|  |TAMS 0x0000000094600000| PB 0x0000000094600000| Complete 
| 327|0x0000000094700000, 0x0000000094800000, 0x0000000094800000|100%|HC|  |TAMS 0x0000000094700000| PB 0x0000000094700000| Complete 
| 328|0x0000000094800000, 0x0000000094900000, 0x0000000094900000|100%|HS|  |TAMS 0x0000000094800000| PB 0x0000000094800000| Complete 
| 329|0x0000000094900000, 0x0000000094a00000, 0x0000000094a00000|100%|HS|  |TAMS 0x0000000094900000| PB 0x0000000094900000| Complete 
| 330|0x0000000094a00000, 0x0000000094b00000, 0x0000000094b00000|100%|HS|  |TAMS 0x0000000094a00000| PB 0x0000000094a00000| Complete 
| 331|0x0000000094b00000, 0x0000000094c00000, 0x0000000094c00000|100%|HS|  |TAMS 0x0000000094b00000| PB 0x0000000094b00000| Complete 
| 332|0x0000000094c00000, 0x0000000094d00000, 0x0000000094d00000|100%|HC|  |TAMS 0x0000000094c00000| PB 0x0000000094c00000| Complete 
| 333|0x0000000094d00000, 0x0000000094e00000, 0x0000000094e00000|100%| O|  |TAMS 0x0000000094d00000| PB 0x0000000094d00000| Untracked 
| 334|0x0000000094e00000, 0x0000000094f00000, 0x0000000094f00000|100%| O|  |TAMS 0x0000000094e00000| PB 0x0000000094e00000| Untracked 
| 335|0x0000000094f00000, 0x0000000095000000, 0x0000000095000000|100%| O|  |TAMS 0x0000000094f00000| PB 0x0000000094f00000| Untracked 
| 336|0x0000000095000000, 0x0000000095100000, 0x0000000095100000|100%| O|  |TAMS 0x0000000095000000| PB 0x0000000095000000| Untracked 
| 337|0x0000000095100000, 0x0000000095200000, 0x0000000095200000|100%| O|  |TAMS 0x0000000095100000| PB 0x0000000095100000| Untracked 
| 338|0x0000000095200000, 0x0000000095300000, 0x0000000095300000|100%| O|  |TAMS 0x0000000095200000| PB 0x0000000095200000| Untracked 
| 339|0x0000000095300000, 0x0000000095400000, 0x0000000095400000|100%| O|  |TAMS 0x0000000095300000| PB 0x0000000095300000| Untracked 
| 340|0x0000000095400000, 0x0000000095500000, 0x0000000095500000|100%| O|  |TAMS 0x0000000095400000| PB 0x0000000095400000| Untracked 
| 341|0x0000000095500000, 0x0000000095600000, 0x0000000095600000|100%| O|  |TAMS 0x0000000095500000| PB 0x0000000095500000| Untracked 
| 342|0x0000000095600000, 0x0000000095700000, 0x0000000095700000|100%| O|  |TAMS 0x0000000095600000| PB 0x0000000095600000| Untracked 
| 343|0x0000000095700000, 0x0000000095800000, 0x0000000095800000|100%| O|  |TAMS 0x0000000095700000| PB 0x0000000095700000| Untracked 
| 344|0x0000000095800000, 0x0000000095900000, 0x0000000095900000|100%| O|  |TAMS 0x0000000095800000| PB 0x0000000095800000| Untracked 
| 345|0x0000000095900000, 0x0000000095a00000, 0x0000000095a00000|100%| O|  |TAMS 0x0000000095900000| PB 0x0000000095900000| Untracked 
| 346|0x0000000095a00000, 0x0000000095b00000, 0x0000000095b00000|100%| O|  |TAMS 0x0000000095a00000| PB 0x0000000095a00000| Untracked 
| 347|0x0000000095b00000, 0x0000000095c00000, 0x0000000095c00000|100%| O|  |TAMS 0x0000000095b00000| PB 0x0000000095b00000| Untracked 
| 348|0x0000000095c00000, 0x0000000095d00000, 0x0000000095d00000|100%| O|  |TAMS 0x0000000095c00000| PB 0x0000000095c00000| Untracked 
| 349|0x0000000095d00000, 0x0000000095e00000, 0x0000000095e00000|100%| O|  |TAMS 0x0000000095d00000| PB 0x0000000095d00000| Untracked 
| 350|0x0000000095e00000, 0x0000000095f00000, 0x0000000095f00000|100%| O|  |TAMS 0x0000000095e00000| PB 0x0000000095e00000| Untracked 
| 351|0x0000000095f00000, 0x0000000096000000, 0x0000000096000000|100%| O|  |TAMS 0x0000000095f00000| PB 0x0000000095f00000| Untracked 
| 352|0x0000000096000000, 0x0000000096100000, 0x0000000096100000|100%| O|  |TAMS 0x0000000096000000| PB 0x0000000096000000| Untracked 
| 353|0x0000000096100000, 0x0000000096200000, 0x0000000096200000|100%| O|  |TAMS 0x0000000096100000| PB 0x0000000096100000| Untracked 
| 354|0x0000000096200000, 0x0000000096300000, 0x0000000096300000|100%| O|  |TAMS 0x0000000096200000| PB 0x0000000096200000| Untracked 
| 355|0x0000000096300000, 0x0000000096400000, 0x0000000096400000|100%| O|  |TAMS 0x0000000096300000| PB 0x0000000096300000| Untracked 
| 356|0x0000000096400000, 0x0000000096500000, 0x0000000096500000|100%| O|  |TAMS 0x0000000096400000| PB 0x0000000096400000| Untracked 
| 357|0x0000000096500000, 0x0000000096600000, 0x0000000096600000|100%| O|  |TAMS 0x0000000096500000| PB 0x0000000096500000| Untracked 
| 358|0x0000000096600000, 0x0000000096700000, 0x0000000096700000|100%| O|  |TAMS 0x0000000096600000| PB 0x0000000096600000| Untracked 
| 359|0x0000000096700000, 0x0000000096800000, 0x0000000096800000|100%| O|  |TAMS 0x0000000096700000| PB 0x0000000096700000| Untracked 
| 360|0x0000000096800000, 0x0000000096900000, 0x0000000096900000|100%| O|  |TAMS 0x0000000096800000| PB 0x0000000096800000| Untracked 
| 361|0x0000000096900000, 0x0000000096a00000, 0x0000000096a00000|100%| O|  |TAMS 0x0000000096900000| PB 0x0000000096900000| Untracked 
| 362|0x0000000096a00000, 0x0000000096b00000, 0x0000000096b00000|100%| O|  |TAMS 0x0000000096a00000| PB 0x0000000096a00000| Untracked 
| 363|0x0000000096b00000, 0x0000000096c00000, 0x0000000096c00000|100%| O|  |TAMS 0x0000000096b00000| PB 0x0000000096b00000| Untracked 
| 364|0x0000000096c00000, 0x0000000096d00000, 0x0000000096d00000|100%| O|  |TAMS 0x0000000096c00000| PB 0x0000000096c00000| Untracked 
| 365|0x0000000096d00000, 0x0000000096e00000, 0x0000000096e00000|100%| O|  |TAMS 0x0000000096d00000| PB 0x0000000096d00000| Untracked 
| 366|0x0000000096e00000, 0x0000000096f00000, 0x0000000096f00000|100%| O|  |TAMS 0x0000000096e00000| PB 0x0000000096e00000| Untracked 
| 367|0x0000000096f00000, 0x0000000097000000, 0x0000000097000000|100%| O|  |TAMS 0x0000000096f00000| PB 0x0000000096f00000| Untracked 
| 368|0x0000000097000000, 0x0000000097100000, 0x0000000097100000|100%| O|  |TAMS 0x0000000097000000| PB 0x0000000097000000| Untracked 
| 369|0x0000000097100000, 0x0000000097200000, 0x0000000097200000|100%| O|  |TAMS 0x0000000097100000| PB 0x0000000097100000| Untracked 
| 370|0x0000000097200000, 0x0000000097300000, 0x0000000097300000|100%| O|  |TAMS 0x0000000097200000| PB 0x0000000097200000| Untracked 
| 371|0x0000000097300000, 0x0000000097400000, 0x0000000097400000|100%| O|  |TAMS 0x0000000097300000| PB 0x0000000097300000| Untracked 
| 372|0x0000000097400000, 0x0000000097500000, 0x0000000097500000|100%| O|  |TAMS 0x0000000097400000| PB 0x0000000097400000| Untracked 
| 373|0x0000000097500000, 0x0000000097600000, 0x0000000097600000|100%| O|  |TAMS 0x0000000097500000| PB 0x0000000097500000| Untracked 
| 374|0x0000000097600000, 0x0000000097700000, 0x0000000097700000|100%| O|  |TAMS 0x0000000097600000| PB 0x0000000097600000| Untracked 
| 375|0x0000000097700000, 0x0000000097800000, 0x0000000097800000|100%| O|  |TAMS 0x0000000097700000| PB 0x0000000097700000| Untracked 
| 376|0x0000000097800000, 0x0000000097900000, 0x0000000097900000|100%| O|  |TAMS 0x0000000097800000| PB 0x0000000097800000| Untracked 
| 377|0x0000000097900000, 0x0000000097a00000, 0x0000000097a00000|100%|HS|  |TAMS 0x0000000097900000| PB 0x0000000097900000| Complete 
| 378|0x0000000097a00000, 0x0000000097b00000, 0x0000000097b00000|100%|HC|  |TAMS 0x0000000097a00000| PB 0x0000000097a00000| Complete 
| 379|0x0000000097b00000, 0x0000000097c00000, 0x0000000097c00000|100%|HC|  |TAMS 0x0000000097b00000| PB 0x0000000097b00000| Complete 
| 380|0x0000000097c00000, 0x0000000097d00000, 0x0000000097d00000|100%|HC|  |TAMS 0x0000000097c00000| PB 0x0000000097c00000| Complete 
| 381|0x0000000097d00000, 0x0000000097e00000, 0x0000000097e00000|100%|HC|  |TAMS 0x0000000097d00000| PB 0x0000000097d00000| Complete 
| 382|0x0000000097e00000, 0x0000000097f00000, 0x0000000097f00000|100%|HC|  |TAMS 0x0000000097e00000| PB 0x0000000097e00000| Complete 
| 383|0x0000000097f00000, 0x0000000098000000, 0x0000000098000000|100%|HC|  |TAMS 0x0000000097f00000| PB 0x0000000097f00000| Complete 
| 384|0x0000000098000000, 0x0000000098100000, 0x0000000098100000|100%|HC|  |TAMS 0x0000000098000000| PB 0x0000000098000000| Complete 
| 385|0x0000000098100000, 0x0000000098200000, 0x0000000098200000|100%|HC|  |TAMS 0x0000000098100000| PB 0x0000000098100000| Complete 
| 386|0x0000000098200000, 0x0000000098300000, 0x0000000098300000|100%|HC|  |TAMS 0x0000000098200000| PB 0x0000000098200000| Complete 
| 387|0x0000000098300000, 0x0000000098400000, 0x0000000098400000|100%|HC|  |TAMS 0x0000000098300000| PB 0x0000000098300000| Complete 
| 388|0x0000000098400000, 0x0000000098400000, 0x0000000098500000|  0%| F|  |TAMS 0x0000000098400000| PB 0x0000000098400000| Untracked 
| 389|0x0000000098500000, 0x0000000098500000, 0x0000000098600000|  0%| F|  |TAMS 0x0000000098500000| PB 0x0000000098500000| Untracked 
| 390|0x0000000098600000, 0x0000000098600000, 0x0000000098700000|  0%| F|  |TAMS 0x0000000098600000| PB 0x0000000098600000| Untracked 
| 391|0x0000000098700000, 0x0000000098700000, 0x0000000098800000|  0%| F|  |TAMS 0x0000000098700000| PB 0x0000000098700000| Untracked 
| 392|0x0000000098800000, 0x0000000098800000, 0x0000000098900000|  0%| F|  |TAMS 0x0000000098800000| PB 0x0000000098800000| Untracked 
| 393|0x0000000098900000, 0x0000000098900000, 0x0000000098a00000|  0%| F|  |TAMS 0x0000000098900000| PB 0x0000000098900000| Untracked 
| 394|0x0000000098a00000, 0x0000000098a00000, 0x0000000098b00000|  0%| F|  |TAMS 0x0000000098a00000| PB 0x0000000098a00000| Untracked 
| 395|0x0000000098b00000, 0x0000000098b00000, 0x0000000098c00000|  0%| F|  |TAMS 0x0000000098b00000| PB 0x0000000098b00000| Untracked 
| 396|0x0000000098c00000, 0x0000000098c00000, 0x0000000098d00000|  0%| F|  |TAMS 0x0000000098c00000| PB 0x0000000098c00000| Untracked 
| 397|0x0000000098d00000, 0x0000000098d00000, 0x0000000098e00000|  0%| F|  |TAMS 0x0000000098d00000| PB 0x0000000098d00000| Untracked 
| 398|0x0000000098e00000, 0x0000000098e00000, 0x0000000098f00000|  0%| F|  |TAMS 0x0000000098e00000| PB 0x0000000098e00000| Untracked 
| 399|0x0000000098f00000, 0x0000000098f00000, 0x0000000099000000|  0%| F|  |TAMS 0x0000000098f00000| PB 0x0000000098f00000| Untracked 
| 400|0x0000000099000000, 0x0000000099000000, 0x0000000099100000|  0%| F|  |TAMS 0x0000000099000000| PB 0x0000000099000000| Untracked 
| 401|0x0000000099100000, 0x0000000099100000, 0x0000000099200000|  0%| F|  |TAMS 0x0000000099100000| PB 0x0000000099100000| Untracked 
| 402|0x0000000099200000, 0x0000000099200000, 0x0000000099300000|  0%| F|  |TAMS 0x0000000099200000| PB 0x0000000099200000| Untracked 
| 403|0x0000000099300000, 0x0000000099300000, 0x0000000099400000|  0%| F|  |TAMS 0x0000000099300000| PB 0x0000000099300000| Untracked 
| 404|0x0000000099400000, 0x0000000099400000, 0x0000000099500000|  0%| F|  |TAMS 0x0000000099400000| PB 0x0000000099400000| Untracked 
| 405|0x0000000099500000, 0x0000000099500000, 0x0000000099600000|  0%| F|  |TAMS 0x0000000099500000| PB 0x0000000099500000| Untracked 
| 406|0x0000000099600000, 0x0000000099600000, 0x0000000099700000|  0%| F|  |TAMS 0x0000000099600000| PB 0x0000000099600000| Untracked 
| 407|0x0000000099700000, 0x0000000099700000, 0x0000000099800000|  0%| F|  |TAMS 0x0000000099700000| PB 0x0000000099700000| Untracked 
| 408|0x0000000099800000, 0x0000000099800000, 0x0000000099900000|  0%| F|  |TAMS 0x0000000099800000| PB 0x0000000099800000| Untracked 
| 409|0x0000000099900000, 0x0000000099900000, 0x0000000099a00000|  0%| F|  |TAMS 0x0000000099900000| PB 0x0000000099900000| Untracked 
| 410|0x0000000099a00000, 0x0000000099a00000, 0x0000000099b00000|  0%| F|  |TAMS 0x0000000099a00000| PB 0x0000000099a00000| Untracked 
| 411|0x0000000099b00000, 0x0000000099b00000, 0x0000000099c00000|  0%| F|  |TAMS 0x0000000099b00000| PB 0x0000000099b00000| Untracked 
| 412|0x0000000099c00000, 0x0000000099c00000, 0x0000000099d00000|  0%| F|  |TAMS 0x0000000099c00000| PB 0x0000000099c00000| Untracked 
| 413|0x0000000099d00000, 0x0000000099d00000, 0x0000000099e00000|  0%| F|  |TAMS 0x0000000099d00000| PB 0x0000000099d00000| Untracked 
| 414|0x0000000099e00000, 0x0000000099e00000, 0x0000000099f00000|  0%| F|  |TAMS 0x0000000099e00000| PB 0x0000000099e00000| Untracked 
| 415|0x0000000099f00000, 0x0000000099f00000, 0x000000009a000000|  0%| F|  |TAMS 0x0000000099f00000| PB 0x0000000099f00000| Untracked 
| 416|0x000000009a000000, 0x000000009a000000, 0x000000009a100000|  0%| F|  |TAMS 0x000000009a000000| PB 0x000000009a000000| Untracked 
| 417|0x000000009a100000, 0x000000009a100000, 0x000000009a200000|  0%| F|  |TAMS 0x000000009a100000| PB 0x000000009a100000| Untracked 
| 418|0x000000009a200000, 0x000000009a200000, 0x000000009a300000|  0%| F|  |TAMS 0x000000009a200000| PB 0x000000009a200000| Untracked 
| 419|0x000000009a300000, 0x000000009a300000, 0x000000009a400000|  0%| F|  |TAMS 0x000000009a300000| PB 0x000000009a300000| Untracked 
| 420|0x000000009a400000, 0x000000009a400000, 0x000000009a500000|  0%| F|  |TAMS 0x000000009a400000| PB 0x000000009a400000| Untracked 
| 421|0x000000009a500000, 0x000000009a500000, 0x000000009a600000|  0%| F|  |TAMS 0x000000009a500000| PB 0x000000009a500000| Untracked 
| 422|0x000000009a600000, 0x000000009a600000, 0x000000009a700000|  0%| F|  |TAMS 0x000000009a600000| PB 0x000000009a600000| Untracked 
| 423|0x000000009a700000, 0x000000009a700000, 0x000000009a800000|  0%| F|  |TAMS 0x000000009a700000| PB 0x000000009a700000| Untracked 
| 424|0x000000009a800000, 0x000000009a800000, 0x000000009a900000|  0%| F|  |TAMS 0x000000009a800000| PB 0x000000009a800000| Untracked 
| 425|0x000000009a900000, 0x000000009a900000, 0x000000009aa00000|  0%| F|  |TAMS 0x000000009a900000| PB 0x000000009a900000| Untracked 
| 426|0x000000009aa00000, 0x000000009aa00000, 0x000000009ab00000|  0%| F|  |TAMS 0x000000009aa00000| PB 0x000000009aa00000| Untracked 
| 427|0x000000009ab00000, 0x000000009ab00000, 0x000000009ac00000|  0%| F|  |TAMS 0x000000009ab00000| PB 0x000000009ab00000| Untracked 
| 428|0x000000009ac00000, 0x000000009ac00000, 0x000000009ad00000|  0%| F|  |TAMS 0x000000009ac00000| PB 0x000000009ac00000| Untracked 
| 429|0x000000009ad00000, 0x000000009ad00000, 0x000000009ae00000|  0%| F|  |TAMS 0x000000009ad00000| PB 0x000000009ad00000| Untracked 
| 430|0x000000009ae00000, 0x000000009ae00000, 0x000000009af00000|  0%| F|  |TAMS 0x000000009ae00000| PB 0x000000009ae00000| Untracked 
| 431|0x000000009af00000, 0x000000009af00000, 0x000000009b000000|  0%| F|  |TAMS 0x000000009af00000| PB 0x000000009af00000| Untracked 
| 432|0x000000009b000000, 0x000000009b000000, 0x000000009b100000|  0%| F|  |TAMS 0x000000009b000000| PB 0x000000009b000000| Untracked 
| 433|0x000000009b100000, 0x000000009b100000, 0x000000009b200000|  0%| F|  |TAMS 0x000000009b100000| PB 0x000000009b100000| Untracked 
| 434|0x000000009b200000, 0x000000009b200000, 0x000000009b300000|  0%| F|  |TAMS 0x000000009b200000| PB 0x000000009b200000| Untracked 
| 435|0x000000009b300000, 0x000000009b300000, 0x000000009b400000|  0%| F|  |TAMS 0x000000009b300000| PB 0x000000009b300000| Untracked 
| 436|0x000000009b400000, 0x000000009b400000, 0x000000009b500000|  0%| F|  |TAMS 0x000000009b400000| PB 0x000000009b400000| Untracked 
| 437|0x000000009b500000, 0x000000009b500000, 0x000000009b600000|  0%| F|  |TAMS 0x000000009b500000| PB 0x000000009b500000| Untracked 
| 438|0x000000009b600000, 0x000000009b600000, 0x000000009b700000|  0%| F|  |TAMS 0x000000009b600000| PB 0x000000009b600000| Untracked 
| 439|0x000000009b700000, 0x000000009b700000, 0x000000009b800000|  0%| F|  |TAMS 0x000000009b700000| PB 0x000000009b700000| Untracked 
| 440|0x000000009b800000, 0x000000009b800000, 0x000000009b900000|  0%| F|  |TAMS 0x000000009b800000| PB 0x000000009b800000| Untracked 
| 441|0x000000009b900000, 0x000000009b900000, 0x000000009ba00000|  0%| F|  |TAMS 0x000000009b900000| PB 0x000000009b900000| Untracked 
| 442|0x000000009ba00000, 0x000000009ba00000, 0x000000009bb00000|  0%| F|  |TAMS 0x000000009ba00000| PB 0x000000009ba00000| Untracked 
| 443|0x000000009bb00000, 0x000000009bb00000, 0x000000009bc00000|  0%| F|  |TAMS 0x000000009bb00000| PB 0x000000009bb00000| Untracked 
| 444|0x000000009bc00000, 0x000000009bc00000, 0x000000009bd00000|  0%| F|  |TAMS 0x000000009bc00000| PB 0x000000009bc00000| Untracked 
| 445|0x000000009bd00000, 0x000000009bd00000, 0x000000009be00000|  0%| F|  |TAMS 0x000000009bd00000| PB 0x000000009bd00000| Untracked 
| 446|0x000000009be00000, 0x000000009be00000, 0x000000009bf00000|  0%| F|  |TAMS 0x000000009be00000| PB 0x000000009be00000| Untracked 
| 447|0x000000009bf00000, 0x000000009bf00000, 0x000000009c000000|  0%| F|  |TAMS 0x000000009bf00000| PB 0x000000009bf00000| Untracked 
| 448|0x000000009c000000, 0x000000009c000000, 0x000000009c100000|  0%| F|  |TAMS 0x000000009c000000| PB 0x000000009c000000| Untracked 
| 449|0x000000009c100000, 0x000000009c100000, 0x000000009c200000|  0%| F|  |TAMS 0x000000009c100000| PB 0x000000009c100000| Untracked 
| 450|0x000000009c200000, 0x000000009c200000, 0x000000009c300000|  0%| F|  |TAMS 0x000000009c200000| PB 0x000000009c200000| Untracked 
| 451|0x000000009c300000, 0x000000009c300000, 0x000000009c400000|  0%| F|  |TAMS 0x000000009c300000| PB 0x000000009c300000| Untracked 
| 452|0x000000009c400000, 0x000000009c400000, 0x000000009c500000|  0%| F|  |TAMS 0x000000009c400000| PB 0x000000009c400000| Untracked 
| 453|0x000000009c500000, 0x000000009c500000, 0x000000009c600000|  0%| F|  |TAMS 0x000000009c500000| PB 0x000000009c500000| Untracked 
| 454|0x000000009c600000, 0x000000009c600000, 0x000000009c700000|  0%| F|  |TAMS 0x000000009c600000| PB 0x000000009c600000| Untracked 
| 455|0x000000009c700000, 0x000000009c700000, 0x000000009c800000|  0%| F|  |TAMS 0x000000009c700000| PB 0x000000009c700000| Untracked 
| 456|0x000000009c800000, 0x000000009c800000, 0x000000009c900000|  0%| F|  |TAMS 0x000000009c800000| PB 0x000000009c800000| Untracked 
| 457|0x000000009c900000, 0x000000009c900000, 0x000000009ca00000|  0%| F|  |TAMS 0x000000009c900000| PB 0x000000009c900000| Untracked 
| 458|0x000000009ca00000, 0x000000009ca00000, 0x000000009cb00000|  0%| F|  |TAMS 0x000000009ca00000| PB 0x000000009ca00000| Untracked 
| 459|0x000000009cb00000, 0x000000009cb00000, 0x000000009cc00000|  0%| F|  |TAMS 0x000000009cb00000| PB 0x000000009cb00000| Untracked 
| 460|0x000000009cc00000, 0x000000009cc00000, 0x000000009cd00000|  0%| F|  |TAMS 0x000000009cc00000| PB 0x000000009cc00000| Untracked 
| 461|0x000000009cd00000, 0x000000009cd00000, 0x000000009ce00000|  0%| F|  |TAMS 0x000000009cd00000| PB 0x000000009cd00000| Untracked 
| 462|0x000000009ce00000, 0x000000009ce00000, 0x000000009cf00000|  0%| F|  |TAMS 0x000000009ce00000| PB 0x000000009ce00000| Untracked 
| 463|0x000000009cf00000, 0x000000009cf00000, 0x000000009d000000|  0%| F|  |TAMS 0x000000009cf00000| PB 0x000000009cf00000| Untracked 
| 464|0x000000009d000000, 0x000000009d000000, 0x000000009d100000|  0%| F|  |TAMS 0x000000009d000000| PB 0x000000009d000000| Untracked 
| 465|0x000000009d100000, 0x000000009d100000, 0x000000009d200000|  0%| F|  |TAMS 0x000000009d100000| PB 0x000000009d100000| Untracked 
| 466|0x000000009d200000, 0x000000009d200000, 0x000000009d300000|  0%| F|  |TAMS 0x000000009d200000| PB 0x000000009d200000| Untracked 
| 467|0x000000009d300000, 0x000000009d300000, 0x000000009d400000|  0%| F|  |TAMS 0x000000009d300000| PB 0x000000009d300000| Untracked 
| 468|0x000000009d400000, 0x000000009d400000, 0x000000009d500000|  0%| F|  |TAMS 0x000000009d400000| PB 0x000000009d400000| Untracked 
| 469|0x000000009d500000, 0x000000009d500000, 0x000000009d600000|  0%| F|  |TAMS 0x000000009d500000| PB 0x000000009d500000| Untracked 
| 470|0x000000009d600000, 0x000000009d600000, 0x000000009d700000|  0%| F|  |TAMS 0x000000009d600000| PB 0x000000009d600000| Untracked 
| 471|0x000000009d700000, 0x000000009d700000, 0x000000009d800000|  0%| F|  |TAMS 0x000000009d700000| PB 0x000000009d700000| Untracked 
| 472|0x000000009d800000, 0x000000009d800000, 0x000000009d900000|  0%| F|  |TAMS 0x000000009d800000| PB 0x000000009d800000| Untracked 
| 473|0x000000009d900000, 0x000000009d900000, 0x000000009da00000|  0%| F|  |TAMS 0x000000009d900000| PB 0x000000009d900000| Untracked 
| 474|0x000000009da00000, 0x000000009da00000, 0x000000009db00000|  0%| F|  |TAMS 0x000000009da00000| PB 0x000000009da00000| Untracked 
| 475|0x000000009db00000, 0x000000009db00000, 0x000000009dc00000|  0%| F|  |TAMS 0x000000009db00000| PB 0x000000009db00000| Untracked 
| 476|0x000000009dc00000, 0x000000009dc00000, 0x000000009dd00000|  0%| F|  |TAMS 0x000000009dc00000| PB 0x000000009dc00000| Untracked 
| 477|0x000000009dd00000, 0x000000009dd00000, 0x000000009de00000|  0%| F|  |TAMS 0x000000009dd00000| PB 0x000000009dd00000| Untracked 
| 478|0x000000009de00000, 0x000000009de00000, 0x000000009df00000|  0%| F|  |TAMS 0x000000009de00000| PB 0x000000009de00000| Untracked 
| 479|0x000000009df00000, 0x000000009df00000, 0x000000009e000000|  0%| F|  |TAMS 0x000000009df00000| PB 0x000000009df00000| Untracked 
| 480|0x000000009e000000, 0x000000009e000000, 0x000000009e100000|  0%| F|  |TAMS 0x000000009e000000| PB 0x000000009e000000| Untracked 
| 481|0x000000009e100000, 0x000000009e100000, 0x000000009e200000|  0%| F|  |TAMS 0x000000009e100000| PB 0x000000009e100000| Untracked 
| 482|0x000000009e200000, 0x000000009e200000, 0x000000009e300000|  0%| F|  |TAMS 0x000000009e200000| PB 0x000000009e200000| Untracked 
| 483|0x000000009e300000, 0x000000009e400000, 0x000000009e400000|100%| E|CS|TAMS 0x000000009e300000| PB 0x000000009e300000| Complete 
| 484|0x000000009e400000, 0x000000009e500000, 0x000000009e500000|100%| E|CS|TAMS 0x000000009e400000| PB 0x000000009e400000| Complete 
| 485|0x000000009e500000, 0x000000009e600000, 0x000000009e600000|100%| E|CS|TAMS 0x000000009e500000| PB 0x000000009e500000| Complete 
| 486|0x000000009e600000, 0x000000009e700000, 0x000000009e700000|100%| E|CS|TAMS 0x000000009e600000| PB 0x000000009e600000| Complete 
| 487|0x000000009e700000, 0x000000009e800000, 0x000000009e800000|100%| E|CS|TAMS 0x000000009e700000| PB 0x000000009e700000| Complete 
| 488|0x000000009e800000, 0x000000009e900000, 0x000000009e900000|100%| E|CS|TAMS 0x000000009e800000| PB 0x000000009e800000| Complete 
| 489|0x000000009e900000, 0x000000009ea00000, 0x000000009ea00000|100%| E|CS|TAMS 0x000000009e900000| PB 0x000000009e900000| Complete 
| 490|0x000000009ea00000, 0x000000009eb00000, 0x000000009eb00000|100%| E|CS|TAMS 0x000000009ea00000| PB 0x000000009ea00000| Complete 
| 491|0x000000009eb00000, 0x000000009ec00000, 0x000000009ec00000|100%| E|CS|TAMS 0x000000009eb00000| PB 0x000000009eb00000| Complete 
| 492|0x000000009ec00000, 0x000000009ed00000, 0x000000009ed00000|100%| E|CS|TAMS 0x000000009ec00000| PB 0x000000009ec00000| Complete 
| 493|0x000000009ed00000, 0x000000009ee00000, 0x000000009ee00000|100%| E|CS|TAMS 0x000000009ed00000| PB 0x000000009ed00000| Complete 
| 494|0x000000009ee00000, 0x000000009ef00000, 0x000000009ef00000|100%| E|  |TAMS 0x000000009ee00000| PB 0x000000009ee00000| Complete 
| 495|0x000000009ef00000, 0x000000009f000000, 0x000000009f000000|100%| E|CS|TAMS 0x000000009ef00000| PB 0x000000009ef00000| Complete 
| 496|0x000000009f000000, 0x000000009f100000, 0x000000009f100000|100%| E|CS|TAMS 0x000000009f000000| PB 0x000000009f000000| Complete 
| 497|0x000000009f100000, 0x000000009f200000, 0x000000009f200000|100%| E|CS|TAMS 0x000000009f100000| PB 0x000000009f100000| Complete 
| 498|0x000000009f200000, 0x000000009f300000, 0x000000009f300000|100%| E|CS|TAMS 0x000000009f200000| PB 0x000000009f200000| Complete 
| 499|0x000000009f300000, 0x000000009f400000, 0x000000009f400000|100%| E|CS|TAMS 0x000000009f300000| PB 0x000000009f300000| Complete 
| 500|0x000000009f400000, 0x000000009f500000, 0x000000009f500000|100%| E|CS|TAMS 0x000000009f400000| PB 0x000000009f400000| Complete 
| 501|0x000000009f500000, 0x000000009f600000, 0x000000009f600000|100%| E|CS|TAMS 0x000000009f500000| PB 0x000000009f500000| Complete 
| 502|0x000000009f600000, 0x000000009f700000, 0x000000009f700000|100%| E|CS|TAMS 0x000000009f600000| PB 0x000000009f600000| Complete 
| 503|0x000000009f700000, 0x000000009f800000, 0x000000009f800000|100%| E|CS|TAMS 0x000000009f700000| PB 0x000000009f700000| Complete 
| 504|0x000000009f800000, 0x000000009f900000, 0x000000009f900000|100%| E|CS|TAMS 0x000000009f800000| PB 0x000000009f800000| Complete 
| 505|0x000000009f900000, 0x000000009fa00000, 0x000000009fa00000|100%| E|CS|TAMS 0x000000009f900000| PB 0x000000009f900000| Complete 
| 506|0x000000009fa00000, 0x000000009fb00000, 0x000000009fb00000|100%| E|CS|TAMS 0x000000009fa00000| PB 0x000000009fa00000| Complete 
| 507|0x000000009fb00000, 0x000000009fc00000, 0x000000009fc00000|100%| E|CS|TAMS 0x000000009fb00000| PB 0x000000009fb00000| Complete 
| 508|0x000000009fc00000, 0x000000009fd00000, 0x000000009fd00000|100%| E|CS|TAMS 0x000000009fc00000| PB 0x000000009fc00000| Complete 
| 509|0x000000009fd00000, 0x000000009fe00000, 0x000000009fe00000|100%| E|CS|TAMS 0x000000009fd00000| PB 0x000000009fd00000| Complete 
| 510|0x000000009fe00000, 0x000000009ff00000, 0x000000009ff00000|100%| E|CS|TAMS 0x000000009fe00000| PB 0x000000009fe00000| Complete 
| 511|0x000000009ff00000, 0x00000000a0000000, 0x00000000a0000000|100%| E|CS|TAMS 0x000000009ff00000| PB 0x000000009ff00000| Complete 
| 512|0x00000000a0000000, 0x00000000a0100000, 0x00000000a0100000|100%| E|CS|TAMS 0x00000000a0000000| PB 0x00000000a0000000| Complete 
| 513|0x00000000a0100000, 0x00000000a0200000, 0x00000000a0200000|100%| E|CS|TAMS 0x00000000a0100000| PB 0x00000000a0100000| Complete 
| 514|0x00000000a0200000, 0x00000000a0300000, 0x00000000a0300000|100%| E|CS|TAMS 0x00000000a0200000| PB 0x00000000a0200000| Complete 
| 515|0x00000000a0300000, 0x00000000a0400000, 0x00000000a0400000|100%| E|CS|TAMS 0x00000000a0300000| PB 0x00000000a0300000| Complete 
| 516|0x00000000a0400000, 0x00000000a0500000, 0x00000000a0500000|100%| E|CS|TAMS 0x00000000a0400000| PB 0x00000000a0400000| Complete 
| 517|0x00000000a0500000, 0x00000000a0600000, 0x00000000a0600000|100%| E|CS|TAMS 0x00000000a0500000| PB 0x00000000a0500000| Complete 
| 518|0x00000000a0600000, 0x00000000a0700000, 0x00000000a0700000|100%| E|CS|TAMS 0x00000000a0600000| PB 0x00000000a0600000| Complete 
| 519|0x00000000a0700000, 0x00000000a0800000, 0x00000000a0800000|100%| E|CS|TAMS 0x00000000a0700000| PB 0x00000000a0700000| Complete 
| 520|0x00000000a0800000, 0x00000000a0900000, 0x00000000a0900000|100%| E|CS|TAMS 0x00000000a0800000| PB 0x00000000a0800000| Complete 
| 521|0x00000000a0900000, 0x00000000a0a00000, 0x00000000a0a00000|100%| E|CS|TAMS 0x00000000a0900000| PB 0x00000000a0900000| Complete 
| 522|0x00000000a0a00000, 0x00000000a0b00000, 0x00000000a0b00000|100%| E|CS|TAMS 0x00000000a0a00000| PB 0x00000000a0a00000| Complete 
| 523|0x00000000a0b00000, 0x00000000a0c00000, 0x00000000a0c00000|100%| E|CS|TAMS 0x00000000a0b00000| PB 0x00000000a0b00000| Complete 
| 524|0x00000000a0c00000, 0x00000000a0d00000, 0x00000000a0d00000|100%| E|CS|TAMS 0x00000000a0c00000| PB 0x00000000a0c00000| Complete 
| 525|0x00000000a0d00000, 0x00000000a0e00000, 0x00000000a0e00000|100%| E|CS|TAMS 0x00000000a0d00000| PB 0x00000000a0d00000| Complete 
| 526|0x00000000a0e00000, 0x00000000a0f00000, 0x00000000a0f00000|100%| E|CS|TAMS 0x00000000a0e00000| PB 0x00000000a0e00000| Complete 
| 527|0x00000000a0f00000, 0x00000000a1000000, 0x00000000a1000000|100%| E|CS|TAMS 0x00000000a0f00000| PB 0x00000000a0f00000| Complete 
| 528|0x00000000a1000000, 0x00000000a1100000, 0x00000000a1100000|100%| E|CS|TAMS 0x00000000a1000000| PB 0x00000000a1000000| Complete 
| 529|0x00000000a1100000, 0x00000000a1200000, 0x00000000a1200000|100%| E|CS|TAMS 0x00000000a1100000| PB 0x00000000a1100000| Complete 
| 530|0x00000000a1200000, 0x00000000a1300000, 0x00000000a1300000|100%| E|CS|TAMS 0x00000000a1200000| PB 0x00000000a1200000| Complete 
| 531|0x00000000a1300000, 0x00000000a1400000, 0x00000000a1400000|100%| E|CS|TAMS 0x00000000a1300000| PB 0x00000000a1300000| Complete 
| 532|0x00000000a1400000, 0x00000000a1500000, 0x00000000a1500000|100%| E|CS|TAMS 0x00000000a1400000| PB 0x00000000a1400000| Complete 
| 533|0x00000000a1500000, 0x00000000a1600000, 0x00000000a1600000|100%| E|CS|TAMS 0x00000000a1500000| PB 0x00000000a1500000| Complete 
| 534|0x00000000a1600000, 0x00000000a1700000, 0x00000000a1700000|100%| E|CS|TAMS 0x00000000a1600000| PB 0x00000000a1600000| Complete 
| 535|0x00000000a1700000, 0x00000000a1800000, 0x00000000a1800000|100%| E|CS|TAMS 0x00000000a1700000| PB 0x00000000a1700000| Complete 
| 536|0x00000000a1800000, 0x00000000a1900000, 0x00000000a1900000|100%| E|CS|TAMS 0x00000000a1800000| PB 0x00000000a1800000| Complete 
| 537|0x00000000a1900000, 0x00000000a1a00000, 0x00000000a1a00000|100%| E|CS|TAMS 0x00000000a1900000| PB 0x00000000a1900000| Complete 
| 538|0x00000000a1a00000, 0x00000000a1b00000, 0x00000000a1b00000|100%| S|CS|TAMS 0x00000000a1a00000| PB 0x00000000a1a00000| Complete 
| 539|0x00000000a1b00000, 0x00000000a1c00000, 0x00000000a1c00000|100%| S|CS|TAMS 0x00000000a1b00000| PB 0x00000000a1b00000| Complete 
| 540|0x00000000a1c00000, 0x00000000a1d00000, 0x00000000a1d00000|100%| S|CS|TAMS 0x00000000a1c00000| PB 0x00000000a1c00000| Complete 
| 541|0x00000000a1d00000, 0x00000000a1e00000, 0x00000000a1e00000|100%| S|CS|TAMS 0x00000000a1d00000| PB 0x00000000a1d00000| Complete 
| 542|0x00000000a1e00000, 0x00000000a1f00000, 0x00000000a1f00000|100%| S|CS|TAMS 0x00000000a1e00000| PB 0x00000000a1e00000| Complete 
| 543|0x00000000a1f00000, 0x00000000a2000000, 0x00000000a2000000|100%| S|CS|TAMS 0x00000000a1f00000| PB 0x00000000a1f00000| Complete 
| 544|0x00000000a2000000, 0x00000000a2100000, 0x00000000a2100000|100%| S|CS|TAMS 0x00000000a2000000| PB 0x00000000a2000000| Complete 
| 545|0x00000000a2100000, 0x00000000a2200000, 0x00000000a2200000|100%| S|CS|TAMS 0x00000000a2100000| PB 0x00000000a2100000| Complete 
| 546|0x00000000a2200000, 0x00000000a2300000, 0x00000000a2300000|100%| S|CS|TAMS 0x00000000a2200000| PB 0x00000000a2200000| Complete 
| 547|0x00000000a2300000, 0x00000000a2400000, 0x00000000a2400000|100%| S|CS|TAMS 0x00000000a2300000| PB 0x00000000a2300000| Complete 
| 548|0x00000000a2400000, 0x00000000a2500000, 0x00000000a2500000|100%| S|CS|TAMS 0x00000000a2400000| PB 0x00000000a2400000| Complete 
| 549|0x00000000a2500000, 0x00000000a2600000, 0x00000000a2600000|100%| S|CS|TAMS 0x00000000a2500000| PB 0x00000000a2500000| Complete 
| 550|0x00000000a2600000, 0x00000000a2700000, 0x00000000a2700000|100%| E|CS|TAMS 0x00000000a2600000| PB 0x00000000a2600000| Complete 
|1957|0x00000000fa500000, 0x00000000fa600000, 0x00000000fa600000|100%| E|CS|TAMS 0x00000000fa500000| PB 0x00000000fa500000| Complete 
|1958|0x00000000fa600000, 0x00000000fa700000, 0x00000000fa700000|100%| E|CS|TAMS 0x00000000fa600000| PB 0x00000000fa600000| Complete 
|1959|0x00000000fa700000, 0x00000000fa800000, 0x00000000fa800000|100%| E|CS|TAMS 0x00000000fa700000| PB 0x00000000fa700000| Complete 
|1960|0x00000000fa800000, 0x00000000fa900000, 0x00000000fa900000|100%| O|Cm|TAMS 0x00000000fa800000| PB 0x00000000fa800000| Complete 
|1961|0x00000000fa900000, 0x00000000faa00000, 0x00000000faa00000|100%| O|Cm|TAMS 0x00000000fa900000| PB 0x00000000fa900000| Complete 
|1962|0x00000000faa00000, 0x00000000fab00000, 0x00000000fab00000|100%| O|  |TAMS 0x00000000faa00000| PB 0x00000000faa00000| Untracked 
|1963|0x00000000fab00000, 0x00000000fac00000, 0x00000000fac00000|100%| O|  |TAMS 0x00000000fab00000| PB 0x00000000fab00000| Untracked 
|1964|0x00000000fac00000, 0x00000000fad00000, 0x00000000fad00000|100%| O|  |TAMS 0x00000000fac00000| PB 0x00000000fac00000| Untracked 
|1965|0x00000000fad00000, 0x00000000fae00000, 0x00000000fae00000|100%| O|  |TAMS 0x00000000fad00000| PB 0x00000000fad00000| Untracked 
|1966|0x00000000fae00000, 0x00000000faf00000, 0x00000000faf00000|100%| O|  |TAMS 0x00000000fae00000| PB 0x00000000fae00000| Untracked 
|1967|0x00000000faf00000, 0x00000000fb000000, 0x00000000fb000000|100%| O|  |TAMS 0x00000000faf00000| PB 0x00000000faf00000| Untracked 
|1968|0x00000000fb000000, 0x00000000fb100000, 0x00000000fb100000|100%| O|  |TAMS 0x00000000fb000000| PB 0x00000000fb000000| Untracked 
|1969|0x00000000fb100000, 0x00000000fb200000, 0x00000000fb200000|100%| O|  |TAMS 0x00000000fb100000| PB 0x00000000fb100000| Untracked 
|1970|0x00000000fb200000, 0x00000000fb300000, 0x00000000fb300000|100%| O|  |TAMS 0x00000000fb200000| PB 0x00000000fb200000| Untracked 
|1971|0x00000000fb300000, 0x00000000fb400000, 0x00000000fb400000|100%| O|  |TAMS 0x00000000fb300000| PB 0x00000000fb300000| Untracked 
|1972|0x00000000fb400000, 0x00000000fb500000, 0x00000000fb500000|100%| O|  |TAMS 0x00000000fb400000| PB 0x00000000fb400000| Untracked 
|1973|0x00000000fb500000, 0x00000000fb600000, 0x00000000fb600000|100%| O|  |TAMS 0x00000000fb500000| PB 0x00000000fb500000| Untracked 
|1974|0x00000000fb600000, 0x00000000fb700000, 0x00000000fb700000|100%| O|  |TAMS 0x00000000fb600000| PB 0x00000000fb600000| Untracked 
|1975|0x00000000fb700000, 0x00000000fb800000, 0x00000000fb800000|100%| O|  |TAMS 0x00000000fb700000| PB 0x00000000fb700000| Untracked 
|1976|0x00000000fb800000, 0x00000000fb900000, 0x00000000fb900000|100%| O|  |TAMS 0x00000000fb800000| PB 0x00000000fb800000| Untracked 
|1977|0x00000000fb900000, 0x00000000fba00000, 0x00000000fba00000|100%| O|  |TAMS 0x00000000fb900000| PB 0x00000000fb900000| Untracked 
|1978|0x00000000fba00000, 0x00000000fbb00000, 0x00000000fbb00000|100%| O|  |TAMS 0x00000000fba00000| PB 0x00000000fba00000| Untracked 
|1979|0x00000000fbb00000, 0x00000000fbc00000, 0x00000000fbc00000|100%| O|  |TAMS 0x00000000fbb00000| PB 0x00000000fbb00000| Untracked 
|1980|0x00000000fbc00000, 0x00000000fbd00000, 0x00000000fbd00000|100%| O|  |TAMS 0x00000000fbc00000| PB 0x00000000fbc00000| Untracked 
|1981|0x00000000fbd00000, 0x00000000fbe00000, 0x00000000fbe00000|100%| O|  |TAMS 0x00000000fbd00000| PB 0x00000000fbd00000| Untracked 
|1982|0x00000000fbe00000, 0x00000000fbf00000, 0x00000000fbf00000|100%| O|  |TAMS 0x00000000fbe00000| PB 0x00000000fbe00000| Untracked 
|1983|0x00000000fbf00000, 0x00000000fc000000, 0x00000000fc000000|100%| O|  |TAMS 0x00000000fbf00000| PB 0x00000000fbf00000| Untracked 
|1984|0x00000000fc000000, 0x00000000fc100000, 0x00000000fc100000|100%| O|  |TAMS 0x00000000fc000000| PB 0x00000000fc000000| Untracked 
|1985|0x00000000fc100000, 0x00000000fc200000, 0x00000000fc200000|100%| O|  |TAMS 0x00000000fc100000| PB 0x00000000fc100000| Untracked 
|1986|0x00000000fc200000, 0x00000000fc300000, 0x00000000fc300000|100%| O|  |TAMS 0x00000000fc200000| PB 0x00000000fc200000| Untracked 
|1987|0x00000000fc300000, 0x00000000fc400000, 0x00000000fc400000|100%| O|  |TAMS 0x00000000fc300000| PB 0x00000000fc300000| Untracked 
|1988|0x00000000fc400000, 0x00000000fc500000, 0x00000000fc500000|100%| O|  |TAMS 0x00000000fc400000| PB 0x00000000fc400000| Untracked 
|1989|0x00000000fc500000, 0x00000000fc600000, 0x00000000fc600000|100%| E|CS|TAMS 0x00000000fc500000| PB 0x00000000fc500000| Complete 
|1990|0x00000000fc600000, 0x00000000fc700000, 0x00000000fc700000|100%| E|CS|TAMS 0x00000000fc600000| PB 0x00000000fc600000| Complete 
|1991|0x00000000fc700000, 0x00000000fc800000, 0x00000000fc800000|100%| E|CS|TAMS 0x00000000fc700000| PB 0x00000000fc700000| Complete 
|1992|0x00000000fc800000, 0x00000000fc900000, 0x00000000fc900000|100%| E|CS|TAMS 0x00000000fc800000| PB 0x00000000fc800000| Complete 
|1993|0x00000000fc900000, 0x00000000fca00000, 0x00000000fca00000|100%| E|CS|TAMS 0x00000000fc900000| PB 0x00000000fc900000| Complete 
|1994|0x00000000fca00000, 0x00000000fcb00000, 0x00000000fcb00000|100%| E|CS|TAMS 0x00000000fca00000| PB 0x00000000fca00000| Complete 
|1995|0x00000000fcb00000, 0x00000000fcc00000, 0x00000000fcc00000|100%| E|CS|TAMS 0x00000000fcb00000| PB 0x00000000fcb00000| Complete 
|1996|0x00000000fcc00000, 0x00000000fcd00000, 0x00000000fcd00000|100%| O|Cm|TAMS 0x00000000fcc00000| PB 0x00000000fcc00000| Complete 
|1997|0x00000000fcd00000, 0x00000000fce00000, 0x00000000fce00000|100%| O|  |TAMS 0x00000000fcd00000| PB 0x00000000fcd00000| Untracked 
|1998|0x00000000fce00000, 0x00000000fcf00000, 0x00000000fcf00000|100%| O|  |TAMS 0x00000000fce00000| PB 0x00000000fce00000| Untracked 
|1999|0x00000000fcf00000, 0x00000000fd000000, 0x00000000fd000000|100%| O|  |TAMS 0x00000000fcf00000| PB 0x00000000fcf00000| Untracked 
|2000|0x00000000fd000000, 0x00000000fd100000, 0x00000000fd100000|100%| O|  |TAMS 0x00000000fd000000| PB 0x00000000fd000000| Untracked 
|2001|0x00000000fd100000, 0x00000000fd200000, 0x00000000fd200000|100%| O|  |TAMS 0x00000000fd100000| PB 0x00000000fd100000| Untracked 
|2002|0x00000000fd200000, 0x00000000fd300000, 0x00000000fd300000|100%| O|  |TAMS 0x00000000fd200000| PB 0x00000000fd200000| Untracked 
|2003|0x00000000fd300000, 0x00000000fd400000, 0x00000000fd400000|100%| O|  |TAMS 0x00000000fd300000| PB 0x00000000fd300000| Untracked 
|2004|0x00000000fd400000, 0x00000000fd500000, 0x00000000fd500000|100%| O|  |TAMS 0x00000000fd400000| PB 0x00000000fd400000| Untracked 
|2005|0x00000000fd500000, 0x00000000fd600000, 0x00000000fd600000|100%| E|CS|TAMS 0x00000000fd500000| PB 0x00000000fd500000| Complete 
|2006|0x00000000fd600000, 0x00000000fd700000, 0x00000000fd700000|100%| E|CS|TAMS 0x00000000fd600000| PB 0x00000000fd600000| Complete 
|2007|0x00000000fd700000, 0x00000000fd800000, 0x00000000fd800000|100%| E|CS|TAMS 0x00000000fd700000| PB 0x00000000fd700000| Complete 
|2008|0x00000000fd800000, 0x00000000fd900000, 0x00000000fd900000|100%| E|CS|TAMS 0x00000000fd800000| PB 0x00000000fd800000| Complete 
|2009|0x00000000fd900000, 0x00000000fda00000, 0x00000000fda00000|100%| O|  |TAMS 0x00000000fd900000| PB 0x00000000fd900000| Untracked 
|2010|0x00000000fda00000, 0x00000000fdb00000, 0x00000000fdb00000|100%| O|Cm|TAMS 0x00000000fda00000| PB 0x00000000fda00000| Complete 
|2011|0x00000000fdb00000, 0x00000000fdc00000, 0x00000000fdc00000|100%| O|  |TAMS 0x00000000fdb00000| PB 0x00000000fdb00000| Untracked 
|2012|0x00000000fdc00000, 0x00000000fdd00000, 0x00000000fdd00000|100%| O|  |TAMS 0x00000000fdc00000| PB 0x00000000fdc00000| Untracked 
|2013|0x00000000fdd00000, 0x00000000fde00000, 0x00000000fde00000|100%| E|CS|TAMS 0x00000000fdd00000| PB 0x00000000fdd00000| Complete 
|2014|0x00000000fde00000, 0x00000000fdf00000, 0x00000000fdf00000|100%| E|CS|TAMS 0x00000000fde00000| PB 0x00000000fde00000| Complete 
|2015|0x00000000fdf00000, 0x00000000fe000000, 0x00000000fe000000|100%| O|  |TAMS 0x00000000fdf00000| PB 0x00000000fdf00000| Untracked 
|2016|0x00000000fe000000, 0x00000000fe100000, 0x00000000fe100000|100%| O|  |TAMS 0x00000000fe000000| PB 0x00000000fe000000| Untracked 
|2017|0x00000000fe100000, 0x00000000fe200000, 0x00000000fe200000|100%| O|  |TAMS 0x00000000fe100000| PB 0x00000000fe100000| Untracked 
|2018|0x00000000fe200000, 0x00000000fe300000, 0x00000000fe300000|100%| O|  |TAMS 0x00000000fe200000| PB 0x00000000fe200000| Untracked 
|2019|0x00000000fe300000, 0x00000000fe400000, 0x00000000fe400000|100%| O|  |TAMS 0x00000000fe300000| PB 0x00000000fe300000| Untracked 
|2020|0x00000000fe400000, 0x00000000fe500000, 0x00000000fe500000|100%| O|  |TAMS 0x00000000fe400000| PB 0x00000000fe400000| Untracked 
|2021|0x00000000fe500000, 0x00000000fe600000, 0x00000000fe600000|100%| E|CS|TAMS 0x00000000fe500000| PB 0x00000000fe500000| Complete 
|2022|0x00000000fe600000, 0x00000000fe700000, 0x00000000fe700000|100%| E|CS|TAMS 0x00000000fe600000| PB 0x00000000fe600000| Complete 
|2023|0x00000000fe700000, 0x00000000fe800000, 0x00000000fe800000|100%| E|CS|TAMS 0x00000000fe700000| PB 0x00000000fe700000| Complete 
|2024|0x00000000fe800000, 0x00000000fe900000, 0x00000000fe900000|100%| E|CS|TAMS 0x00000000fe800000| PB 0x00000000fe800000| Complete 
|2025|0x00000000fe900000, 0x00000000fea00000, 0x00000000fea00000|100%| E|CS|TAMS 0x00000000fe900000| PB 0x00000000fe900000| Complete 
|2026|0x00000000fea00000, 0x00000000feb00000, 0x00000000feb00000|100%| E|CS|TAMS 0x00000000fea00000| PB 0x00000000fea00000| Complete 
|2027|0x00000000feb00000, 0x00000000fec00000, 0x00000000fec00000|100%| E|CS|TAMS 0x00000000feb00000| PB 0x00000000feb00000| Complete 
|2028|0x00000000fec00000, 0x00000000fed00000, 0x00000000fed00000|100%| E|CS|TAMS 0x00000000fec00000| PB 0x00000000fec00000| Complete 
|2029|0x00000000fed00000, 0x00000000fee00000, 0x00000000fee00000|100%| E|CS|TAMS 0x00000000fed00000| PB 0x00000000fed00000| Complete 
|2030|0x00000000fee00000, 0x00000000fef00000, 0x00000000fef00000|100%| E|CS|TAMS 0x00000000fee00000| PB 0x00000000fee00000| Complete 
|2031|0x00000000fef00000, 0x00000000ff000000, 0x00000000ff000000|100%| E|CS|TAMS 0x00000000fef00000| PB 0x00000000fef00000| Complete 
|2032|0x00000000ff000000, 0x00000000ff100000, 0x00000000ff100000|100%| E|CS|TAMS 0x00000000ff000000| PB 0x00000000ff000000| Complete 
|2033|0x00000000ff100000, 0x00000000ff200000, 0x00000000ff200000|100%| E|CS|TAMS 0x00000000ff100000| PB 0x00000000ff100000| Complete 
|2034|0x00000000ff200000, 0x00000000ff300000, 0x00000000ff300000|100%| E|CS|TAMS 0x00000000ff200000| PB 0x00000000ff200000| Complete 
|2035|0x00000000ff300000, 0x00000000ff400000, 0x00000000ff400000|100%| E|CS|TAMS 0x00000000ff300000| PB 0x00000000ff300000| Complete 
|2036|0x00000000ff400000, 0x00000000ff500000, 0x00000000ff500000|100%| E|CS|TAMS 0x00000000ff400000| PB 0x00000000ff400000| Complete 
|2037|0x00000000ff500000, 0x00000000ff600000, 0x00000000ff600000|100%| E|CS|TAMS 0x00000000ff500000| PB 0x00000000ff500000| Complete 
|2038|0x00000000ff600000, 0x00000000ff700000, 0x00000000ff700000|100%| E|CS|TAMS 0x00000000ff600000| PB 0x00000000ff600000| Complete 
|2039|0x00000000ff700000, 0x00000000ff800000, 0x00000000ff800000|100%| E|CS|TAMS 0x00000000ff700000| PB 0x00000000ff700000| Complete 
|2040|0x00000000ff800000, 0x00000000ff900000, 0x00000000ff900000|100%| E|CS|TAMS 0x00000000ff800000| PB 0x00000000ff800000| Complete 
|2041|0x00000000ff900000, 0x00000000ffa00000, 0x00000000ffa00000|100%| E|CS|TAMS 0x00000000ff900000| PB 0x00000000ff900000| Complete 
|2042|0x00000000ffa00000, 0x00000000ffb00000, 0x00000000ffb00000|100%| O|  |TAMS 0x00000000ffa00000| PB 0x00000000ffa00000| Untracked 
|2043|0x00000000ffb00000, 0x00000000ffc00000, 0x00000000ffc00000|100%| O|  |TAMS 0x00000000ffb00000| PB 0x00000000ffb00000| Untracked 
|2044|0x00000000ffc00000, 0x00000000ffd00000, 0x00000000ffd00000|100%| E|CS|TAMS 0x00000000ffc00000| PB 0x00000000ffc00000| Complete 
|2045|0x00000000ffd00000, 0x00000000ffe00000, 0x00000000ffe00000|100%| E|CS|TAMS 0x00000000ffd00000| PB 0x00000000ffd00000| Complete 
|2046|0x00000000ffe00000, 0x00000000fff00000, 0x00000000fff00000|100%| E|CS|TAMS 0x00000000ffe00000| PB 0x00000000ffe00000| Complete 
|2047|0x00000000fff00000, 0x0000000100000000, 0x0000000100000000|100%| O|  |TAMS 0x00000000fff00000| PB 0x00000000fff00000| Untracked 

Card table byte_map: [0x000002135b7f0000,0x000002135bbf0000] _byte_map_base: 0x000002135b3f0000

Marking Bits: (CMBitMap*) 0x0000021346e1e760
 Bits: [0x000002135bbf0000, 0x000002135dbf0000)

Polling page: 0x0000021348740000

Metaspace:

Usage:
  Non-class:    210.58 MB used.
      Class:     30.61 MB used.
       Both:    241.19 MB used.

Virtual space:
  Non-class space:      256.00 MB reserved,     212.00 MB ( 83%) committed,  4 nodes.
      Class space:        1.00 GB reserved,      32.12 MB (  3%) committed,  1 nodes.
             Both:        1.25 GB reserved,     244.12 MB ( 19%) committed. 

Chunk freelists:
   Non-Class:  11.36 MB
       Class:  15.78 MB
        Both:  27.14 MB

MaxMetaspaceSize: unlimited
CompressedClassSpaceSize: 1.00 GB
Initial GC threshold: 21.00 MB
Current GC threshold: 400.56 MB
CDS: off
 - commit_granule_bytes: 65536.
 - commit_granule_words: 8192.
 - virtual_space_node_default_size: 8388608.
 - enlarge_chunks_in_place: 1.
 - use_allocation_guard: 0.


Internal statistics:

num_allocs_failed_limit: 12.
num_arena_births: 5940.
num_arena_deaths: 14.
num_vsnodes_births: 5.
num_vsnodes_deaths: 0.
num_space_committed: 3901.
num_space_uncommitted: 0.
num_chunks_returned_to_freelist: 31.
num_chunks_taken_from_freelist: 15917.
num_chunk_merges: 15.
num_chunk_splits: 11063.
num_chunks_enlarged: 7694.
num_inconsistent_stats: 0.

CodeHeap 'non-profiled nmethods': size=120000Kb used=16067Kb max_used=17080Kb free=103933Kb
 bounds [0x0000021353b90000, 0x0000021354c40000, 0x000002135b0c0000]
CodeHeap 'profiled nmethods': size=120000Kb used=31899Kb max_used=38979Kb free=88100Kb
 bounds [0x000002134c0c0000, 0x000002134e790000, 0x00000213535f0000]
CodeHeap 'non-nmethods': size=5760Kb used=3719Kb max_used=3792Kb free=2040Kb
 bounds [0x00000213535f0000, 0x00000213539c0000, 0x0000021353b90000]
 total_blobs=18242 nmethods=16907 adapters=1237
 compilation: enabled
              stopped_count=0, restarted_count=0
 full_count=0

Compilation events (20 events):
Event: 275.377 Thread 0x00000213608b32b0 nmethod 40923 0x0000021353dbb110 code [0x0000021353dbb2a0, 0x0000021353dbb478]
Event: 275.377 Thread 0x00000213608b32b0 40835       4       com.android.tools.r8.dex.y::a (18 bytes)
Event: 275.378 Thread 0x000002136088ae80 40942       3       com.android.tools.build.jetifier.core.type.JavaType::hashCode (17 bytes)
Event: 275.378 Thread 0x000002136088ae80 nmethod 40942 0x000002134cb70690 code [0x000002134cb70840, 0x000002134cb709f8]
Event: 275.378 Thread 0x000002136088ae80 40943       1       com.android.tools.r8.internal.Pr::p (4 bytes)
Event: 275.378 Thread 0x000002136088ae80 nmethod 40943 0x0000021354462510 code [0x00000213544626a0, 0x0000021354462768]
Event: 275.379 Thread 0x0000021372c64730 nmethod 40880 0x0000021354818390 code [0x0000021354818520, 0x0000021354818880]
Event: 275.379 Thread 0x0000021372c64730 40920       4       com.google.gson.internal.bind.TypeAdapterRuntimeTypeWrapper::read (9 bytes)
Event: 275.379 Thread 0x0000021372c64730 nmethod 40920 0x0000021354484090 code [0x0000021354484220, 0x00000213544842d0]
Event: 275.379 Thread 0x0000021372c64730 40944       4       com.android.tools.r8.internal.oo::a (11 bytes)
Event: 275.380 Thread 0x000002136088ae80 40945       1       com.android.tools.r8.internal.Zp::p (3 bytes)
Event: 275.380 Thread 0x000002136088ae80 nmethod 40945 0x00000213544aa110 code [0x00000213544aa2a0, 0x00000213544aa368]
Event: 275.381 Thread 0x000002136088ae80 40946       1       com.android.tools.r8.internal.Kn::p (3 bytes)
Event: 275.381 Thread 0x000002136088ae80 nmethod 40946 0x00000213544b4a10 code [0x00000213544b4ba0, 0x00000213544b4c68]
Event: 275.381 Thread 0x000002136088ae80 40948       3       com.android.tools.build.jetifier.core.type.JavaType::hasInnerType (16 bytes)
Event: 275.381 Thread 0x000002136088ae80 nmethod 40948 0x000002134cc3d610 code [0x000002134cc3d7c0, 0x000002134cc3d980]
Event: 275.382 Thread 0x0000021372c64730 nmethod 40944 0x0000021353def490 code [0x0000021353def640, 0x0000021353def808]
Event: 275.382 Thread 0x0000021372c64730 40949       4       com.android.tools.r8.internal.no::a (14 bytes)
Event: 275.382 Thread 0x000002136088ae80 40951       1       com.android.tools.r8.internal.Xn::p (4 bytes)
Event: 275.382 Thread 0x000002136088ae80 nmethod 40951 0x00000213544b5310 code [0x00000213544b54a0, 0x00000213544b5568]

GC Heap History (20 events):
Event: 266.496 GC heap before
{Heap before GC invocations=84 (full 0):
 garbage-first heap   total 459776K, used 358737K [0x0000000080000000, 0x0000000100000000)
  region size 1024K, 89 young (91136K), 6 survivors (6144K)
 Metaspace       used 206176K, committed 209088K, reserved 1245184K
  class space    used 25994K, committed 27456K, reserved 1048576K
}
Event: 266.499 GC heap after
{Heap after GC invocations=85 (full 0):
 garbage-first heap   total 459776K, used 272317K [0x0000000080000000, 0x0000000100000000)
  region size 1024K, 4 young (4096K), 4 survivors (4096K)
 Metaspace       used 206176K, committed 209088K, reserved 1245184K
  class space    used 25994K, committed 27456K, reserved 1048576K
}
Event: 267.204 GC heap before
{Heap before GC invocations=85 (full 0):
 garbage-first heap   total 459776K, used 419773K [0x0000000080000000, 0x0000000100000000)
  region size 1024K, 148 young (151552K), 4 survivors (4096K)
 Metaspace       used 207906K, committed 210880K, reserved 1245184K
  class space    used 26201K, committed 27712K, reserved 1048576K
}
Event: 267.211 GC heap after
{Heap after GC invocations=86 (full 0):
 garbage-first heap   total 459776K, used 269997K [0x0000000080000000, 0x0000000100000000)
  region size 1024K, 9 young (9216K), 9 survivors (9216K)
 Metaspace       used 207906K, committed 210880K, reserved 1245184K
  class space    used 26201K, committed 27712K, reserved 1048576K
}
Event: 268.571 GC heap before
{Heap before GC invocations=86 (full 0):
 garbage-first heap   total 459776K, used 425645K [0x0000000080000000, 0x0000000100000000)
  region size 1024K, 162 young (165888K), 9 survivors (9216K)
 Metaspace       used 216874K, committed 219904K, reserved 1245184K
  class space    used 27447K, committed 28992K, reserved 1048576K
}
Event: 268.581 GC heap after
{Heap after GC invocations=87 (full 0):
 garbage-first heap   total 459776K, used 277827K [0x0000000080000000, 0x0000000100000000)
  region size 1024K, 17 young (17408K), 17 survivors (17408K)
 Metaspace       used 216874K, committed 219904K, reserved 1245184K
  class space    used 27447K, committed 28992K, reserved 1048576K
}
Event: 269.900 GC heap before
{Heap before GC invocations=88 (full 0):
 garbage-first heap   total 459776K, used 396611K [0x0000000080000000, 0x0000000100000000)
  region size 1024K, 154 young (157696K), 17 survivors (17408K)
 Metaspace       used 227096K, committed 230080K, reserved 1310720K
  class space    used 29009K, committed 30528K, reserved 1048576K
}
Event: 269.912 GC heap after
{Heap after GC invocations=89 (full 0):
 garbage-first heap   total 459776K, used 257833K [0x0000000080000000, 0x0000000100000000)
  region size 1024K, 12 young (12288K), 12 survivors (12288K)
 Metaspace       used 227096K, committed 230080K, reserved 1310720K
  class space    used 29009K, committed 30528K, reserved 1048576K
}
Event: 270.967 GC heap before
{Heap before GC invocations=89 (full 0):
 garbage-first heap   total 459776K, used 458537K [0x0000000080000000, 0x0000000100000000)
  region size 1024K, 165 young (168960K), 12 survivors (12288K)
 Metaspace       used 228702K, committed 231808K, reserved 1310720K
  class space    used 29155K, committed 30720K, reserved 1048576K
}
Event: 270.999 GC heap after
{Heap after GC invocations=90 (full 0):
 garbage-first heap   total 499712K, used 294234K [0x0000000080000000, 0x0000000100000000)
  region size 1024K, 22 young (22528K), 22 survivors (22528K)
 Metaspace       used 228702K, committed 231808K, reserved 1310720K
  class space    used 29155K, committed 30720K, reserved 1048576K
}
Event: 271.747 GC heap before
{Heap before GC invocations=90 (full 0):
 garbage-first heap   total 499712K, used 449882K [0x0000000080000000, 0x0000000100000000)
  region size 1024K, 175 young (179200K), 22 survivors (22528K)
 Metaspace       used 231045K, committed 234112K, reserved 1310720K
  class space    used 29474K, committed 31040K, reserved 1048576K
}
Event: 271.828 GC heap after
{Heap after GC invocations=91 (full 0):
 garbage-first heap   total 531456K, used 349184K [0x0000000080000000, 0x0000000100000000)
  region size 1024K, 22 young (22528K), 22 survivors (22528K)
 Metaspace       used 231045K, committed 234112K, reserved 1310720K
  class space    used 29474K, committed 31040K, reserved 1048576K
}
Event: 272.889 GC heap before
{Heap before GC invocations=92 (full 0):
 garbage-first heap   total 567296K, used 460800K [0x0000000080000000, 0x0000000100000000)
  region size 1024K, 135 young (138240K), 22 survivors (22528K)
 Metaspace       used 237179K, committed 240256K, reserved 1310720K
  class space    used 30289K, committed 31808K, reserved 1048576K
}
Event: 272.916 GC heap after
{Heap after GC invocations=93 (full 0):
 garbage-first heap   total 567296K, used 356864K [0x0000000080000000, 0x0000000100000000)
  region size 1024K, 15 young (15360K), 15 survivors (15360K)
 Metaspace       used 237179K, committed 240256K, reserved 1310720K
  class space    used 30289K, committed 31808K, reserved 1048576K
}
Event: 274.089 GC heap before
{Heap before GC invocations=93 (full 0):
 garbage-first heap   total 567296K, used 510464K [0x0000000080000000, 0x0000000100000000)
  region size 1024K, 150 young (153600K), 15 survivors (15360K)
 Metaspace       used 242332K, committed 245376K, reserved 1310720K
  class space    used 30708K, committed 32256K, reserved 1048576K
}
Event: 274.124 GC heap after
{Heap after GC invocations=94 (full 0):
 garbage-first heap   total 567296K, used 384384K [0x0000000080000000, 0x0000000100000000)
  region size 1024K, 19 young (19456K), 19 survivors (19456K)
 Metaspace       used 242332K, committed 245376K, reserved 1310720K
  class space    used 30708K, committed 32256K, reserved 1048576K
}
Event: 274.133 GC heap before
{Heap before GC invocations=94 (full 0):
 garbage-first heap   total 567296K, used 385408K [0x0000000080000000, 0x0000000100000000)
  region size 1024K, 22 young (22528K), 19 survivors (19456K)
 Metaspace       used 242332K, committed 245376K, reserved 1310720K
  class space    used 30708K, committed 32256K, reserved 1048576K
}
Event: 274.145 GC heap after
{Heap after GC invocations=95 (full 0):
 garbage-first heap   total 567296K, used 388096K [0x0000000080000000, 0x0000000100000000)
  region size 1024K, 3 young (3072K), 3 survivors (3072K)
 Metaspace       used 242332K, committed 245376K, reserved 1310720K
  class space    used 30708K, committed 32256K, reserved 1048576K
}
Event: 274.585 GC heap before
{Heap before GC invocations=95 (full 0):
 garbage-first heap   total 657408K, used 488448K [0x0000000080000000, 0x0000000100000000)
  region size 1024K, 96 young (98304K), 3 survivors (3072K)
 Metaspace       used 243034K, committed 246080K, reserved 1310720K
  class space    used 30781K, committed 32320K, reserved 1048576K
}
Event: 274.613 GC heap after
{Heap after GC invocations=96 (full 0):
 garbage-first heap   total 657408K, used 448512K [0x0000000080000000, 0x0000000100000000)
  region size 1024K, 12 young (12288K), 12 survivors (12288K)
 Metaspace       used 243034K, committed 246080K, reserved 1310720K
  class space    used 30781K, committed 32320K, reserved 1048576K
}

Dll operation events (3 events):
Event: 0.007 Loaded shared library C:\Program Files\Android\Android Studio\jbr\bin\java.dll
Event: 0.014 Loaded shared library C:\Program Files\Android\Android Studio\jbr\bin\zip.dll
Event: 0.500 Loaded shared library C:\Program Files\Android\Android Studio\jbr\bin\verify.dll

Deoptimization events (20 events):
Event: 274.760 Thread 0x0000021366d19d10 DEOPT PACKING pc=0x000002134c9af70c sp=0x000000dd085feae0
Event: 274.760 Thread 0x0000021366d19d10 DEOPT UNPACKING pc=0x00000213536488e2 sp=0x000000dd085fdfc8 mode 0
Event: 274.848 Thread 0x0000021366d19d10 Uncommon trap: trap_request=0xffffff45 fr.pc=0x0000021354a9cfa0 relative=0x0000000000000080
Event: 274.848 Thread 0x0000021366d19d10 Uncommon trap: reason=unstable_if action=reinterpret pc=0x0000021354a9cfa0 method=com.android.tools.r8.dex.y.c(I)V @ 11 c2
Event: 274.848 Thread 0x0000021366d19d10 DEOPT PACKING pc=0x0000021354a9cfa0 sp=0x000000dd085fedb0
Event: 274.848 Thread 0x0000021366d19d10 DEOPT UNPACKING pc=0x0000021353647da2 sp=0x000000dd085fed38 mode 2
Event: 274.914 Thread 0x0000021366d19d10 DEOPT PACKING pc=0x000002134c417aa5 sp=0x000000dd085fecf0
Event: 274.914 Thread 0x0000021366d19d10 DEOPT UNPACKING pc=0x00000213536488e2 sp=0x000000dd085fe1f8 mode 0
Event: 274.923 Thread 0x0000021366d19d10 DEOPT PACKING pc=0x000002134c417aa5 sp=0x000000dd085fecf0
Event: 274.923 Thread 0x0000021366d19d10 DEOPT UNPACKING pc=0x00000213536488e2 sp=0x000000dd085fe1f8 mode 0
Event: 274.951 Thread 0x0000021366d19d10 DEOPT PACKING pc=0x000002134c417aa5 sp=0x000000dd085fecf0
Event: 274.951 Thread 0x0000021366d19d10 DEOPT UNPACKING pc=0x00000213536488e2 sp=0x000000dd085fe1f8 mode 0
Event: 275.033 Thread 0x0000021366d19d10 DEOPT PACKING pc=0x000002134c417a7f sp=0x000000dd085fe710
Event: 275.033 Thread 0x0000021366d19d10 DEOPT UNPACKING pc=0x00000213536488e2 sp=0x000000dd085fdc18 mode 0
Event: 275.258 Thread 0x0000021368e35ae0 Uncommon trap: trap_request=0xffffffde fr.pc=0x0000021353bb389c relative=0x000000000000017c
Event: 275.258 Thread 0x0000021368e35ae0 Uncommon trap: reason=class_check action=maybe_recompile pc=0x0000021353bb389c method=kotlin.jvm.internal.Intrinsics.areEqual(Ljava/lang/Object;Ljava/lang/Object;)Z @ 18 c2
Event: 275.258 Thread 0x0000021368e35ae0 DEOPT PACKING pc=0x0000021353bb389c sp=0x000000dd02cf8fa0
Event: 275.258 Thread 0x0000021368e35ae0 DEOPT UNPACKING pc=0x0000021353647da2 sp=0x000000dd02cf8f38 mode 2
Event: 275.357 Thread 0x0000021366d19d10 DEOPT PACKING pc=0x000002134e749c00 sp=0x000000dd085fe870
Event: 275.357 Thread 0x0000021366d19d10 DEOPT UNPACKING pc=0x00000213536488e2 sp=0x000000dd085fe318 mode 0

Classes loaded (20 events):
Event: 272.051 Loading class java/util/JumboEnumSet
Event: 272.052 Loading class java/util/JumboEnumSet done
Event: 272.070 Loading class java/util/JumboEnumSet$EnumSetIterator
Event: 272.070 Loading class java/util/JumboEnumSet$EnumSetIterator done
Event: 272.077 Loading class java/util/ResourceBundle$KeyElementReference
Event: 272.077 Loading class java/util/ResourceBundle$CacheKeyReference
Event: 272.077 Loading class java/util/ResourceBundle$CacheKeyReference done
Event: 272.077 Loading class java/util/ResourceBundle$KeyElementReference done
Event: 272.078 Loading class java/util/ResourceBundle$3
Event: 272.078 Loading class java/util/ResourceBundle$3 done
Event: 272.089 Loading class java/util/ResourceBundle$BundleReference
Event: 272.090 Loading class java/util/ResourceBundle$BundleReference done
Event: 272.223 Loading class java/util/ServiceLoader$ProviderSpliterator
Event: 272.223 Loading class java/util/ServiceLoader$ProviderSpliterator done
Event: 273.024 Loading class java/util/regex/Pattern$Bound
Event: 273.024 Loading class java/util/regex/Pattern$Bound done
Event: 275.305 Loading class java/io/FilterWriter
Event: 275.305 Loading class java/io/FilterWriter done
Event: 275.307 Loading class java/nio/file/Path$1
Event: 275.307 Loading class java/nio/file/Path$1 done

Classes unloaded (7 events):
Event: 272.104 Thread 0x000002136082a8b0 Unloading class 0x0000000101bf4400 'java/lang/invoke/LambdaForm$DMH+0x0000000101bf4400'
Event: 274.533 Thread 0x000002136082a8b0 Unloading class 0x0000000101e1c400 'java/lang/invoke/LambdaForm$DMH+0x0000000101e1c400'
Event: 274.533 Thread 0x000002136082a8b0 Unloading class 0x0000000101d4c000 'java/lang/invoke/LambdaForm$DMH+0x0000000101d4c000'
Event: 274.533 Thread 0x000002136082a8b0 Unloading class 0x0000000101d4c400 'java/lang/invoke/LambdaForm$DMH+0x0000000101d4c400'
Event: 274.533 Thread 0x000002136082a8b0 Unloading class 0x0000000101d20400 'java/lang/invoke/LambdaForm$DMH+0x0000000101d20400'
Event: 274.533 Thread 0x000002136082a8b0 Unloading class 0x0000000101cb4400 'java/lang/invoke/LambdaForm$DMH+0x0000000101cb4400'
Event: 274.533 Thread 0x000002136082a8b0 Unloading class 0x0000000101cb4800 'java/lang/invoke/LambdaForm$DMH+0x0000000101cb4800'

Classes redefined (0 events):
No events

Internal exceptions (20 events):
Event: 270.747 Thread 0x000002137b74de00 Exception <a 'sun/nio/fs/WindowsException'{0x000000009456f6f8}> (0x000000009456f6f8) 
thrown [s\src\hotspot\share\prims\jni.cpp, line 535]
Event: 270.747 Thread 0x000002137b74de00 Exception <a 'sun/nio/fs/WindowsException'{0x000000009456f8f0}> (0x000000009456f8f0) 
thrown [s\src\hotspot\share\prims\jni.cpp, line 535]
Event: 270.747 Thread 0x000002137b749c60 Exception <a 'sun/nio/fs/WindowsException'{0x00000000945a3ec8}> (0x00000000945a3ec8) 
thrown [s\src\hotspot\share\prims\jni.cpp, line 535]
Event: 270.748 Thread 0x000002137b749c60 Exception <a 'sun/nio/fs/WindowsException'{0x00000000945a40c0}> (0x00000000945a40c0) 
thrown [s\src\hotspot\share\prims\jni.cpp, line 535]
Event: 271.016 Thread 0x000002136a2a6990 Exception <a 'java/lang/NoSuchMethodError'{0x00000000ffcba2e8}: 'long java.lang.invoke.DirectMethodHandle$Holder.invokeStatic(java.lang.Object, java.lang.Object, java.lang.Object)'> (0x00000000ffcba2e8) 
thrown [s\src\hotspot\share\interpreter\linkResolver.cpp, line 784]
Event: 271.017 Thread 0x000002137c8e0520 Exception <a 'java/lang/NoSuchMethodError'{0x00000000ffc3bf78}: 'long java.lang.invoke.DirectMethodHandle$Holder.invokeStatic(java.lang.Object, java.lang.Object, java.lang.Object)'> (0x00000000ffc3bf78) 
thrown [s\src\hotspot\share\interpreter\linkResolver.cpp, line 784]
Event: 271.239 Thread 0x0000021368e35ae0 Exception <a 'java/lang/NoSuchMethodError'{0x0000000097a36bb0}: 'java.lang.Object java.lang.invoke.DirectMethodHandle$Holder.newInvokeSpecial(java.lang.Object, java.lang.Object, int, java.lang.Object, java.lang.Object, java.lang.Object, java.lang.Object)'> (0x0000000097a36bb0) 
thrown [s\src\hotspot\share\interpreter\linkResolver.cpp, line 784]
Event: 271.240 Thread 0x0000021368e35ae0 Exception <a 'java/lang/NoSuchMethodError'{0x0000000097a3ede0}: 'java.lang.Object java.lang.invoke.Invokers$Holder.linkToTargetMethod(java.lang.Object, int, java.lang.Object, java.lang.Object, java.lang.Object, java.lang.Object, java.lang.Object)'> (0x0000000097a3ede0) 
thrown [s\src\hotspot\share\interpreter\linkResolver.cpp, line 784]
Event: 271.592 Thread 0x000002137c1a2bb0 Exception <a 'java/lang/IncompatibleClassChangeError'{0x0000000092b97e00}: Found class java.lang.Object, but interface was expected> (0x0000000092b97e00) 
thrown [s\src\hotspot\share\interpreter\linkResolver.cpp, line 851]
Event: 271.605 Thread 0x000002137c1a2bb0 Exception <a 'java/lang/NoSuchMethodError'{0x00000000929c5830}: 'long java.lang.invoke.DirectMethodHandle$Holder.invokeStatic(java.lang.Object, java.lang.Object)'> (0x00000000929c5830) 
thrown [s\src\hotspot\share\interpreter\linkResolver.cpp, line 784]
Event: 271.616 Thread 0x000002137c1a2bb0 Exception <a 'java/lang/NoSuchMethodError'{0x00000000929f7fa8}: 'java.lang.Object java.lang.invoke.DirectMethodHandle$Holder.newInvokeSpecial(java.lang.Object, int, java.lang.Object, java.lang.Object)'> (0x00000000929f7fa8) 
thrown [s\src\hotspot\share\interpreter\linkResolver.cpp, line 784]
Event: 271.617 Thread 0x000002137c1a2bb0 Exception <a 'java/lang/NoSuchMethodError'{0x00000000929fbd20}: 'java.lang.Object java.lang.invoke.DirectMethodHandle$Holder.invokeSpecial(java.lang.Object, java.lang.Object, int, java.lang.Object, java.lang.Object)'> (0x00000000929fbd20) 
thrown [s\src\hotspot\share\interpreter\linkResolver.cpp, line 784]
Event: 271.631 Thread 0x000002137c1a2bb0 Implicit null exception at 0x00000213541e145d to 0x00000213541e158c
Event: 272.993 Thread 0x0000021368e35ae0 Exception <a 'sun/nio/fs/WindowsException'{0x00000000ff5b4be0}> (0x00000000ff5b4be0) 
thrown [s\src\hotspot\share\prims\jni.cpp, line 535]
Event: 273.391 Thread 0x0000021368e35ae0 Exception <a 'java/lang/NoSuchMethodError'{0x000000009bd52198}: 'java.lang.Object java.lang.invoke.DirectMethodHandle$Holder.invokeVirtual(java.lang.Object, java.lang.Object, java.lang.Object, int, int)'> (0x000000009bd52198) 
thrown [s\src\hotspot\share\interpreter\linkResolver.cpp, line 784]
Event: 274.816 Thread 0x0000021368e35ae0 Exception <a 'java/lang/NullPointerException'{0x00000000fd568bc8}> (0x00000000fd568bc8) 
thrown [s\src\hotspot\share\interpreter\linkResolver.cpp, line 1471]
Event: 275.303 Thread 0x0000021368e35ae0 Exception <a 'sun/nio/fs/WindowsException'{0x000000009f0ad320}> (0x000000009f0ad320) 
thrown [s\src\hotspot\share\prims\jni.cpp, line 535]
Event: 275.305 Thread 0x0000021368e35ae0 Exception <a 'sun/nio/fs/WindowsException'{0x000000009f0be418}> (0x000000009f0be418) 
thrown [s\src\hotspot\share\prims\jni.cpp, line 535]
Event: 275.306 Thread 0x0000021368e35ae0 Exception <a 'sun/nio/fs/WindowsException'{0x000000009f0bf818}> (0x000000009f0bf818) 
thrown [s\src\hotspot\share\prims\jni.cpp, line 535]
Event: 275.306 Thread 0x0000021368e35ae0 Exception <a 'sun/nio/fs/WindowsException'{0x000000009f0c0cf0}> (0x000000009f0c0cf0) 
thrown [s\src\hotspot\share\prims\jni.cpp, line 535]

ZGC Phase Switch (0 events):
No events

VM Operations (20 events):
Event: 272.889 Executing VM operation: G1CollectForAllocation (G1 Evacuation Pause)
Event: 272.916 Executing VM operation: G1CollectForAllocation (G1 Evacuation Pause) done
Event: 273.426 Executing VM operation: ICBufferFull
Event: 273.427 Executing VM operation: ICBufferFull done
Event: 273.469 Executing VM operation: HandshakeAllThreads (Deoptimize)
Event: 273.469 Executing VM operation: HandshakeAllThreads (Deoptimize) done
Event: 273.689 Executing VM operation: ICBufferFull
Event: 273.689 Executing VM operation: ICBufferFull done
Event: 273.758 Executing VM operation: HandshakeAllThreads (Deoptimize)
Event: 273.758 Executing VM operation: HandshakeAllThreads (Deoptimize) done
Event: 274.089 Executing VM operation: G1CollectForAllocation (G1 Evacuation Pause)
Event: 274.124 Executing VM operation: G1CollectForAllocation (G1 Evacuation Pause) done
Event: 274.133 Executing VM operation: G1TryInitiateConcMark (G1 Humongous Allocation)
Event: 274.145 Executing VM operation: G1TryInitiateConcMark (G1 Humongous Allocation) done
Event: 274.532 Executing VM operation: G1PauseRemark
Event: 274.557 Executing VM operation: G1PauseRemark done
Event: 274.585 Executing VM operation: G1CollectForAllocation (G1 Evacuation Pause)
Event: 274.613 Executing VM operation: G1CollectForAllocation (G1 Evacuation Pause) done
Event: 274.785 Executing VM operation: G1PauseCleanup
Event: 274.786 Executing VM operation: G1PauseCleanup done

Memory protections (0 events):
No events

Nmethod flushes (20 events):
Event: 274.554 Thread 0x000002136082a8b0 flushing  nmethod 0x000002134e42cb90
Event: 274.554 Thread 0x000002136082a8b0 flushing  nmethod 0x000002134e42cf10
Event: 274.554 Thread 0x000002136082a8b0 flushing  nmethod 0x000002134e42d290
Event: 274.554 Thread 0x000002136082a8b0 flushing  nmethod 0x000002134e42e090
Event: 274.554 Thread 0x000002136082a8b0 flushing  nmethod 0x000002134e42e810
Event: 274.554 Thread 0x000002136082a8b0 flushing osr nmethod 0x000002134e432410
Event: 274.554 Thread 0x000002136082a8b0 flushing  nmethod 0x000002134e4e7610
Event: 274.554 Thread 0x000002136082a8b0 flushing  nmethod 0x000002134e566790
Event: 274.554 Thread 0x000002136082a8b0 flushing  nmethod 0x000002134e566b10
Event: 274.554 Thread 0x000002136082a8b0 flushing  nmethod 0x000002134e566e90
Event: 274.554 Thread 0x000002136082a8b0 flushing  nmethod 0x000002134e567210
Event: 274.554 Thread 0x000002136082a8b0 flushing  nmethod 0x000002134e567590
Event: 274.554 Thread 0x000002136082a8b0 flushing  nmethod 0x000002134e568810
Event: 274.554 Thread 0x000002136082a8b0 flushing  nmethod 0x000002134e568f10
Event: 274.554 Thread 0x000002136082a8b0 flushing  nmethod 0x000002134e569890
Event: 274.554 Thread 0x000002136082a8b0 flushing  nmethod 0x000002134e56ad90
Event: 274.554 Thread 0x000002136082a8b0 flushing  nmethod 0x000002134e56bc10
Event: 274.554 Thread 0x000002136082a8b0 flushing  nmethod 0x000002134e56dc90
Event: 274.554 Thread 0x000002136082a8b0 flushing  nmethod 0x000002134e56f690
Event: 274.554 Thread 0x000002136082a8b0 flushing  nmethod 0x000002134e573990

Events (20 events):
Event: 267.642 Thread 0x0000021368e2eb50 Thread added: 0x000002137b755420
Event: 267.645 Thread 0x0000021368e2eb50 Thread added: 0x000002137b756140
Event: 267.649 Thread 0x0000021368e2eb50 Thread added: 0x000002137b7567d0
Event: 267.649 Thread 0x0000021368e2eb50 Thread added: 0x000002137b752cc0
Event: 267.650 Thread 0x0000021368e2eb50 Thread added: 0x000002137b756e60
Event: 267.650 Thread 0x0000021368e2eb50 Thread added: 0x000002137b750bf0
Event: 267.871 Thread 0x000002137c19f0a0 Thread added: 0x0000021372262680
Event: 267.893 Thread 0x000002137c19f0a0 Thread added: 0x000002137225bd80
Event: 267.893 Thread 0x000002137c19f0a0 Thread added: 0x0000021372264de0
Event: 267.932 Thread 0x000002137bcef580 Thread exited: 0x000002137bcef580
Event: 269.399 Thread 0x000002136088ae80 Thread added: 0x0000021372c64730
Event: 271.010 Thread 0x000002137c1a2bb0 Thread added: 0x000002136972fe20
Event: 271.010 Thread 0x000002137c1a2bb0 Thread added: 0x0000021366d1a3a0
Event: 271.010 Thread 0x000002136972fe20 Thread added: 0x000002136a2a6990
Event: 271.010 Thread 0x0000021366d1a3a0 Thread added: 0x000002137c8e0520
Event: 271.011 Thread 0x000002136a2a6990 Thread added: 0x000002136a2a76b0
Event: 271.011 Thread 0x000002137c8e0520 Thread added: 0x000002137c8e18d0
Event: 271.011 Thread 0x000002136a2a76b0 Thread added: 0x0000021366d19d10
Event: 271.012 Thread 0x000002137c8e18d0 Thread added: 0x0000021366d1aa30
Event: 271.176 Thread 0x0000021368e35ae0 Thread added: 0x000002136a249d10


Dynamic libraries:
0x00007ff79a760000 - 0x00007ff79a76a000 	C:\Program Files\Android\Android Studio\jbr\bin\java.exe
0x00007ffc9ea10000 - 0x00007ffc9ec27000 	C:\WINDOWS\SYSTEM32\ntdll.dll
0x00007ffc9e1e0000 - 0x00007ffc9e2a4000 	C:\WINDOWS\System32\KERNEL32.DLL
0x00007ffc9bde0000 - 0x00007ffc9c19a000 	C:\WINDOWS\System32\KERNELBASE.dll
0x00007ffc9c1a0000 - 0x00007ffc9c2b1000 	C:\WINDOWS\System32\ucrtbase.dll
0x00007ffc90920000 - 0x00007ffc90938000 	C:\Program Files\Android\Android Studio\jbr\bin\jli.dll
0x00007ffc90950000 - 0x00007ffc9096b000 	C:\Program Files\Android\Android Studio\jbr\bin\VCRUNTIME140.dll
0x00007ffc9e800000 - 0x00007ffc9e9ae000 	C:\WINDOWS\System32\USER32.dll
0x00007ffc9bdb0000 - 0x00007ffc9bdd6000 	C:\WINDOWS\System32\win32u.dll
0x00007ffc73940000 - 0x00007ffc73bd2000 	C:\WINDOWS\WinSxS\amd64_microsoft.windows.common-controls_6595b64144ccf1df_6.0.22621.4541_none_2710d1c57384c085\COMCTL32.dll
0x00007ffc9db10000 - 0x00007ffc9db39000 	C:\WINDOWS\System32\GDI32.dll
0x00007ffc9d950000 - 0x00007ffc9d9f7000 	C:\WINDOWS\System32\msvcrt.dll
0x00007ffc9c340000 - 0x00007ffc9c45b000 	C:\WINDOWS\System32\gdi32full.dll
0x00007ffc9bd10000 - 0x00007ffc9bdaa000 	C:\WINDOWS\System32\msvcp_win.dll
0x00007ffc9c810000 - 0x00007ffc9c841000 	C:\WINDOWS\System32\IMM32.DLL
0x00007ffc909d0000 - 0x00007ffc909dc000 	C:\Program Files\Android\Android Studio\jbr\bin\vcruntime140_1.dll
0x00007ffc3fdb0000 - 0x00007ffc3fe3d000 	C:\Program Files\Android\Android Studio\jbr\bin\msvcp140.dll
0x00007ffbfc540000 - 0x00007ffbfd1c3000 	C:\Program Files\Android\Android Studio\jbr\bin\server\jvm.dll
0x00007ffc9e740000 - 0x00007ffc9e7f2000 	C:\WINDOWS\System32\ADVAPI32.dll
0x00007ffc9cb80000 - 0x00007ffc9cc27000 	C:\WINDOWS\System32\sechost.dll
0x00007ffc9bce0000 - 0x00007ffc9bd08000 	C:\WINDOWS\System32\bcrypt.dll
0x00007ffc9e0c0000 - 0x00007ffc9e1d4000 	C:\WINDOWS\System32\RPCRT4.dll
0x00007ffc9caf0000 - 0x00007ffc9cb61000 	C:\WINDOWS\System32\WS2_32.dll
0x00007ffc9ba00000 - 0x00007ffc9ba4d000 	C:\WINDOWS\SYSTEM32\POWRPROF.dll
0x00007ffc90840000 - 0x00007ffc90874000 	C:\WINDOWS\SYSTEM32\WINMM.dll
0x00007ffc90650000 - 0x00007ffc9065a000 	C:\WINDOWS\SYSTEM32\VERSION.dll
0x00007ffc9b9e0000 - 0x00007ffc9b9f3000 	C:\WINDOWS\SYSTEM32\UMPDC.dll
0x00007ffc9ace0000 - 0x00007ffc9acf8000 	C:\WINDOWS\SYSTEM32\kernel.appcore.dll
0x00007ffc90940000 - 0x00007ffc9094a000 	C:\Program Files\Android\Android Studio\jbr\bin\jimage.dll
0x00007ffc99050000 - 0x00007ffc99282000 	C:\WINDOWS\SYSTEM32\DBGHELP.DLL
0x00007ffc9cd40000 - 0x00007ffc9d0cf000 	C:\WINDOWS\System32\combase.dll
0x00007ffc9dfc0000 - 0x00007ffc9e097000 	C:\WINDOWS\System32\OLEAUT32.dll
0x00007ffc74090000 - 0x00007ffc740c2000 	C:\WINDOWS\SYSTEM32\dbgcore.DLL
0x00007ffc9c2c0000 - 0x00007ffc9c33b000 	C:\WINDOWS\System32\bcryptPrimitives.dll
0x00007ffc90910000 - 0x00007ffc9091e000 	C:\Program Files\Android\Android Studio\jbr\bin\instrument.dll
0x00007ffc908e0000 - 0x00007ffc90900000 	C:\Program Files\Android\Android Studio\jbr\bin\java.dll
0x00007ffc799e0000 - 0x00007ffc799f8000 	C:\Program Files\Android\Android Studio\jbr\bin\zip.dll
0x00007ffc9d0d0000 - 0x00007ffc9d948000 	C:\WINDOWS\System32\SHELL32.dll
0x00007ffc99bd0000 - 0x00007ffc9a4d8000 	C:\WINDOWS\SYSTEM32\windows.storage.dll
0x00007ffc99a90000 - 0x00007ffc99bcf000 	C:\WINDOWS\SYSTEM32\wintypes.dll
0x00007ffc9c710000 - 0x00007ffc9c80a000 	C:\WINDOWS\System32\SHCORE.dll
0x00007ffc9da00000 - 0x00007ffc9da5e000 	C:\WINDOWS\System32\shlwapi.dll
0x00007ffc9bc10000 - 0x00007ffc9bc3b000 	C:\WINDOWS\SYSTEM32\profapi.dll
0x00007ffc90880000 - 0x00007ffc90890000 	C:\Program Files\Android\Android Studio\jbr\bin\net.dll
0x00007ffc93070000 - 0x00007ffc931a6000 	C:\WINDOWS\SYSTEM32\WINHTTP.dll
0x00007ffc9b150000 - 0x00007ffc9b1b9000 	C:\WINDOWS\system32\mswsock.dll
0x00007ffc78c00000 - 0x00007ffc78c16000 	C:\Program Files\Android\Android Studio\jbr\bin\nio.dll
0x00007ffc73440000 - 0x00007ffc73450000 	C:\Program Files\Android\Android Studio\jbr\bin\verify.dll
0x00007ffc65340000 - 0x00007ffc65367000 	C:\Users\rumaa\.gradle\native\c067742578af261105cb4f569cf0c3c89f3d7b1fecec35dd04571415982c5e48\windows-amd64\native-platform.dll
0x00007ffc03430000 - 0x00007ffc03574000 	C:\Users\rumaa\.gradle\native\100fb08df4bc3b14c8652ba06237920a3bd2aa13389f12d3474272988ae205f9\windows-amd64\native-platform-file-events.dll
0x00007ffc749b0000 - 0x00007ffc749b9000 	C:\Program Files\Android\Android Studio\jbr\bin\management.dll
0x00007ffc73450000 - 0x00007ffc7345b000 	C:\Program Files\Android\Android Studio\jbr\bin\management_ext.dll
0x00007ffc9db00000 - 0x00007ffc9db08000 	C:\WINDOWS\System32\PSAPI.DLL
0x00007ffc9b4a0000 - 0x00007ffc9b4bb000 	C:\WINDOWS\SYSTEM32\CRYPTSP.dll
0x00007ffc9ac40000 - 0x00007ffc9ac75000 	C:\WINDOWS\system32\rsaenh.dll
0x00007ffc9b1f0000 - 0x00007ffc9b218000 	C:\WINDOWS\SYSTEM32\USERENV.dll
0x00007ffc9b480000 - 0x00007ffc9b48c000 	C:\WINDOWS\SYSTEM32\CRYPTBASE.dll
0x00007ffc9a740000 - 0x00007ffc9a76d000 	C:\WINDOWS\SYSTEM32\IPHLPAPI.DLL
0x00007ffc9da60000 - 0x00007ffc9da69000 	C:\WINDOWS\System32\NSI.dll
0x00007ffc749c0000 - 0x00007ffc749c9000 	C:\Program Files\Android\Android Studio\jbr\bin\extnet.dll
0x00007ffc2e010000 - 0x00007ffc2e018000 	C:\WINDOWS\system32\wshunix.dll
0x00007ffc9adf0000 - 0x00007ffc9ae24000 	C:\WINDOWS\SYSTEM32\ntmarta.dll
0x00007ffc9a770000 - 0x00007ffc9a872000 	C:\WINDOWS\SYSTEM32\DNSAPI.dll
0x00007ffc8ff20000 - 0x00007ffc8ff2a000 	C:\Windows\System32\rasadhlp.dll
0x00007ffc90680000 - 0x00007ffc90703000 	C:\WINDOWS\System32\fwpuclnt.dll

dbghelp: loaded successfully - version: 4.0.5 - missing functions: none
symbol engine: initialized successfully - sym options: 0x614 - pdb path: .;C:\Program Files\Android\Android Studio\jbr\bin;C:\WINDOWS\SYSTEM32;C:\WINDOWS\WinSxS\amd64_microsoft.windows.common-controls_6595b64144ccf1df_6.0.22621.4541_none_2710d1c57384c085;C:\Program Files\Android\Android Studio\jbr\bin\server;C:\Users\rumaa\.gradle\native\c067742578af261105cb4f569cf0c3c89f3d7b1fecec35dd04571415982c5e48\windows-amd64;C:\Users\rumaa\.gradle\native\100fb08df4bc3b14c8652ba06237920a3bd2aa13389f12d3474272988ae205f9\windows-amd64

VM Arguments:
jvm_args: --add-opens=java.base/java.util=ALL-UNNAMED --add-opens=java.base/java.lang=ALL-UNNAMED --add-opens=java.base/java.lang.invoke=ALL-UNNAMED --add-opens=java.prefs/java.util.prefs=ALL-UNNAMED --add-exports=jdk.compiler/com.sun.tools.javac.api=ALL-UNNAMED --add-exports=jdk.compiler/com.sun.tools.javac.util=ALL-UNNAMED --add-opens=java.base/java.nio.charset=ALL-UNNAMED --add-opens=java.base/java.net=ALL-UNNAMED --add-opens=java.base/java.util.concurrent.atomic=ALL-UNNAMED -Xmx2048m -Dfile.encoding=UTF-8 -Duser.country=GB -Duser.language=en -Duser.variant -javaagent:C:\Users\rumaa\.gradle\wrapper\dists\gradle-8.10.2-bin\a04bxjujx95o3nb99gddekhwo\gradle-8.10.2\lib\agents\gradle-instrumentation-agent-8.10.2.jar 
java_command: org.gradle.launcher.daemon.bootstrap.GradleDaemon 8.10.2
java_class_path (initial): C:\Users\rumaa\.gradle\wrapper\dists\gradle-8.10.2-bin\a04bxjujx95o3nb99gddekhwo\gradle-8.10.2\lib\gradle-daemon-main-8.10.2.jar
Launcher Type: SUN_STANDARD

[Global flags]
     intx CICompilerCount                          = 4                                         {product} {ergonomic}
     uint ConcGCThreads                            = 2                                         {product} {ergonomic}
     uint G1ConcRefinementThreads                  = 8                                         {product} {ergonomic}
   size_t G1HeapRegionSize                         = 1048576                                   {product} {ergonomic}
    uintx GCDrainStackTargetSize                   = 64                                        {product} {ergonomic}
   size_t InitialHeapSize                          = 264241152                                 {product} {ergonomic}
   size_t MarkStackSize                            = 4194304                                   {product} {ergonomic}
   size_t MaxHeapSize                              = 2147483648                                {product} {command line}
   size_t MaxNewSize                               = 1287651328                                {product} {ergonomic}
   size_t MinHeapDeltaBytes                        = 1048576                                   {product} {ergonomic}
   size_t MinHeapSize                              = 8388608                                   {product} {ergonomic}
    uintx NonNMethodCodeHeapSize                   = 5839372                                {pd product} {ergonomic}
    uintx NonProfiledCodeHeapSize                  = 122909434                              {pd product} {ergonomic}
    uintx ProfiledCodeHeapSize                     = 122909434                              {pd product} {ergonomic}
    uintx ReservedCodeCacheSize                    = 251658240                              {pd product} {ergonomic}
     bool SegmentedCodeCache                       = true                                      {product} {ergonomic}
   size_t SoftMaxHeapSize                          = 2147483648                             {manageable} {ergonomic}
     bool UseCompressedOops                        = true                           {product lp64_product} {ergonomic}
     bool UseG1GC                                  = true                                      {product} {ergonomic}
     bool UseLargePagesIndividualAllocation        = false                                  {pd product} {ergonomic}

Logging:
Log output configuration:
 #0: stdout all=warning uptime,level,tags foldmultilines=false
 #1: stderr all=off uptime,level,tags foldmultilines=false

Environment Variables:
JAVA_HOME=C:\Program Files\Java\jdk-22
PATH=C:\Program Files\Java\jdk-22\bin;C:\Program Files\Common Files\Oracle\Java\javapath;C:\WINDOWS\system32;C:\WINDOWS;C:\WINDOWS\System32\Wbem;C:\WINDOWS\System32\WindowsPowerShell\v1.0\;C:\WINDOWS\System32\OpenSSH\;C:\Strawberry\c\bin;C:\Strawberry\perl\site\bin;C:\Strawberry\perl\bin;C:\Compilers\mingw64\bin;C:\Program Files\Git\cmd;C:\Program Files\Cloudflare\Cloudflare WARP\;C:\Users\rumaa\AppData\Local\Programs\Python\Python312\Scripts\;C:\Users\rumaa\AppData\Local\Programs\Python\Python312\;C:\Program Files\Java\jdk-22\bin;C:\Users\rumaa\AppData\Local\Microsoft\WindowsApps;C:\Users\rumaa\AppData\Local\Programs\Microsoft VS Code\bin;C:\Users\rumaa\AppData\Local\Programs\MiKTeX\miktex\bin\x64\;C:\Program Files (x86)\Jar2Exe Wizard\
USERNAME=rumaa
OS=Windows_NT
PROCESSOR_IDENTIFIER=Intel64 Family 6 Model 140 Stepping 1, GenuineIntel
TMP=C:\Users\rumaa\AppData\Local\Temp
TEMP=C:\Users\rumaa\AppData\Local\Temp




Periodic native trim disabled

JNI global refs:
JNI global refs: 30, weak refs: 0

JNI global refs memory usage: 835, weak refs: 833

Process memory usage:
Resident Set Size: 1225564K (7% of 16449756K total physical memory with 474320K free physical memory)

OOME stack traces (most recent first):
Classloader memory used:
Loader org.gradle.internal.classloader.VisitableURLClassLoader                         : 102M
Loader org.gradle.internal.classloader.VisitableURLClassLoader$InstrumentingVisitableURLClassLoader: 59645K
Loader bootstrap                                                                       : 38685K
Loader org.gradle.initialization.MixInLegacyTypesClassLoader                           : 16628K
Loader org.gradle.internal.classloader.VisitableURLClassLoader                         : 8790K
Loader java.net.URLClassLoader                                                         : 7681K
Loader jdk.internal.loader.ClassLoaders$AppClassLoader                                 : 7209K
Loader jdk.internal.loader.ClassLoaders$PlatformClassLoader                            : 1111K
Loader jdk.internal.reflect.DelegatingClassLoader                                      : 1041K
Loader jdk.internal.jrtfs.JrtFileSystemProvider$JrtFsLoader                            : 610K
Loader org.gradle.groovy.scripts.internal.DefaultScriptCompilationHandler$ScriptClassLoader: 92968B
Loader org.codehaus.groovy.runtime.callsite.CallSiteClassLoader                        : 56704B
Loader sun.reflect.misc.MethodUtil                                                     : 2992B

Classes loaded by more than one classloader:
Class Program                                                                         : loaded 7 times (x 68B)
Class Build_gradle                                                                    : loaded 5 times (x 126B)
Class Build_gradle$1                                                                  : loaded 5 times (x 70B)
Class com.google.common.collect.AbstractMapEntry                                      : loaded 4 times (x 77B)
Class com.google.common.collect.RegularImmutableMap$KeySet                            : loaded 4 times (x 146B)
Class com.google.common.collect.Iterators$MergingIterator                             : loaded 4 times (x 77B)
Class com.google.common.collect.ImmutableCollection$Builder                           : loaded 4 times (x 72B)
Class com.google.common.collect.Iterators$ArrayItr                                    : loaded 4 times (x 93B)
Class com.google.common.collect.ImmutableList$SubList                                 : loaded 4 times (x 204B)
Class com.google.common.collect.AbstractMultimap                                      : loaded 4 times (x 119B)
Class com.google.common.collect.ImmutableList$Builder                                 : loaded 4 times (x 73B)
Class com.google.common.collect.ForwardingObject                                      : loaded 4 times (x 68B)
Class com.google.common.collect.RegularImmutableAsList                                : loaded 4 times (x 212B)
Class com.google.common.collect.Iterators                                             : loaded 4 times (x 67B)
Class com.google.common.collect.UnmodifiableIterator                                  : loaded 4 times (x 76B)
Class com.google.common.collect.IndexedImmutableSet                                   : loaded 4 times (x 146B)
Class com.google.common.collect.ImmutableList                                         : loaded 4 times (x 202B)
Class com.google.common.collect.ImmutableMap$1                                        : loaded 4 times (x 77B)
Class com.google.common.collect.BiMap                                                 : loaded 4 times (x 66B)
Class com.google.common.collect.AbstractIterator                                      : loaded 4 times (x 78B)
Class com.google.common.collect.Platform                                              : loaded 4 times (x 67B)
Class com.google.common.collect.ObjectArrays                                          : loaded 4 times (x 67B)
Class com.google.common.collect.AbstractIndexedListIterator                           : loaded 4 times (x 92B)
Class com.google.common.collect.ImmutableMapEntrySet                                  : loaded 4 times (x 147B)
Class com.google.common.collect.ImmutableMap$Builder                                  : loaded 4 times (x 78B)
Class com.google.common.collect.Multimap                                              : loaded 4 times (x 66B)
Class com.google.common.collect.NullnessCasts                                         : loaded 4 times (x 67B)
Class com.google.common.collect.SingletonImmutableList                                : loaded 4 times (x 203B)
Class com.google.common.collect.Lists$StringAsImmutableList                           : loaded 4 times (x 203B)
Class com.google.common.collect.ImmutableList$ReverseImmutableList                    : loaded 4 times (x 204B)
Class com.google.common.collect.Iterators$1                                           : loaded 4 times (x 77B)
Class com.google.common.collect.ImmutableMap$IteratorBasedImmutableMap                : loaded 4 times (x 121B)
Class com.google.common.collect.Iterators$4                                           : loaded 4 times (x 78B)
Class com.google.common.collect.ImmutableMapEntrySet$RegularEntrySet                  : loaded 4 times (x 147B)
Class com.google.common.collect.ImmutableBiMap                                        : loaded 4 times (x 139B)
Class com.google.common.collect.Iterators$5                                           : loaded 4 times (x 78B)
Class com.google.common.collect.ImmutableCollection                                   : loaded 4 times (x 121B)
Class com.google.common.collect.ImmutableSet$CachingAsList                            : loaded 4 times (x 143B)
Class com.google.common.collect.Lists                                                 : loaded 4 times (x 67B)
Class com.google.common.collect.Iterators$9                                           : loaded 4 times (x 77B)
Class com.google.common.collect.ImmutableAsList                                       : loaded 4 times (x 205B)
Class com.google.common.collect.ImmutableMapEntry                                     : loaded 4 times (x 81B)
Class com.google.common.base.Joiner$2                                                 : loaded 4 times (x 75B)
Class com.google.common.collect.ImmutableMapEntry$NonTerminalImmutableMapEntry        : loaded 4 times (x 81B)
Class com.google.common.collect.ImmutableMultimap                                     : loaded 4 times (x 143B)
Class com.google.common.base.Function                                                 : loaded 4 times (x 66B)
Class com.google.common.base.Joiner$1                                                 : loaded 4 times (x 76B)
Class com.google.common.collect.ImmutableList$1                                       : loaded 4 times (x 93B)
Class com.google.common.collect.PeekingIterator                                       : loaded 4 times (x 66B)
Class com.google.common.collect.RegularImmutableList                                  : loaded 4 times (x 208B)
Class com.google.common.collect.BaseImmutableMultimap                                 : loaded 4 times (x 119B)
Class [Lcom.google.common.collect.ImmutableEntry;                                     : loaded 4 times (x 65B)
Class com.google.common.base.Joiner                                                   : loaded 4 times (x 75B)
Class [Lcom.google.common.collect.ImmutableMapEntry;                                  : loaded 4 times (x 65B)
Class com.google.common.base.Preconditions                                            : loaded 4 times (x 67B)
Class com.google.common.collect.RegularImmutableMap$Values                            : loaded 4 times (x 203B)
Class com.google.common.collect.ImmutableSet                                          : loaded 4 times (x 141B)
Class com.google.common.base.Predicate                                                : loaded 4 times (x 66B)
Class com.google.common.collect.ImmutableMap                                          : loaded 4 times (x 116B)
Class [Lcom.google.common.collect.AbstractMapEntry;                                   : loaded 4 times (x 65B)
Class com.google.common.collect.ImmutableEntry                                        : loaded 4 times (x 78B)
Class com.google.common.collect.UnmodifiableListIterator                              : loaded 4 times (x 91B)
Class com.google.common.collect.RegularImmutableMap$BucketOverflowException           : loaded 4 times (x 78B)
Class com.google.common.collect.ImmutableMap$MapViewOfValuesAsSingletonSets           : loaded 4 times (x 121B)
Class com.google.common.collect.RegularImmutableMap                                   : loaded 4 times (x 117B)
Class kotlin.ranges.OpenEndRange                                                      : loaded 3 times (x 66B)
Class kotlin.KotlinNullPointerException                                               : loaded 3 times (x 79B)
Class com.google.gson.stream.MalformedJsonException                                   : loaded 3 times (x 78B)
Class kotlin.ranges.IntProgression$Companion                                          : loaded 3 times (x 67B)
Class com.google.common.collect.ImmutableMultimap$1                                   : loaded 3 times (x 78B)
Class kotlin.collections.MapsKt                                                       : loaded 3 times (x 67B)
Class kotlin.collections.CollectionsKt__IterablesKt                                   : loaded 3 times (x 67B)
Class com.google.common.collect.AbstractIterator$State                                : loaded 3 times (x 75B)
Class jdk.internal.jrtfs.JrtFileSystem                                                : loaded 3 times (x 98B)
Class kotlin.jvm.internal.Intrinsics                                                  : loaded 3 times (x 67B)
Class kotlin.ranges.IntRange$Companion                                                : loaded 3 times (x 67B)
Class kotlin.reflect.KAnnotatedElement                                                : loaded 3 times (x 66B)
Class kotlin.collections.EmptyMap                                                     : loaded 3 times (x 105B)
Class com.google.common.collect.ImmutableRangeSet$ComplementRanges                    : loaded 3 times (x 203B)
Class com.google.common.collect.ImmutableSet$RegularSetBuilderImpl                    : loaded 3 times (x 73B)
Class org.apache.commons.io.filefilter.TrueFileFilter                                 : loaded 3 times (x 90B)
Class org.gradle.internal.IoActions                                                   : loaded 3 times (x 67B)
Class kotlin.text.StringsKt___StringsKt                                               : loaded 3 times (x 67B)
Class kotlin.enums.EnumEntriesKt                                                      : loaded 3 times (x 67B)
Class org.apache.commons.io.function.IOFunction                                       : loaded 3 times (x 66B)
Class com.google.common.collect.RegularImmutableBiMap                                 : loaded 3 times (x 144B)
Class kotlin.collections.CollectionsKt__MutableCollectionsJVMKt                       : loaded 3 times (x 67B)
Class kotlin.collections.MapsKt__MapWithDefaultKt                                     : loaded 3 times (x 67B)
Class kotlin.sequences.TransformingSequence                                           : loaded 3 times (x 71B)
Class com.google.common.collect.SortedMapDifference                                   : loaded 3 times (x 66B)
Class kotlin.collections.ArraysKt___ArraysKt                                          : loaded 3 times (x 67B)
Class kotlin.collections.MapsKt___MapsKt                                              : loaded 3 times (x 67B)
Class kotlin.io.FilesKt                                                               : loaded 3 times (x 67B)
Class kotlin.text.StringsKt___StringsJvmKt                                            : loaded 3 times (x 67B)
Class kotlin.annotation.Retention                                                     : loaded 3 times (x 66B)
Class org.apache.commons.io.StandardLineSeparator                                     : loaded 3 times (x 75B)
Class com.google.common.collect.CollectPreconditions                                  : loaded 3 times (x 67B)
Class kotlin.reflect.KDeclarationContainer                                            : loaded 3 times (x 66B)
Class jdk.internal.jimage.ImageStrings                                                : loaded 3 times (x 66B)
Class org.gradle.api.GradleException                                                  : loaded 3 times (x 78B)
Class kotlin.collections.CollectionsKt___CollectionsKt                                : loaded 3 times (x 67B)
Class com.google.common.base.Platform$JdkPatternCompiler                              : loaded 3 times (x 71B)
Class kotlin.annotation.Target                                                        : loaded 3 times (x 66B)
Class com.google.common.collect.ImmutableMultimap$2                                   : loaded 3 times (x 77B)
Class kotlin.ranges.RangesKt___RangesKt                                               : loaded 3 times (x 67B)
Class kotlin.collections.EmptySet                                                     : loaded 3 times (x 118B)
Class com.google.common.collect.AbstractRangeSet                                      : loaded 3 times (x 110B)
Class com.google.common.base.CharMatcher$NegatedFastMatcher                           : loaded 3 times (x 109B)
Class kotlin.collections.MapsKt___MapsJvmKt                                           : loaded 3 times (x 67B)
Class com.google.gson.stream.JsonToken                                                : loaded 3 times (x 75B)
Class com.google.common.base.CharMatcher$Negated                                      : loaded 3 times (x 109B)
Class kotlin.jvm.functions.Function2                                                  : loaded 3 times (x 66B)
Class com.google.common.base.CharMatcher$Is                                           : loaded 3 times (x 107B)
Class com.google.common.base.CharMatcher$FastMatcher                                  : loaded 3 times (x 107B)
Class com.google.common.collect.Sets                                                  : loaded 3 times (x 67B)
Class kotlin.jvm.functions.Function1                                                  : loaded 3 times (x 66B)
Class com.google.common.base.Strings                                                  : loaded 3 times (x 67B)
Class org.gradle.internal.Cast                                                        : loaded 3 times (x 67B)
Class org.gradle.api.Action                                                           : loaded 3 times (x 66B)
Class com.google.common.collect.ImmutableList$SerializedForm                          : loaded 3 times (x 69B)
Class kotlin.jvm.functions.Function0                                                  : loaded 3 times (x 66B)
Class org.apache.commons.io.file.PathVisitor                                          : loaded 3 times (x 66B)
Class org.apache.commons.io.file.PathUtils                                            : loaded 3 times (x 67B)
Class [Lcom.google.common.collect.AbstractIterator$State;                             : loaded 3 times (x 65B)
Class kotlin.collections.ArraysUtilJVM                                                : loaded 3 times (x 67B)
Class kotlin.ranges.RangesKt                                                          : loaded 3 times (x 67B)
Class kotlin.sequences.SequencesKt___SequencesKt                                      : loaded 3 times (x 67B)
Class kotlin.collections.AbstractList$Companion                                       : loaded 3 times (x 67B)
Class com.google.common.base.CharMatcher$Or                                           : loaded 3 times (x 108B)
Class kotlin.sequences.SequencesKt___SequencesJvmKt                                   : loaded 3 times (x 67B)
Class kotlin.TuplesKt                                                                 : loaded 3 times (x 67B)
Class kotlin.Unit                                                                     : loaded 3 times (x 67B)
Class com.google.common.collect.ImmutableMultisetGwtSerializationDependencies         : loaded 3 times (x 121B)
Class kotlin.collections.CollectionsKt___CollectionsJvmKt                             : loaded 3 times (x 67B)
Class kotlin.jvm.internal.FunctionReferenceImpl                                       : loaded 3 times (x 118B)
Class com.google.common.base.CharMatcher$BitSetMatcher                                : loaded 3 times (x 108B)
Class com.google.common.base.PatternCompiler                                          : loaded 3 times (x 66B)
Class com.google.common.collect.Hashing                                               : loaded 3 times (x 67B)
Class kotlin.text.CharsKt__CharJVMKt                                                  : loaded 3 times (x 67B)
Class kotlin.sequences.FilteringSequence                                              : loaded 3 times (x 71B)
Class kotlin.comparisons.ComparisonsKt___ComparisonsKt                                : loaded 3 times (x 67B)
Class kotlin.comparisons.ComparisonsKt                                                : loaded 3 times (x 67B)
Class kotlin.collections.ArraysKt                                                     : loaded 3 times (x 67B)
Class kotlin.sequences.SequencesKt__SequencesKt                                       : loaded 3 times (x 67B)
Class kotlin.ranges.RangesKt__RangesKt                                                : loaded 3 times (x 67B)
Class org.apache.commons.io.FileUtils                                                 : loaded 3 times (x 67B)
Class org.apache.commons.io.file.Counters                                             : loaded 3 times (x 67B)
Class kotlin.comparisons.ComparisonsKt__ComparisonsKt                                 : loaded 3 times (x 67B)
Class kotlin.collections.SetsKt___SetsKt                                              : loaded 3 times (x 67B)
Class [Lcom.google.gson.stream.JsonToken;                                             : loaded 3 times (x 65B)
Class com.google.common.collect.ImmutableRangeSet$Builder                             : loaded 3 times (x 73B)
Class com.google.common.collect.Sets$SetView                                          : loaded 3 times (x 134B)
Class kotlin.text.StringsKt__StringBuilderJVMKt                                       : loaded 3 times (x 67B)
Class kotlin.text.Regex                                                               : loaded 3 times (x 68B)
Class com.google.common.collect.Maps$8                                                : loaded 3 times (x 78B)
Class kotlin.collections.AbstractCollection                                           : loaded 3 times (x 113B)
Class kotlin.collections.AbstractList                                                 : loaded 3 times (x 193B)
Class kotlin.sequences.SequencesKt__SequencesJVMKt                                    : loaded 3 times (x 67B)
Class com.google.common.primitives.Ints$IntConverter                                  : loaded 3 times (x 86B)
Class jdk.internal.jimage.ImageReader$Directory                                       : loaded 3 times (x 80B)
Class kotlin.text.CharsKt__CharKt                                                     : loaded 3 times (x 67B)
Class kotlin.text.StringsKt__RegexExtensionsKt                                        : loaded 3 times (x 67B)
Class kotlin.collections.EmptyIterator                                                : loaded 3 times (x 85B)
Class com.google.common.base.Platform                                                 : loaded 3 times (x 67B)
Class com.google.common.collect.AbstractIterator$1                                    : loaded 3 times (x 67B)
Class org.apache.commons.io.file.PathFilter                                           : loaded 3 times (x 66B)
Class com.google.common.collect.ListMultimap                                          : loaded 3 times (x 66B)
Class [Lorg.apache.commons.io.StandardLineSeparator;                                  : loaded 3 times (x 65B)
Class org.apache.commons.io.output.StringBuilderWriter                                : loaded 3 times (x 96B)
Class kotlin.collections.SetsKt__SetsKt                                               : loaded 3 times (x 67B)
Class [Lorg.apache.commons.io.file.DeleteOption;                                      : loaded 3 times (x 65B)
Class com.google.common.collect.ImmutableEnumMap                                      : loaded 3 times (x 121B)
Class jdk.internal.jimage.ImageReader$SharedImageReader$LocationVisitor               : loaded 3 times (x 66B)
Class com.google.common.collect.Maps                                                  : loaded 3 times (x 67B)
Class kotlin.jvm.internal.DefaultConstructorMarker                                    : loaded 3 times (x 67B)
Class kotlin.io.FileSystemException                                                   : loaded 3 times (x 78B)
Class com.google.common.collect.ImmutableRangeSet                                     : loaded 3 times (x 111B)
Class com.google.common.collect.ImmutableBiMapFauxverideShim                          : loaded 3 times (x 116B)
Class jdk.internal.jrtfs.JrtPath                                                      : loaded 3 times (x 114B)
Class jdk.internal.jimage.ImageBufferCache                                            : loaded 3 times (x 67B)
Class org.apache.commons.io.output.AbstractByteArrayOutputStream                      : loaded 3 times (x 98B)
Class com.google.common.collect.ImmutableEnumSet                                      : loaded 3 times (x 142B)
Class com.google.gson.stream.JsonReader                                               : loaded 3 times (x 93B)
Class kotlin.enums.EnumEntries                                                        : loaded 3 times (x 66B)
Class com.google.common.collect.ImmutableSetMultimap                                  : loaded 3 times (x 176B)
Class com.google.common.base.CharMatcher                                              : loaded 3 times (x 107B)
Class com.google.common.base.Equivalence                                              : loaded 3 times (x 78B)
Class kotlin.ranges.IntRange                                                          : loaded 3 times (x 89B)
Class kotlin.collections.ArraysKt__ArraysJVMKt                                        : loaded 3 times (x 67B)
Class com.google.common.collect.Sets$1                                                : loaded 3 times (x 135B)
Class org.apache.commons.io.file.Counters$AbstractPathCounters                        : loaded 3 times (x 78B)
Class com.google.common.collect.Iterators$10                                          : loaded 3 times (x 77B)
Class com.google.common.collect.RegularImmutableSortedSet                             : loaded 3 times (x 296B)
Class kotlin.jvm.internal.CallableReference                                           : loaded 3 times (x 102B)
Class com.google.common.base.CharMatcher$IsNot                                        : loaded 3 times (x 107B)
Class com.google.common.collect.ImmutableMap$SerializedForm                           : loaded 3 times (x 69B)
Class org.apache.commons.io.CloseableURLConnection                                    : loaded 3 times (x 113B)
Class org.apache.commons.io.function.IOBiFunction                                     : loaded 3 times (x 66B)
Class com.google.common.base.CommonPattern                                            : loaded 3 times (x 70B)
Class com.google.common.collect.ImmutableSortedSet                                    : loaded 3 times (x 296B)
Class kotlin.jvm.KotlinReflectionNotSupportedError                                    : loaded 3 times (x 78B)
Class jdk.internal.jrtfs.JrtFileAttributes                                            : loaded 3 times (x 79B)
Class com.google.common.collect.Maps$EntryTransformer                                 : loaded 3 times (x 66B)
Class kotlin.text.StringsKt__StringNumberConversionsKt                                : loaded 3 times (x 67B)
Class [Lkotlin.Pair;                                                                  : loaded 3 times (x 65B)
Class kotlin.io.FilesKt__FileReadWriteKt                                              : loaded 3 times (x 67B)
Class jdk.internal.jimage.ImageReader$Resource                                        : loaded 3 times (x 80B)
Class jdk.internal.jimage.decompressor.Decompressor                                   : loaded 3 times (x 68B)
Class com.google.common.collect.ImmutableMultiset                                     : loaded 3 times (x 159B)
Class com.google.common.collect.Maps$ViewCachingAbstractMap                           : loaded 3 times (x 121B)
Class org.apache.commons.io.FilenameUtils                                             : loaded 3 times (x 67B)
Class kotlin.text.StringsKt                                                           : loaded 3 times (x 67B)
Class com.google.common.base.CharMatcher$NamedFastMatcher                             : loaded 3 times (x 108B)
Class kotlin.sequences.Sequence                                                       : loaded 3 times (x 66B)
Class kotlin.text.StringsKt__StringNumberConversionsJVMKt                             : loaded 3 times (x 67B)
Class com.google.common.collect.Sets$2                                                : loaded 3 times (x 135B)
Class com.google.common.base.CharMatcher$1                                            : loaded 3 times (x 109B)
Class com.google.common.base.Converter                                                : loaded 3 times (x 86B)
Class kotlin.sequences.SequencesKt                                                    : loaded 3 times (x 67B)
Class kotlin.collections.CollectionsKt__IteratorsKt                                   : loaded 3 times (x 67B)
Class com.google.common.collect.RangeGwtSerializationDependencies                     : loaded 3 times (x 67B)
Class kotlin.jvm.internal.CallableReference$NoReceiver                                : loaded 3 times (x 67B)
Class jdk.internal.jimage.BasicImageReader$1                                          : loaded 3 times (x 73B)
Class com.google.common.base.CharMatcher$AnyOf                                        : loaded 3 times (x 108B)
Class kotlin.text.StringsKt__StringBuilderKt                                          : loaded 3 times (x 67B)
Class kotlin.io.FilesKt__UtilsKt                                                      : loaded 3 times (x 67B)
Class kotlin.collections.CollectionsKt__CollectionsJVMKt                              : loaded 3 times (x 67B)
Class jdk.internal.jrtfs.SystemImage                                                  : loaded 3 times (x 70B)
Class jdk.internal.jimage.ImageReader$Node                                            : loaded 3 times (x 80B)
Class com.google.common.base.CharMatcher$ForPredicate                                 : loaded 3 times (x 108B)
Class com.google.common.collect.ImmutableMultimap$Values                              : loaded 3 times (x 122B)
Class org.apache.commons.io.output.NullWriter                                         : loaded 3 times (x 95B)
Class com.google.common.collect.Sets$3                                                : loaded 3 times (x 135B)
Class com.google.common.collect.RangeSet                                              : loaded 3 times (x 66B)
Class com.google.common.collect.SortedIterable                                        : loaded 3 times (x 66B)
Class com.google.common.base.CharMatcher$IsEither                                     : loaded 3 times (x 107B)
Class kotlin.NoWhenBranchMatchedException                                             : loaded 3 times (x 78B)
Class jdk.internal.jimage.ImageReader$SharedImageReader                               : loaded 3 times (x 91B)
Class kotlin.sequences.SequencesKt___SequencesKt$filterNotNull$1                      : loaded 3 times (x 74B)
Class jdk.internal.jimage.ImageReader                                                 : loaded 3 times (x 71B)
Class com.google.common.collect.SingletonImmutableSet                                 : loaded 3 times (x 142B)
Class com.google.common.collect.Maps$BiMapConverter                                   : loaded 3 times (x 86B)
Class kotlin.UninitializedPropertyAccessException                                     : loaded 3 times (x 78B)
Class kotlin.Metadata                                                                 : loaded 3 times (x 66B)
Class kotlin.sequences.SequencesKt__SequenceBuilderKt                                 : loaded 3 times (x 67B)
Class jdk.internal.jimage.ImageStringsReader                                          : loaded 3 times (x 76B)
Class kotlin.jvm.internal.Lambda                                                      : loaded 3 times (x 71B)
Class com.google.common.collect.Sets$4                                                : loaded 3 times (x 135B)
Class kotlin.collections.MapsKt__MapsKt                                               : loaded 3 times (x 67B)
Class com.google.gson.internal.JsonReaderInternalAccess                               : loaded 3 times (x 68B)
Class com.google.common.collect.ImmutableSet$Builder                                  : loaded 3 times (x 81B)
Class com.google.common.base.JdkPattern                                               : loaded 3 times (x 71B)
Class kotlin.reflect.KFunction                                                        : loaded 3 times (x 66B)
Class org.gradle.api.UncheckedIOException                                             : loaded 3 times (x 78B)
Class kotlin.io.FilesKt__FileTreeWalkKt                                               : loaded 3 times (x 67B)
Class kotlin.text.StringsKt__IndentKt                                                 : loaded 3 times (x 67B)
Class kotlin.sequences.FilteringSequence$iterator$1                                   : loaded 3 times (x 75B)
Class kotlin.collections.SetsKt                                                       : loaded 3 times (x 67B)
Class kotlin.text.StringsKt__StringsJVMKt                                             : loaded 3 times (x 67B)
Class org.apache.commons.io.IOUtils                                                   : loaded 3 times (x 67B)
Class kotlin.collections.CollectionsKt__ReversedViewsKt                               : loaded 3 times (x 67B)
Class kotlin.ranges.ClosedRange                                                       : loaded 3 times (x 66B)
Class com.google.common.collect.SetMultimap                                           : loaded 3 times (x 66B)
Class com.google.common.collect.ImmutableMultimap$Keys                                : loaded 3 times (x 162B)
Class com.google.common.primitives.IntsMethodsForWeb                                  : loaded 3 times (x 67B)
Class org.apache.commons.io.file.Counters$Counter                                     : loaded 3 times (x 66B)
Class org.apache.commons.io.file.DeleteOption                                         : loaded 3 times (x 66B)
Class org.apache.commons.io.output.QueueOutputStream                                  : loaded 3 times (x 83B)
Class org.apache.commons.io.filefilter.IOFileFilter                                   : loaded 3 times (x 66B)
Class com.google.common.base.CharMatcher$InRange                                      : loaded 3 times (x 107B)
Class com.google.gson.stream.JsonReader$1                                             : loaded 3 times (x 68B)
Class org.apache.commons.io.file.Counters$PathCounters                                : loaded 3 times (x 66B)
Class org.apache.commons.io.Charsets                                                  : loaded 3 times (x 67B)
Class jdk.internal.jimage.ImageHeader                                                 : loaded 3 times (x 67B)
Class kotlin.internal.ProgressionUtilKt                                               : loaded 3 times (x 67B)
Class kotlin.io.FileAlreadyExistsException                                            : loaded 3 times (x 78B)
Class kotlin.Function                                                                 : loaded 3 times (x 66B)
Class org.apache.commons.io.output.NullOutputStream                                   : loaded 3 times (x 81B)
Class org.apache.commons.io.output.AppendableWriter                                   : loaded 3 times (x 96B)
Class kotlin.collections.SetsKt__SetsJVMKt                                            : loaded 3 times (x 67B)
Class com.google.common.collect.TransformedIterator                                   : loaded 3 times (x 76B)
Class kotlin.collections.ArraysKt__ArraysKt                                           : loaded 3 times (x 67B)
Class kotlin.collections.CollectionsKt__CollectionsKt                                 : loaded 3 times (x 67B)
Class kotlin.jvm.internal.markers.KMappedMarker                                       : loaded 3 times (x 66B)
Class kotlin.collections.ArraysKt___ArraysJvmKt                                       : loaded 3 times (x 67B)
Class kotlin.text.StringsKt__RegexExtensionsJVMKt                                     : loaded 3 times (x 67B)
Class com.google.common.collect.MapDifference                                         : loaded 3 times (x 66B)
Class com.google.common.collect.Multiset                                              : loaded 3 times (x 66B)
Class jdk.internal.jimage.BasicImageReader                                            : loaded 3 times (x 91B)
Class org.apache.commons.io.file.CountingPathVisitor                                  : loaded 3 times (x 87B)
Class com.google.common.primitives.Ints                                               : loaded 3 times (x 67B)
Class com.google.common.collect.Maps$KeySet                                           : loaded 3 times (x 133B)
Class org.apache.commons.io.file.SimplePathVisitor                                    : loaded 3 times (x 81B)
Class com.google.common.collect.ImmutableMultimap$Builder                             : loaded 3 times (x 79B)
Class org.apache.commons.io.output.ThresholdingOutputStream                           : loaded 3 times (x 90B)
Class jdk.internal.jimage.ImageBufferCache$2                                          : loaded 3 times (x 87B)
Class com.google.common.base.CharMatcher$And                                          : loaded 3 times (x 108B)
Class kotlin.collections.MapsKt__MapsJVMKt                                            : loaded 3 times (x 67B)
Class kotlin.collections.EmptyList                                                    : loaded 3 times (x 170B)
Class jdk.internal.jimage.ImageBufferCache$1                                          : loaded 3 times (x 79B)
Class org.gradle.kotlin.dsl.VersionCatalogAccessorsKt                                 : loaded 3 times (x 67B)
Class kotlin.text.Regex$Companion                                                     : loaded 3 times (x 67B)
Class jdk.internal.jrtfs.JrtDirectoryStream                                           : loaded 3 times (x 85B)
Class jdk.internal.jimage.ImageLocation                                               : loaded 3 times (x 86B)
Class jdk.internal.jrtfs.JrtDirectoryStream$1                                         : loaded 3 times (x 79B)
Class com.google.common.collect.Range                                                 : loaded 3 times (x 83B)
Class kotlin.text.CharsKt                                                             : loaded 3 times (x 67B)
Class kotlin.collections.AbstractIterator                                             : loaded 3 times (x 79B)
Class com.google.common.collect.ImmutableMultimap$EntryCollection                     : loaded 3 times (x 123B)
Class com.google.common.collect.ImmutableRangeSet$1                                   : loaded 3 times (x 206B)
Class kotlin.io.FilesKt__FilePathComponentsKt                                         : loaded 3 times (x 67B)
Class com.google.common.collect.ImmutableSet$SetBuilderImpl                           : loaded 3 times (x 72B)
Class kotlin.io.TerminateException                                                    : loaded 3 times (x 78B)
Class kotlin.reflect.KCallable                                                        : loaded 3 times (x 66B)
Class kotlin.collections.CollectionsKt__MutableCollectionsKt                          : loaded 3 times (x 67B)
Class kotlin.text.StringsKt__StringsKt                                                : loaded 3 times (x 67B)
Class jdk.internal.jrtfs.SystemImage$1                                                : loaded 3 times (x 74B)
Class kotlin.jvm.internal.FunctionReference                                           : loaded 3 times (x 118B)
Class kotlin.NotImplementedError                                                      : loaded 3 times (x 78B)
Class com.google.common.collect.Sets$ImprovedAbstractSet                              : loaded 3 times (x 131B)
Class kotlin.sequences.TransformingSequence$iterator$1                                : loaded 3 times (x 75B)
Class kotlin.Pair                                                                     : loaded 3 times (x 68B)
Class kotlin.io.NoSuchFileException                                                   : loaded 3 times (x 78B)
Class org.apache.commons.io.filefilter.AbstractFileFilter                             : loaded 3 times (x 112B)
Class com.google.common.collect.ImmutableListMultimap                                 : loaded 3 times (x 172B)
Class kotlin.collections.CollectionsKt                                                : loaded 3 times (x 67B)
Class org.apache.commons.io.output.UnsynchronizedByteArrayOutputStream                : loaded 3 times (x 98B)
Class org.apache.commons.io.FileExistsException                                       : loaded 3 times (x 78B)
Class kotlin.jvm.internal.FunctionBase                                                : loaded 3 times (x 66B)
Class kotlin.enums.EnumEntriesList                                                    : loaded 3 times (x 219B)
Class com.google.common.collect.RegularImmutableSet                                   : loaded 3 times (x 145B)
Class com.google.common.collect.ImmutableRangeSet$AsSet                               : loaded 3 times (x 296B)
Class com.google.common.collect.SingletonImmutableBiMap                               : loaded 3 times (x 139B)
Class jdk.internal.jrtfs.JrtFileSystemProvider                                        : loaded 3 times (x 97B)
Class com.google.common.collect.ForwardingCollection                                  : loaded 3 times (x 126B)
Class jdk.internal.jrtfs.SystemImage$2                                                : loaded 3 times (x 72B)
Class com.google.common.collect.Iterables                                             : loaded 3 times (x 67B)
Class kotlin.collections.CollectionsKt__IteratorsJVMKt                                : loaded 3 times (x 67B)
Class org.apache.commons.io.output.ByteArrayOutputStream                              : loaded 3 times (x 98B)
Class kotlin.text.StringsKt__AppendableKt                                             : loaded 3 times (x 67B)
Class com.google.common.collect.EmptyImmutableListMultimap                            : loaded 3 times (x 172B)
Class kotlin.ranges.IntProgression                                                    : loaded 3 times (x 77B)
Class kotlin.comparisons.ComparisonsKt___ComparisonsJvmKt                             : loaded 3 times (x 67B)
Class com.sun.xml.bind.v2.model.annotation.LocatableAnnotation                        : loaded 2 times (x 81B)
Class android.databinding.tool.store.ResourceBundle$NameTypeLocation                  : loaded 2 times (x 68B)
Class com.sun.xml.bind.v2.runtime.property.AttributeProperty                          : loaded 2 times (x 101B)
Class com.sun.xml.bind.v2.runtime.reflect.NullSafeAccessor                            : loaded 2 times (x 81B)
Class com.sun.xml.bind.v2.runtime.reflect.PrimitiveArrayListerShort                   : loaded 2 times (x 72B)
Class android.databinding.internal.org.antlr.v4.runtime.TokenStream                   : loaded 2 times (x 66B)
Class com.google.gson.internal.bind.DefaultDateTypeAdapter                            : loaded 2 times (x 70B)
Class com.google.gson.GsonBuilder                                                     : loaded 2 times (x 68B)
Class com.amazon.ion.impl.bin.IonRawBinaryWriter$ContainerType                        : loaded 2 times (x 75B)
Class com.amazon.ion.impl._Private_IonTextWriterBuilder$Mutable                       : loaded 2 times (x 97B)
Class com.google.common.reflect.TypeResolver$TypeVariableKey                          : loaded 2 times (x 68B)
Class com.google.common.base.MoreObjects                                              : loaded 2 times (x 67B)
Class com.android.tools.build.jetifier.core.pom.DependencyVersionsMap$Companion       : loaded 2 times (x 67B)
Class com.android.tools.build.jetifier.core.PackageMap$Companion                      : loaded 2 times (x 67B)
Class android.databinding.tool.ext.Collection_extKt                                   : loaded 2 times (x 67B)
Class kotlin.reflect.KProperty0                                                       : loaded 2 times (x 66B)
Class com.sun.xml.bind.marshaller.NamespacePrefixMapper                               : loaded 2 times (x 71B)
Class com.sun.xml.bind.v2.runtime.property.ArrayElementLeafProperty                   : loaded 2 times (x 101B)
Class com.sun.xml.bind.v2.model.impl.ElementPropertyInfoImpl$1                        : loaded 2 times (x 196B)
Class com.sun.xml.bind.v2.model.impl.ERPropertyInfoImpl                               : loaded 2 times (x 104B)
Class com.sun.xml.bind.v2.model.impl.RuntimeBuiltinLeafInfoImpl$1                     : loaded 2 times (x 72B)
Class android.databinding.tool.util.FileUtil                                          : loaded 2 times (x 67B)
Class com.android.tools.build.jetifier.core.utils.LogConsumer                         : loaded 2 times (x 66B)
Class com.google.gson.internal.Primitives                                             : loaded 2 times (x 67B)
Class com.google.gson.stream.JsonWriter                                               : loaded 2 times (x 94B)
Class com.google.common.cache.CacheLoader$FunctionToCacheLoader                       : loaded 2 times (x 71B)
Class org.jetbrains.plugins.gradle.model.IntelliJSettings                             : loaded 2 times (x 66B)
Class org.jetbrains.kotlin.idea.gradleTooling.KotlinSourceSetContainer                : loaded 2 times (x 66B)
Class com.android.builder.model.v2.ide.TestInfo$Execution                             : loaded 2 times (x 75B)
Class kotlin.Result                                                                   : loaded 2 times (x 68B)
Class [Lorg.objectweb.asm.Type;                                                       : loaded 2 times (x 65B)
Class org.gradle.internal.service.ServiceLocator                                      : loaded 2 times (x 66B)
Class com.google.common.reflect.Types$ParameterizedTypeImpl                           : loaded 2 times (x 77B)
Class android.databinding.tool.ext.XmlResourceReference                               : loaded 2 times (x 68B)
Class kotlin.reflect.KClass                                                           : loaded 2 times (x 66B)
Class kotlin.reflect.KProperty1                                                       : loaded 2 times (x 66B)
Class com.google.common.collect.Maps$FilteredEntryMap$EntrySet$1$1                    : loaded 2 times (x 83B)
Class com.sun.xml.bind.v2.runtime.CompositeStructureBeanInfo                          : loaded 2 times (x 94B)
Class com.sun.xml.bind.v2.runtime.property.ArrayERProperty                            : loaded 2 times (x 100B)
Class com.sun.xml.bind.v2.model.impl.RuntimeBuiltinLeafInfoImpl$2                     : loaded 2 times (x 132B)
Class com.sun.xml.bind.v2.util.QNameMap$Entry                                         : loaded 2 times (x 68B)
Class [Lkotlin.coroutines.intrinsics.CoroutineSingletons;                             : loaded 2 times (x 65B)
Class com.amazon.ion.IonValue                                                         : loaded 2 times (x 66B)
Class android.databinding.tool.util.L                                                 : loaded 2 times (x 67B)
Class com.google.gson.internal.bind.TypeAdapterRuntimeTypeWrapper                     : loaded 2 times (x 70B)
Class android.databinding.tool.LibTypes$nullable$2                                    : loaded 2 times (x 75B)
Class com.sun.xml.bind.v2.model.core.ArrayInfo                                        : loaded 2 times (x 66B)
Class com.sun.xml.bind.v2.runtime.unmarshaller.ProxyLoader                            : loaded 2 times (x 74B)
Class android.databinding.tool.CompilerArguments$Type                                 : loaded 2 times (x 75B)
Class com.amazon.ion.impl.IonWriterSystem                                             : loaded 2 times (x 167B)
Class com.amazon.ion.impl.bin.Symbols$2                                               : loaded 2 times (x 103B)
Class com.amazon.ion.impl.bin._Private_IonManagedWriter                               : loaded 2 times (x 66B)
Class org.jetbrains.kotlin.android.synthetic.idea.AndroidExtensionsGradleModel        : loaded 2 times (x 66B)
Class com.intellij.gradle.toolingExtension.util.GradleVersionUtil                     : loaded 2 times (x 67B)
Class com.android.ide.gradle.model.GradlePropertiesModel                              : loaded 2 times (x 66B)
Class org.gradle.tooling.internal.adapter.ProtocolToModelAdapter$SupportedPropertyInvoker: loaded 2 times (x 72B)
Class org.gradle.tooling.model.UnsupportedMethodException                             : loaded 2 times (x 78B)
Class com.google.common.base.Ascii                                                    : loaded 2 times (x 67B)
Class com.google.common.cache.LocalCache$1                                            : loaded 2 times (x 85B)
Class kotlin.collections.CollectionsKt___CollectionsKt$withIndex$1                    : loaded 2 times (x 75B)
Class kotlin.reflect.KProperty2                                                       : loaded 2 times (x 66B)
Class com.sun.xml.bind.v2.runtime.Name                                                : loaded 2 times (x 71B)
Class com.sun.xml.bind.v2.model.impl.RuntimeBuiltinLeafInfoImpl$3                     : loaded 2 times (x 132B)
Class com.sun.xml.bind.v2.model.core.BuiltinLeafInfo                                  : loaded 2 times (x 66B)
Class org.apache.commons.io.function.IOSupplier                                       : loaded 2 times (x 66B)
Class com.sun.xml.bind.v2.runtime.output.C14nXmlOutput                                : loaded 2 times (x 97B)
Class com.sun.xml.bind.v2.util.XmlFactory                                             : loaded 2 times (x 67B)
Class org.gradle.internal.classloader.InstrumentingClassLoader                        : loaded 2 times (x 66B)
Class kotlin.io.CloseableKt                                                           : loaded 2 times (x 67B)
Class org.gradle.internal.classpath.TransformedClassPath                              : loaded 2 times (x 92B)
Class android.databinding.tool.LibTypes$bindingAdapter$2                              : loaded 2 times (x 75B)
Class com.amazon.ion.impl.lite.IonContainerLite                                       : loaded 2 times (x 244B)
Class com.amazon.ion.IonBufferConfiguration$OversizedSymbolTableHandler               : loaded 2 times (x 66B)
Class com.amazon.ion.system.IonWriterBuilder                                          : loaded 2 times (x 70B)
Class org.jetbrains.plugins.gradle.tooling.serialization.ToolingStreamApiUtils        : loaded 2 times (x 67B)
Class com.amazon.ion.facet.Faceted                                                    : loaded 2 times (x 66B)
Class com.android.builder.model.v2.ide.BytecodeTransformation                         : loaded 2 times (x 75B)
Class com.google.common.collect.MapMakerInternalMap$AbstractStrongKeyEntry            : loaded 2 times (x 76B)
Class com.google.common.reflect.TypeToken$SimpleTypeToken                             : loaded 2 times (x 69B)
Class com.google.common.cache.LocalCache$2                                            : loaded 2 times (x 138B)
Class com.squareup.javapoet.CodeWriter                                                : loaded 2 times (x 68B)
Class com.google.common.cache.CacheBuilder$NullListener                               : loaded 2 times (x 78B)
Class com.sun.xml.bind.v2.model.runtime.RuntimeAttributePropertyInfo                  : loaded 2 times (x 66B)
Class com.sun.xml.bind.v2.model.impl.RuntimeBuiltinLeafInfoImpl$4                     : loaded 2 times (x 132B)
Class com.sun.xml.bind.v2.model.core.ErrorHandler                                     : loaded 2 times (x 66B)
Class javax.xml.bind.Marshaller                                                       : loaded 2 times (x 66B)
Class com.sun.xml.bind.v2.runtime.ClassBeanInfoImpl                                   : loaded 2 times (x 88B)
Class com.sun.xml.bind.v2.model.runtime.RuntimeNonElement                             : loaded 2 times (x 66B)
Class org.objectweb.asm.FieldWriter                                                   : loaded 2 times (x 74B)
Class com.google.common.reflect.Invokable                                             : loaded 2 times (x 99B)
Class com.google.common.collect.MapMaker$Dummy                                        : loaded 2 times (x 75B)
Class com.google.gson.internal.bind.MapTypeAdapterFactory$Adapter                     : loaded 2 times (x 70B)
Class com.google.gson.internal.sql.SqlTimeTypeAdapter$1                               : loaded 2 times (x 71B)
Class com.amazon.ion.impl.bin.utf8.Poolable                                           : loaded 2 times (x 75B)
Class com.amazon.ion.IonSymbol                                                        : loaded 2 times (x 66B)
Class org.jetbrains.plugins.gradle.tooling.serialization.AnnotationProcessingModelSerializationService$WriteContext: loaded 2 times (x 68B)
Class org.gradle.internal.impldep.gnu.trove.THash                                     : loaded 2 times (x 77B)
Class com.android.builder.model.v2.ide.CodeShrinker                                   : loaded 2 times (x 75B)
Class org.jetbrains.plugins.gradle.model.ExternalLibraryDependency                    : loaded 2 times (x 66B)
Class com.google.common.util.concurrent.AbstractFuture$UnsafeAtomicHelper$1           : loaded 2 times (x 72B)
Class com.sun.xml.bind.v2.runtime.unmarshaller.UnmarshallingContext$State             : loaded 2 times (x 68B)
Class com.sun.xml.bind.v2.runtime.unmarshaller.UnmarshallingContext$ExpectedTypeRootLoader: loaded 2 times (x 76B)
Class com.sun.xml.bind.v2.runtime.ElementBeanInfoImpl$1                               : loaded 2 times (x 102B)
Class com.sun.xml.bind.v2.runtime.property.ArrayERProperty$ItemsLoader                : loaded 2 times (x 74B)
Class com.sun.xml.bind.v2.model.impl.GetterSetterPropertySeed                         : loaded 2 times (x 86B)
Class com.sun.xml.bind.v2.model.impl.RuntimeBuiltinLeafInfoImpl$5                     : loaded 2 times (x 132B)
Class kotlin.text.StringsKt__StringsKt$rangesDelimitedBy$1                            : loaded 2 times (x 75B)
Class kotlin.io.LinesSequence$iterator$1                                              : loaded 2 times (x 75B)
Class android.databinding.tool.util.L$Client                                          : loaded 2 times (x 66B)
Class com.google.gson.LongSerializationPolicy                                         : loaded 2 times (x 76B)
Class com.amazon.ion.impl.lite.IonStructLite                                          : loaded 2 times (x 294B)
Class com.amazon.ion.impl._Private_ReaderWriter                                       : loaded 2 times (x 66B)
Class com.amazon.ion.impl.bin.AbstractSymbolTable                                     : loaded 2 times (x 103B)
Class com.amazon.ion.Decimal                                                          : loaded 2 times (x 129B)
Class com.amazon.ion.impl.bin._Private_IonManagedBinaryWriterBuilder$AllocatorMode$1  : loaded 2 times (x 76B)
Class org.jetbrains.plugins.gradle.tooling.serialization.ProjectDependenciesSerializationService$WriteContext: loaded 2 times (x 68B)
Class org.jetbrains.plugins.gradle.tooling.serialization.ProjectDependenciesSerializationService: loaded 2 times (x 73B)
Class kotlin._Assertions                                                              : loaded 2 times (x 67B)
Class org.gradle.tooling.model.kotlin.dsl.KotlinDslScriptModel                        : loaded 2 times (x 66B)
Class org.gradle.tooling.internal.adapter.CollectionMapper                            : loaded 2 times (x 69B)
Class com.google.common.base.Optional                                                 : loaded 2 times (x 76B)
Class com.google.common.util.concurrent.AbstractFuture$Trusted                        : loaded 2 times (x 66B)
Class com.google.common.base.CharMatcher$RangesMatcher                                : loaded 2 times (x 108B)
Class com.sun.xml.bind.v2.model.annotation.RuntimeAnnotationReader                    : loaded 2 times (x 66B)
Class com.sun.xml.bind.v2.runtime.IllegalAnnotationsException$Builder                 : loaded 2 times (x 73B)
Class com.sun.xml.bind.v2.runtime.property.SingleElementNodeProperty                  : loaded 2 times (x 98B)
Class com.sun.xml.bind.api.impl.NameConverter$1                                       : loaded 2 times (x 89B)
Class com.sun.xml.bind.v2.model.impl.RuntimeBuiltinLeafInfoImpl$6                     : loaded 2 times (x 132B)
Class android.databinding.tool.store.ResourceBundle$LayoutFileBundle                  : loaded 2 times (x 99B)
Class com.sun.xml.bind.v2.runtime.reflect.PrimitiveArrayListerInteger                 : loaded 2 times (x 72B)
Class com.google.gson.internal.bind.DefaultDateTypeAdapter$DateType                   : loaded 2 times (x 69B)
Class kotlin.text.DelimitedRangesSequence$iterator$1                                  : loaded 2 times (x 75B)
Class android.databinding.tool.CompilerArguments                                      : loaded 2 times (x 68B)
Class jdk.internal.jimage.ImageReader$LinkNode                                        : loaded 2 times (x 80B)
Class com.amazon.ion.impl.lite.IonFloatLite                                           : loaded 2 times (x 182B)
Class com.amazon.ion.impl._Private_IonTextWriterBuilder                               : loaded 2 times (x 97B)
Class com.amazon.ion.impl.bin._Private_IonManagedBinaryWriterBuilder$AllocatorMode$2  : loaded 2 times (x 76B)
Class org.gradle.internal.impldep.gnu.trove.Equality                                  : loaded 2 times (x 66B)
Class com.android.ide.gradle.model.ArtifactIdentifierImpl                             : loaded 2 times (x 73B)
Class [Lcom.android.builder.model.v2.ide.LibraryType;                                 : loaded 2 times (x 65B)
Class com.android.builder.model.v2.ide.LibraryType                                    : loaded 2 times (x 75B)
Class com.google.common.collect.ExplicitOrdering                                      : loaded 2 times (x 111B)
Class com.google.common.io.ByteSink$AsCharSink                                        : loaded 2 times (x 76B)
Class com.google.common.util.concurrent.UncheckedExecutionException                   : loaded 2 times (x 78B)
Class com.sun.xml.bind.v2.runtime.reflect.PrimitiveArrayListerDouble                  : loaded 2 times (x 72B)
Class com.sun.xml.bind.v2.runtime.unmarshaller.Loader                                 : loaded 2 times (x 73B)
Class com.sun.xml.bind.api.impl.NameConverter$2                                       : loaded 2 times (x 89B)
Class com.sun.xml.bind.v2.model.impl.RuntimeBuiltinLeafInfoImpl$7                     : loaded 2 times (x 132B)
Class com.sun.xml.bind.v2.model.runtime.RuntimeClassInfo                              : loaded 2 times (x 66B)
Class com.google.gson.internal.bind.ReflectiveTypeAdapterFactory$1                    : loaded 2 times (x 75B)
Class android.databinding.tool.LibTypes                                               : loaded 2 times (x 68B)
Class org.jetbrains.plugins.gradle.ExternalDependencyId                               : loaded 2 times (x 66B)
Class com.amazon.ion.impl._Private_RecyclingStack                                     : loaded 2 times (x 68B)
Class com.amazon.ion.impl._Private_IonReaderBuilder                                   : loaded 2 times (x 91B)
Class com.amazon.ion.IonMutableCatalog                                                : loaded 2 times (x 66B)
Class com.intellij.gradle.toolingExtension.impl.model.buildScriptClasspathModel.GradleBuildScriptClasspathSerializationService$WriteContext: loaded 2 times (x 68B)
Class org.gradle.tooling.internal.adapter.ProtocolToModelAdapter                      : loaded 2 times (x 76B)
Class com.google.common.collect.ImmutableSortedSetFauxverideShim                      : loaded 2 times (x 143B)
Class com.google.common.base.CharMatcher$JavaLetterOrDigit                            : loaded 2 times (x 107B)
Class org.gradle.internal.InternalTransformer                                         : loaded 2 times (x 66B)
Class com.google.common.base.Splitter$1                                               : loaded 2 times (x 73B)
Class com.sun.istack.FinalArrayList                                                   : loaded 2 times (x 205B)
Class com.sun.xml.bind.v2.model.impl.RuntimeBuiltinLeafInfoImpl$8                     : loaded 2 times (x 132B)
Class com.sun.xml.bind.api.ErrorListener                                              : loaded 2 times (x 66B)
Class org.apache.commons.io.filefilter.OrFileFilter                                   : loaded 2 times (x 123B)
Class org.apache.commons.io.function.Uncheck                                          : loaded 2 times (x 67B)
Class com.google.common.cache.LocalCache$Strength$3                                   : loaded 2 times (x 77B)
Class com.google.common.io.ByteStreams                                                : loaded 2 times (x 67B)
Class org.gradle.internal.impldep.gnu.trove.TObjectCanonicalHashingStrategy           : loaded 2 times (x 76B)
Class kotlin.collections.ArraysKt___ArraysKt$asSequence$$inlined$Sequence$1           : loaded 2 times (x 71B)
Class com.google.common.collect.Interner                                              : loaded 2 times (x 66B)
Class com.android.ide.common.gradle.Separator                                         : loaded 2 times (x 75B)
Class com.android.builder.model.v2.ide.AndroidGradlePluginProjectFlags$BooleanFlag    : loaded 2 times (x 75B)
Class org.gradle.internal.time.DefaultTimer                                           : loaded 2 times (x 76B)
Class com.google.common.collect.AbstractMapBasedMultimap$KeySet$1                     : loaded 2 times (x 78B)
Class org.objectweb.asm.ClassWriter                                                   : loaded 2 times (x 102B)
Class com.google.common.cache.CacheLoader$UnsupportedLoadingOperationException        : loaded 2 times (x 78B)
Class org.gradle.internal.classloader.ClasspathUtil$1                                 : loaded 2 times (x 72B)
Class com.google.common.collect.Interners$InternerImpl                                : loaded 2 times (x 71B)
Class com.sun.xml.bind.CycleRecoverable$Context                                       : loaded 2 times (x 66B)
Class com.sun.xml.bind.v2.model.annotation.XmlSchemaTypeQuick                         : loaded 2 times (x 89B)
Class com.sun.xml.bind.v2.model.impl.RuntimeBuiltinLeafInfoImpl$10                    : loaded 2 times (x 132B)
Class com.sun.xml.bind.v2.model.impl.RuntimeBuiltinLeafInfoImpl$9                     : loaded 2 times (x 132B)
Class com.sun.xml.bind.v2.runtime.BridgeImpl                                          : loaded 2 times (x 83B)
Class com.google.common.collect.AllEqualOrdering                                      : loaded 2 times (x 110B)
Class com.google.common.collect.ComparisonChain$1                                     : loaded 2 times (x 77B)
Class com.google.gson.ToNumberStrategy                                                : loaded 2 times (x 66B)
Class com.google.gson.TypeAdapter                                                     : loaded 2 times (x 69B)
Class com.android.builder.model.v2.ide.AbstractArtifact                               : loaded 2 times (x 66B)
Class com.amazon.ion.impl.bin.PooledBlockAllocatorProvider$PooledBlockAllocator$1     : loaded 2 times (x 75B)
Class com.amazon.ion.impl.lite.IonStringLite                                          : loaded 2 times (x 208B)
Class org.gradle.tooling.internal.adapter.ProtocolToModelAdapter$ViewKey              : loaded 2 times (x 68B)
Class com.google.common.collect.FluentIterable$1                                      : loaded 2 times (x 77B)
Class com.google.common.base.Objects                                                  : loaded 2 times (x 67B)
Class org.objectweb.asm.FieldVisitor                                                  : loaded 2 times (x 73B)
Class org.gradle.api.internal.classpath.DefaultModuleRegistry$DefaultModule           : loaded 2 times (x 82B)
Class [Lcom.sun.xml.bind.v2.runtime.unmarshaller.Scope;                               : loaded 2 times (x 65B)
Class com.sun.xml.bind.v2.model.impl.RuntimeBuiltinLeafInfoImpl$11                    : loaded 2 times (x 132B)
Class com.sun.xml.bind.v2.model.runtime.RuntimeEnumLeafInfo                           : loaded 2 times (x 66B)
Class com.sun.xml.bind.v2.model.core.ElementInfo                                      : loaded 2 times (x 66B)
Class com.intellij.openapi.externalSystem.model.project.dependencies.ResolutionState  : loaded 2 times (x 75B)
Class android.databinding.tool.store.GenClassInfoLog$GenClassImpl$Companion           : loaded 2 times (x 67B)
Class com.amazon.ion.impl._Private_ByteTransferSink                                   : loaded 2 times (x 66B)
Class com.amazon.ion.impl.bin.Block                                                   : loaded 2 times (x 75B)
Class org.jetbrains.kotlin.idea.gradleTooling.model.lombok.LombokModel                : loaded 2 times (x 66B)
Class com.android.builder.model.v2.CustomSourceDirectory                              : loaded 2 times (x 66B)
Class com.google.common.collect.NullsFirstOrdering                                    : loaded 2 times (x 111B)
Class com.android.ide.common.repository.AgpVersion                                    : loaded 2 times (x 71B)
Class kotlin.ResultKt                                                                 : loaded 2 times (x 67B)
Class org.gradle.tooling.internal.adapter.ProtocolToModelAdapter$PropertyCachingMethodInvoker: loaded 2 times (x 72B)
Class com.google.common.base.Absent                                                   : loaded 2 times (x 76B)
Class com.google.common.collect.FluentIterable$2                                      : loaded 2 times (x 77B)
Class com.google.common.reflect.Reflection                                            : loaded 2 times (x 67B)
Class com.android.tools.build.jetifier.core.config.Config$JsonData                    : loaded 2 times (x 68B)
Class com.android.tools.build.jetifier.core.type.JavaType$Companion                   : loaded 2 times (x 67B)
Class kotlin.collections.IndexingIterable                                             : loaded 2 times (x 75B)
Class com.sun.xml.bind.v2.runtime.property.ArrayElementProperty                       : loaded 2 times (x 101B)
Class com.sun.xml.bind.api.impl.NameUtil                                              : loaded 2 times (x 76B)
Class com.sun.xml.bind.v2.util.ByteArrayOutputStreamEx                                : loaded 2 times (x 90B)
Class com.sun.xml.bind.v2.model.impl.RuntimeBuiltinLeafInfoImpl$12                    : loaded 2 times (x 132B)
Class com.sun.xml.bind.v2.model.impl.RuntimeBuiltinLeafInfoImpl$PcdataImpl            : loaded 2 times (x 130B)
Class com.sun.xml.bind.v2.model.impl.ElementInfoImpl                                  : loaded 2 times (x 105B)
Class com.sun.xml.bind.v2.model.annotation.AbstractInlineAnnotationReaderImpl         : loaded 2 times (x 100B)
Class com.amazon.ion.impl.bin.IonManagedBinaryWriter$ImportedSymbolResolverMode$1$1   : loaded 2 times (x 74B)
Class com.amazon.ion.impl._Private_RecyclingStack$ElementFactory                      : loaded 2 times (x 66B)
Class android.databinding.tool.processing.scopes.LocationScopeProvider                : loaded 2 times (x 66B)
Class com.amazon.ion.IonDatagram                                                      : loaded 2 times (x 66B)
Class android.databinding.tool.LibTypes$observableFields$2                            : loaded 2 times (x 75B)
Class com.google.gson.internal.bind.DateTypeAdapter                                   : loaded 2 times (x 70B)
Class org.apache.commons.io.IOCase                                                    : loaded 2 times (x 76B)
Class com.amazon.ion.impl.bin.utf8.Utf8StringEncoderPool$1                            : loaded 2 times (x 72B)
Class com.amazon.ion.impl.lite.IonLoaderLite                                          : loaded 2 times (x 78B)
Class com.amazon.ion.impl.lite.IonContext                                             : loaded 2 times (x 66B)
Class com.amazon.ion.impl.IonWriterSystemText                                         : loaded 2 times (x 186B)
Class [Lcom.amazon.ion.impl.bin.IonManagedBinaryWriter$ImportedSymbolResolverMode;    : loaded 2 times (x 65B)
Class com.amazon.ion.ValueFactory                                                     : loaded 2 times (x 66B)
Class org.jetbrains.plugins.gradle.model.ExternalTask                                 : loaded 2 times (x 66B)
Class com.android.builder.model.v2.models.ProjectSyncIssues                           : loaded 2 times (x 66B)
Class kotlin.Result$Failure                                                           : loaded 2 times (x 68B)
Class org.gradle.internal.time.DefaultCountdownTimer                                  : loaded 2 times (x 84B)
Class com.google.common.collect.FluentIterable$3                                      : loaded 2 times (x 77B)
Class com.google.common.math.MathPreconditions                                        : loaded 2 times (x 67B)
Class com.google.common.collect.ArrayListMultimapGwtSerializationDependencies         : loaded 2 times (x 168B)
Class com.squareup.javapoet.ParameterizedTypeName                                     : loaded 2 times (x 77B)
Class javax.xml.bind.annotation.XmlAnyElement                                         : loaded 2 times (x 66B)
Class com.sun.xml.bind.v2.runtime.MarshallerImpl$1                                    : loaded 2 times (x 148B)
Class com.sun.xml.bind.v2.runtime.unmarshaller.LeafPropertyXsiLoader                  : loaded 2 times (x 74B)
Class com.sun.xml.bind.v2.runtime.property.ArrayReferenceNodeProperty                 : loaded 2 times (x 100B)
Class [Lcom.sun.xml.bind.v2.runtime.property.AttributeProperty;                       : loaded 2 times (x 65B)
Class javax.xml.bind.annotation.XmlElements                                           : loaded 2 times (x 66B)
Class com.sun.xml.bind.v2.model.impl.ClassInfoImpl$ConflictException                  : loaded 2 times (x 78B)
Class com.sun.xml.bind.v2.model.annotation.XmlElementQuick                            : loaded 2 times (x 92B)
Class com.sun.xml.bind.v2.model.impl.RuntimeBuiltinLeafInfoImpl$13                    : loaded 2 times (x 133B)
Class com.sun.xml.bind.v2.model.impl.ModelBuilderI                                    : loaded 2 times (x 66B)
Class com.sun.xml.bind.v2.runtime.LeafBeanInfoImpl                                    : loaded 2 times (x 85B)
Class kotlin.reflect.KTypeParameter                                                   : loaded 2 times (x 66B)
Class jdk.internal.jrtfs.JrtFileStore                                                 : loaded 2 times (x 79B)
Class com.google.gson.internal.ObjectConstructor                                      : loaded 2 times (x 66B)
Class androidx.databinding.InverseBindingMethods                                      : loaded 2 times (x 66B)
Class android.databinding.tool.util.LoggedErrorException                              : loaded 2 times (x 78B)
Class com.google.common.cache.LocalCache$Strength$2                                   : loaded 2 times (x 77B)
Class com.amazon.ion.impl._Private_IonReaderBuilder$TwoElementSequenceInputStream     : loaded 2 times (x 88B)
Class com.amazon.ion.impl.bin.IonManagedBinaryWriter$SymbolResolver                   : loaded 2 times (x 66B)
Class com.amazon.ion.impl._Private_SymbolToken                                        : loaded 2 times (x 66B)
Class com.amazon.ion.impl.bin._Private_IonManagedBinaryWriterBuilder$AllocatorMode    : loaded 2 times (x 76B)
Class org.jetbrains.plugins.gradle.tooling.util.ObjectCollector                       : loaded 2 times (x 68B)
Class org.jetbrains.plugins.gradle.model.GradleTaskModel                              : loaded 2 times (x 66B)
Class org.gradle.tooling.internal.adapter.ProtocolToModelAdapter$AdaptingMethodInvoker: loaded 2 times (x 72B)
Class org.gradle.tooling.internal.gradle.DefaultBuildIdentifier                       : loaded 2 times (x 75B)
Class org.gradle.api.internal.classpath.Module                                        : loaded 2 times (x 66B)
Class com.android.tools.build.jetifier.core.rule.RewriteRule$Companion                : loaded 2 times (x 67B)
Class com.android.tools.build.jetifier.core.rule.RewriteRule                          : loaded 2 times (x 68B)
Class kotlin.reflect.KMutableProperty                                                 : loaded 2 times (x 66B)
Class com.sun.xml.bind.v2.runtime.reflect.AdaptedLister                               : loaded 2 times (x 73B)
Class com.sun.xml.bind.v2.model.nav.ReflectionNavigator$10                            : loaded 2 times (x 73B)
Class com.sun.xml.bind.v2.model.impl.RuntimeBuiltinLeafInfoImpl$UUIDImpl              : loaded 2 times (x 132B)
Class com.sun.xml.bind.v2.model.impl.RuntimeBuiltinLeafInfoImpl$14                    : loaded 2 times (x 132B)
Class com.sun.xml.bind.v2.model.core.RegistryInfo                                     : loaded 2 times (x 66B)
Class com.google.common.util.concurrent.SettableFuture                                : loaded 2 times (x 110B)
Class org.apache.commons.io.filefilter.FileFileFilter                                 : loaded 2 times (x 112B)
Class com.google.common.reflect.Types$ClassOwnership$3                                : loaded 2 times (x 67B)
Class com.intellij.openapi.externalSystem.model.project.IExternalSystemSourceType     : loaded 2 times (x 66B)
Class com.amazon.ion.impl._Private_IonReaderBuilder$Mutable                           : loaded 2 times (x 91B)
Class com.google.common.cache.Weigher                                                 : loaded 2 times (x 66B)
Class org.gradle.api.internal.classpath.UnknownModuleException                        : loaded 2 times (x 78B)
Class org.gradle.tooling.model.Dependency                                             : loaded 2 times (x 66B)
Class com.android.tools.build.jetifier.core.type.TypesMap$Companion                   : loaded 2 times (x 67B)
Class kotlin.jvm.internal.PropertyReference                                           : loaded 2 times (x 111B)
Class android.databinding.internal.org.antlr.v4.runtime.RuleContext                   : loaded 2 times (x 110B)
Class com.sun.xml.bind.v2.model.impl.ClassInfoImpl$SecondaryAnnotation                : loaded 2 times (x 76B)
Class com.sun.xml.bind.v2.model.impl.RuntimeBuiltinLeafInfoImpl$15                    : loaded 2 times (x 132B)
Class com.sun.xml.bind.v2.runtime.AnyTypeBeanInfo                                     : loaded 2 times (x 88B)
Class com.sun.xml.bind.v2.model.core.MaybeElement                                     : loaded 2 times (x 66B)
Class org.gradle.api.JavaVersion                                                      : loaded 2 times (x 75B)
Class com.google.gson.internal.LinkedTreeMap                                          : loaded 2 times (x 119B)
Class com.android.ide.gradle.model.AdditionalClassifierArtifactsModelParameter        : loaded 2 times (x 66B)
Class org.jetbrains.plugins.gradle.tooling.serialization.GradleExtensionsSerializationService: loaded 2 times (x 73B)
Class org.jetbrains.plugins.gradle.tooling.serialization.ProjectDependenciesSerializationService$ReadContext: loaded 2 times (x 68B)
Class org.gradle.internal.impldep.gnu.trove.TObjectIdentityHashingStrategy            : loaded 2 times (x 74B)
Class com.intellij.openapi.externalSystem.model.project.dependencies.ProjectDependencies: loaded 2 times (x 66B)
Class kotlin.sequences.DistinctIterator                                               : loaded 2 times (x 79B)
Class com.google.common.base.Stopwatch                                                : loaded 2 times (x 68B)
Class com.google.common.cache.LocalCache$Strength                                     : loaded 2 times (x 77B)
Class com.google.common.cache.Cache                                                   : loaded 2 times (x 66B)
Class kotlin.collections.IndexingIterator                                             : loaded 2 times (x 75B)
Class android.databinding.internal.org.antlr.v4.runtime.TokenSource                   : loaded 2 times (x 66B)
Class com.sun.xml.bind.v2.model.impl.ReferencePropertyInfoImpl                        : loaded 2 times (x 123B)
Class javax.xml.bind.annotation.XmlTransient                                          : loaded 2 times (x 66B)
Class com.sun.xml.bind.v2.model.impl.AnyTypeImpl                                      : loaded 2 times (x 85B)
Class com.sun.xml.bind.v2.model.impl.RuntimeBuiltinLeafInfoImpl$16                    : loaded 2 times (x 132B)
Class com.sun.xml.bind.v2.runtime.IllegalAnnotationsException                         : loaded 2 times (x 82B)
Class com.google.gson.internal.LinkedTreeMap$1                                        : loaded 2 times (x 87B)
Class com.amazon.ion.impl.bin.PooledBlockAllocatorProvider$PooledBlockAllocator       : loaded 2 times (x 77B)
Class com.amazon.ion.IonTimestamp                                                     : loaded 2 times (x 66B)
Class android.databinding.tool.LibTypes$dataBindingComponent$2                        : loaded 2 times (x 75B)
Class com.google.common.io.AppendableWriter                                           : loaded 2 times (x 96B)
Class com.google.common.io.Files$2                                                    : loaded 2 times (x 72B)
Class com.google.common.util.concurrent.AbstractFuture$Cancellation                   : loaded 2 times (x 68B)
Class com.google.common.base.NullnessCasts                                            : loaded 2 times (x 67B)
Class [Lkotlin.reflect.KAnnotatedElement;                                             : loaded 2 times (x 65B)
Class com.sun.xml.bind.v2.runtime.reflect.Lister$ArrayLister                          : loaded 2 times (x 73B)
Class com.sun.xml.bind.v2.runtime.property.PropertyImpl                               : loaded 2 times (x 98B)
Class com.sun.xml.bind.v2.model.impl.RuntimeBuiltinLeafInfoImpl$17                    : loaded 2 times (x 132B)
Class com.sun.xml.bind.v2.runtime.BridgeContextImpl                                   : loaded 2 times (x 73B)
Class com.sun.xml.bind.v2.runtime.ElementBeanInfoImpl                                 : loaded 2 times (x 85B)
Class com.sun.xml.bind.v2.runtime.BridgeAdapter                                       : loaded 2 times (x 83B)
Class [Lcom.google.gson.ToNumberPolicy;                                               : loaded 2 times (x 65B)
Class com.google.gson.ToNumberPolicy                                                  : loaded 2 times (x 79B)
Class com.amazon.ion.IonBufferConfiguration                                           : loaded 2 times (x 69B)
Class com.amazon.ion.impl.bin.Symbols                                                 : loaded 2 times (x 67B)
Class org.jetbrains.plugins.gradle.tooling.serialization.RepositoriesModelSerializationService: loaded 2 times (x 78B)
Class com.android.ide.gradle.model.artifacts.AdditionalClassifierArtifactsModel       : loaded 2 times (x 66B)
Class org.gradle.tooling.internal.gradle.GradleProjectIdentity                        : loaded 2 times (x 66B)
Class com.google.common.base.Present                                                  : loaded 2 times (x 77B)
Class com.google.common.base.Throwables                                               : loaded 2 times (x 67B)
Class com.google.common.collect.AbstractMapBasedMultimap$WrappedCollection$WrappedIterator: loaded 2 times (x 80B)
Class com.google.common.cache.RemovalListener                                         : loaded 2 times (x 66B)
Class org.gradle.api.internal.DefaultClassPathRegistry                                : loaded 2 times (x 72B)
Class kotlin.jvm.internal.Reflection                                                  : loaded 2 times (x 67B)
Class kotlin.reflect.KProperty                                                        : loaded 2 times (x 66B)
Class com.sun.xml.bind.v2.model.core.PropertyInfo                                     : loaded 2 times (x 66B)
Class com.sun.xml.bind.v2.model.impl.RuntimeBuiltinLeafInfoImpl$18                    : loaded 2 times (x 132B)
Class javax.activation.MimeTypeParseException                                         : loaded 2 times (x 78B)
Class com.sun.xml.bind.WhiteSpaceProcessor                                            : loaded 2 times (x 67B)
Class com.sun.xml.bind.v2.runtime.AttributeAccessor                                   : loaded 2 times (x 66B)
Class com.sun.xml.bind.v2.model.annotation.Locatable                                  : loaded 2 times (x 66B)
Class android.databinding.tool.store.GenClassInfoLog$Companion                        : loaded 2 times (x 67B)
Class com.google.common.collect.Maps$FilteredEntryMap$EntrySet$1                      : loaded 2 times (x 78B)
Class com.google.gson.internal.ConstructorConstructor$11                              : loaded 2 times (x 71B)
Class com.google.common.collect.Collections2$FilteredCollection                       : loaded 2 times (x 115B)
Class com.sun.xml.bind.v2.model.impl.RuntimeArrayInfoImpl                             : loaded 2 times (x 103B)
Class javax.xml.bind.annotation.XmlID                                                 : loaded 2 times (x 66B)
Class com.sun.xml.bind.v2.util.CollisionCheckStack                                    : loaded 2 times (x 195B)
Class [Lcom.amazon.ion.impl.bin.AbstractIonWriter$WriteValueOptimization;             : loaded 2 times (x 65B)
Class org.jetbrains.plugins.gradle.tooling.serialization.RepositoriesModelSerializationService$ReadContext: loaded 2 times (x 68B)
Class com.android.builder.model.v2.ide.JavaArtifact                                   : loaded 2 times (x 66B)
Class com.google.common.reflect.Invokable$ConstructorInvokable                        : loaded 2 times (x 103B)
Class org.gradle.api.internal.ClassPathRegistry                                       : loaded 2 times (x 66B)
Class org.gradle.internal.classpath.DefaultClassPath$ImmutableUniqueList              : loaded 2 times (x 195B)
Class android.databinding.internal.org.antlr.v4.runtime.ANTLRErrorListener            : loaded 2 times (x 66B)
Class com.sun.xml.bind.v2.runtime.unmarshaller.DefaultIDResolver                      : loaded 2 times (x 72B)
Class com.sun.xml.bind.v2.runtime.unmarshaller.XmlVisitor$TextPredictor               : loaded 2 times (x 66B)
Class javax.xml.bind.annotation.XmlRegistry                                           : loaded 2 times (x 66B)
Class com.sun.xml.bind.v2.model.impl.RuntimeBuiltinLeafInfoImpl$19                    : loaded 2 times (x 132B)
Class android.databinding.tool.store.GenClassInfoLog$GenClassImpl                     : loaded 2 times (x 68B)
Class com.android.tools.build.jetifier.core.proguard.ProGuardTypesMap$JsonData        : loaded 2 times (x 68B)
Class com.google.gson.internal.ConstructorConstructor$9                               : loaded 2 times (x 72B)
Class android.databinding.tool.util.Preconditions                                     : loaded 2 times (x 67B)
Class com.google.common.cache.LocalCache$Strength$1                                   : loaded 2 times (x 77B)
Class jdk.internal.jimage.decompressor.ResourceDecompressor                           : loaded 2 times (x 66B)
Class com.amazon.ion.impl.bin.IonManagedBinaryWriter$UserState                        : loaded 2 times (x 81B)
Class com.amazon.ion.impl._Private_IonWriter                                          : loaded 2 times (x 66B)
Class com.amazon.ion.impl.bin._Private_IonManagedBinaryWriterBuilder                  : loaded 2 times (x 68B)
Class org.jetbrains.plugins.gradle.tooling.serialization.internal.adapter.InternalBuildIdentifier: loaded 2 times (x 71B)
Class com.intellij.gradle.toolingExtension.impl.model.projectModel.GradleExternalProjectSerializationService$WriteContext: loaded 2 times (x 69B)
Class kotlin.collections.IntIterator                                                  : loaded 2 times (x 78B)
Class com.google.common.collect.MapMakerInternalMap$Segment                           : loaded 2 times (x 138B)
Class com.google.common.reflect.TypeToken                                             : loaded 2 times (x 69B)
Class com.google.common.base.ExtraObjectsMethodsForWeb                                : loaded 2 times (x 67B)
Class com.google.gson.internal.ConstructorConstructor$13                              : loaded 2 times (x 71B)
Class org.objectweb.asm.ModuleVisitor                                                 : loaded 2 times (x 77B)
Class android.databinding.tool.util.StringUtils                                       : loaded 2 times (x 67B)
Class com.sun.xml.bind.v2.runtime.reflect.Lister$CollectionLister                     : loaded 2 times (x 73B)
Class javax.xml.bind.annotation.XmlAccessOrder                                        : loaded 2 times (x 75B)
Class com.sun.xml.bind.v2.model.impl.RuntimeAnyTypeImpl                               : loaded 2 times (x 90B)
Class com.sun.xml.bind.v2.model.nav.Navigator                                         : loaded 2 times (x 66B)
Class com.google.common.reflect.TypeResolver                                          : loaded 2 times (x 68B)
Class com.google.gson.internal.bind.ArrayTypeAdapter$1                                : loaded 2 times (x 71B)
Class com.google.gson.internal.bind.JsonTreeWriter                                    : loaded 2 times (x 94B)
Class android.databinding.tool.LibTypes$listClassNames$2                              : loaded 2 times (x 75B)
Class android.databinding.tool.LibTypes$Companion                                     : loaded 2 times (x 67B)
Class kotlin.text.StringsKt__StringsKt$splitToSequence$2                              : loaded 2 times (x 75B)
Class com.google.common.reflect.Types$ClassOwnership$2                                : loaded 2 times (x 76B)
Class com.google.common.io.ByteArrayDataInput                                         : loaded 2 times (x 66B)
Class [Lcom.amazon.ion.SymbolToken;                                                   : loaded 2 times (x 65B)
Class com.android.builder.model.v2.dsl.SigningConfig                                  : loaded 2 times (x 66B)
Class com.android.builder.model.v2.models.AndroidProject                              : loaded 2 times (x 66B)
Class com.android.builder.model.v2.AndroidModel                                       : loaded 2 times (x 66B)
Class com.google.common.collect.MapMakerInternalMap$StrongValueEntry                  : loaded 2 times (x 66B)
Class com.google.common.io.ByteSink                                                   : loaded 2 times (x 72B)
Class com.google.common.cache.CacheBuilder                                            : loaded 2 times (x 68B)
Class Settings_gradle$1                                                               : loaded 2 times (x 70B)
Class org.gradle.internal.classpath.ClassPath                                         : loaded 2 times (x 66B)
Class org.jetbrains.plugins.gradle.model.ClasspathEntryModel                          : loaded 2 times (x 66B)
Class org.jetbrains.kotlin.idea.gradleTooling.KotlinDslScriptAdditionalTask           : loaded 2 times (x 66B)
Class javax.xml.bind.annotation.XmlElementWrapper                                     : loaded 2 times (x 66B)
Class javax.xml.bind.annotation.adapters.XmlJavaTypeAdapter                           : loaded 2 times (x 66B)
Class com.sun.xml.bind.v2.model.annotation.AnnotationSource                           : loaded 2 times (x 66B)
Class org.jetbrains.kotlin.idea.gradleTooling.model.kapt.KaptGradleModel              : loaded 2 times (x 66B)
Class org.jetbrains.plugins.gradle.model.ExternalProjectDependency                    : loaded 2 times (x 66B)
Class org.jetbrains.plugins.gradle.tooling.serialization.KotlinDslScriptsModelSerializationService: loaded 2 times (x 77B)
Class kotlin.collections.ArrayDeque                                                   : loaded 2 times (x 203B)
Class com.google.common.collect.Interners$InternerBuilder                             : loaded 2 times (x 72B)
Class [Lcom.google.common.reflect.Types$JavaVersion;                                  : loaded 2 times (x 65B)
Class com.google.common.io.Files$FileByteSource                                       : loaded 2 times (x 81B)
Class com.android.tools.build.jetifier.core.PackageMap$PackageRule$JsonData           : loaded 2 times (x 68B)
Class [Lkotlin.reflect.KDeclarationContainer;                                         : loaded 2 times (x 65B)
Class com.sun.xml.bind.annotation.OverrideAnnotationOf                                : loaded 2 times (x 66B)
Class com.sun.xml.bind.v2.model.impl.RuntimeValuePropertyInfoImpl                     : loaded 2 times (x 131B)
Class com.google.gson.internal.$Gson$Types$GenericArrayTypeImpl                       : loaded 2 times (x 75B)
Class org.gradle.internal.impldep.gnu.trove.PrimeFinder                               : loaded 2 times (x 67B)
Class android.databinding.tool.LibTypes$nonNull$2                                     : loaded 2 times (x 75B)
Class android.databinding.tool.writer.JavaFileWriter                                  : loaded 2 times (x 70B)
Class [Lorg.apache.commons.io.IOCase;                                                 : loaded 2 times (x 65B)
Class com.amazon.ion.impl.bin.IonRawBinaryWriter$PatchList$Node                       : loaded 2 times (x 68B)
Class com.amazon.ion.system.IonSystemBuilder$Mutable                                  : loaded 2 times (x 71B)
Class com.amazon.ion.impl.bin.IonManagedBinaryWriter$SymbolResolverBuilder            : loaded 2 times (x 66B)
Class org.jetbrains.plugins.gradle.tooling.serialization.ExternalTestsSerializationService$WriteContext: loaded 2 times (x 68B)
Class org.jetbrains.kotlin.idea.gradleTooling.KotlinGradleModel                       : loaded 2 times (x 66B)
Class com.google.common.io.CharStreams$NullWriter                                     : loaded 2 times (x 95B)
Class org.objectweb.asm.SymbolTable$Entry                                             : loaded 2 times (x 70B)
Class com.google.common.util.concurrent.AbstractFuture$AtomicHelper                   : loaded 2 times (x 74B)
Class com.sun.xml.bind.v2.runtime.JAXBContextImpl$JAXBContextBuilder                  : loaded 2 times (x 82B)
Class com.google.gson.internal.ConstructorConstructor$16                              : loaded 2 times (x 71B)
Class com.sun.xml.bind.v2.runtime.property.SingleElementLeafProperty                  : loaded 2 times (x 98B)
Class com.sun.xml.bind.api.impl.NameConverter$Standard                                : loaded 2 times (x 89B)
Class com.sun.xml.bind.v2.model.annotation.Init                                       : loaded 2 times (x 67B)
Class com.sun.xml.bind.v2.model.annotation.XmlSchemaQuick                             : loaded 2 times (x 91B)
Class com.google.gson.internal.bind.ReflectiveTypeAdapterFactory                      : loaded 2 times (x 71B)
Class com.google.gson.internal.sql.SqlTimestampTypeAdapter                            : loaded 2 times (x 72B)
Class android.databinding.tool.LibTypes$observableList$2                              : loaded 2 times (x 75B)
Class com.amazon.ion.impl.bin.IonManagedBinaryWriter$LocalSymbolTableView             : loaded 2 times (x 103B)
Class com.android.ide.gradle.model.ArtifactIdentifier                                 : loaded 2 times (x 66B)
Class com.android.builder.model.v2.ide.Variant                                        : loaded 2 times (x 66B)
Class org.gradle.tooling.model.Model                                                  : loaded 2 times (x 66B)
Class org.objectweb.asm.Edge                                                          : loaded 2 times (x 68B)
Class com.google.common.base.Suppliers$SupplierOfInstance                             : loaded 2 times (x 75B)
Class com.sun.xml.bind.v2.runtime.property.ArrayReferenceNodeProperty$MixedTextLoader : loaded 2 times (x 74B)
Class com.sun.xml.bind.v2.runtime.unmarshaller.XsiNilLoader$Array                     : loaded 2 times (x 76B)
Class com.sun.xml.bind.AccessorFactory                                                : loaded 2 times (x 66B)
Class com.sun.xml.bind.annotation.XmlLocation                                         : loaded 2 times (x 66B)
Class com.google.gson.internal.sql.SqlDateTypeAdapter$1                               : loaded 2 times (x 71B)
Class org.gradle.internal.service.UnknownServiceException                             : loaded 2 times (x 79B)
Class com.google.common.base.AbstractIterator$State                                   : loaded 2 times (x 75B)
Class com.amazon.ion.impl.bin.IonRawBinaryWriter$PatchList                            : loaded 2 times (x 81B)
Class com.amazon.ion.UnknownSymbolException                                           : loaded 2 times (x 82B)
Class com.android.ide.gradle.model.composites.BuildMap                                : loaded 2 times (x 66B)
Class com.google.common.cache.LocalCache$LocalLoadingCache                            : loaded 2 times (x 130B)
Class kotlin.text.MatchResult$Destructured                                            : loaded 2 times (x 68B)
Class com.google.common.reflect.TypeToken$1                                           : loaded 2 times (x 106B)
Class com.google.common.cache.LocalCache$ComputingValueReference                      : loaded 2 times (x 92B)
Class com.google.common.util.concurrent.AbstractFuture$SafeAtomicHelper               : loaded 2 times (x 75B)
Class kotlin.reflect.KProperty$Getter                                                 : loaded 2 times (x 66B)
Class com.sun.xml.bind.v2.model.nav.ReflectionNavigator$BinderArg                     : loaded 2 times (x 69B)
Class com.sun.xml.bind.v2.model.annotation.SecureLoader                               : loaded 2 times (x 67B)
Class com.sun.xml.bind.v2.model.impl.PropertyInfoImpl                                 : loaded 2 times (x 104B)
Class com.sun.xml.bind.v2.runtime.output.Pcdata                                       : loaded 2 times (x 84B)
Class com.sun.xml.bind.v2.util.QNameMap                                               : loaded 2 times (x 68B)
Class com.sun.xml.bind.v2.runtime.JAXBContextImpl                                     : loaded 2 times (x 86B)
Class com.google.gson.internal.ConstructorConstructor$18                              : loaded 2 times (x 71B)
Class [Lorg.objectweb.asm.AnnotationVisitor;                                          : loaded 2 times (x 65B)
Class org.jetbrains.plugins.gradle.model.IntelliJProjectSettings                      : loaded 2 times (x 66B)
Class org.jetbrains.kotlin.idea.gradleTooling.model.annotation.AnnotationBasedPluginModel: loaded 2 times (x 66B)
Class com.android.builder.model.v2.ide.Library                                        : loaded 2 times (x 66B)
Class com.android.builder.model.v2.ide.ArtifactDependenciesAdjacencyList              : loaded 2 times (x 66B)
Class com.android.builder.model.v2.models.Versions                                    : loaded 2 times (x 66B)
Class org.gradle.tooling.internal.adapter.ProtocolToModelAdapter$MethodInvocationCache: loaded 2 times (x 69B)
Class com.google.common.collect.AbstractMapBasedMultimap$AsMap$AsMapEntries           : loaded 2 times (x 134B)
Class com.google.common.reflect.TypeToken$2                                           : loaded 2 times (x 106B)
Class com.google.common.cache.LocalCache$Segment                                      : loaded 2 times (x 150B)
Class com.google.common.reflect.Types$ClassOwnership$1                                : loaded 2 times (x 76B)
Class javax.xml.bind.annotation.XmlAnyAttribute                                       : loaded 2 times (x 66B)
Class com.sun.xml.bind.v2.model.impl.ValuePropertyInfoImpl                            : loaded 2 times (x 116B)
Class com.google.common.collect.MapMakerInternalMap$Strength$2                        : loaded 2 times (x 76B)
Class kotlin.collections.CollectionsKt___CollectionsKt$asSequence$$inlined$Sequence$1 : loaded 2 times (x 71B)
Class com.google.gson.internal.ConstructorConstructor$19                              : loaded 2 times (x 72B)
Class com.google.gson.internal.bind.ReflectiveTypeAdapterFactory$Adapter              : loaded 2 times (x 73B)
Class com.google.gson.internal.bind.TypeAdapters$10                                   : loaded 2 times (x 71B)
Class org.jetbrains.plugins.gradle.model.ExternalDependency                           : loaded 2 times (x 66B)
Class com.intellij.util.containers.IntObjectHashMap                                   : loaded 2 times (x 68B)
Class org.gradle.internal.impldep.gnu.trove.TObjectHash$NULL                          : loaded 2 times (x 67B)
Class com.android.builder.model.v2.models.ndk.NativeModule                            : loaded 2 times (x 66B)
Class [Lorg.objectweb.asm.SymbolTable$Entry;                                          : loaded 2 times (x 65B)
Class com.google.common.cache.CacheLoader                                             : loaded 2 times (x 70B)
Class com.google.common.collect.AbstractListMultimap                                  : loaded 2 times (x 168B)
Class org.gradle.internal.installation.GradleInstallation$1                           : loaded 2 times (x 71B)
Class org.gradle.api.internal.classpath.ModuleRegistry                                : loaded 2 times (x 66B)
Class com.android.tools.build.jetifier.core.type.TypesMap                             : loaded 2 times (x 68B)
Class com.sun.xml.bind.v2.runtime.output.UTF8XmlOutput                                : loaded 2 times (x 96B)
Class [Lcom.sun.xml.bind.v2.model.impl.ClassInfoImpl$SecondaryAnnotation;             : loaded 2 times (x 65B)
Class com.sun.xml.bind.v2.model.core.TypeInfoSet                                      : loaded 2 times (x 66B)
Class com.sun.xml.bind.api.BridgeContext                                              : loaded 2 times (x 72B)
Class com.amazon.ion.impl.lite.IonBoolLite                                            : loaded 2 times (x 174B)
Class com.google.gson.internal.LinkedTreeMap$Node                                     : loaded 2 times (x 75B)
Class com.google.gson.internal.bind.TypeAdapters$11                                   : loaded 2 times (x 71B)
Class [Lcom.google.gson.FieldNamingPolicy;                                            : loaded 2 times (x 65B)
Class jdk.internal.jimage.decompressor.ResourceDecompressorFactory                    : loaded 2 times (x 70B)
Class com.amazon.ion.impl.bin.IonManagedBinaryWriter$SymbolState$1                    : loaded 2 times (x 76B)
Class com.amazon.ion.impl.LocalSymbolTableAsStruct$Factory                            : loaded 2 times (x 75B)
Class [Lcom.amazon.ion.IonType;                                                       : loaded 2 times (x 65B)
Class com.intellij.gradle.toolingExtension.impl.model.sourceSetDependencyModel.GradleSourceSetDependencySerialisationService$SourceSetDependencyModelReadContext: loaded 2 times (x 68B)
Class com.intellij.gradle.toolingExtension.impl.model.dependencyModel.DependencyReadContext: loaded 2 times (x 68B)
Class org.jetbrains.plugins.gradle.model.VersionCatalogsModel                         : loaded 2 times (x 66B)
Class com.intellij.gradle.toolingExtension.impl.model.taskIndex.GradleTaskRequest     : loaded 2 times (x 66B)
Class com.android.builder.model.v2.ide.PrivacySandboxSdkInfo                          : loaded 2 times (x 66B)
Class com.android.ide.common.repository.AgpVersion$PreviewKind$Companion              : loaded 2 times (x 67B)
Class org.gradle.tooling.internal.adapter.ObjectGraphAdapter                          : loaded 2 times (x 66B)
Class com.google.common.util.concurrent.internal.InternalFutureFailureAccess          : loaded 2 times (x 68B)
Class com.google.common.collect.ImmutableSet$JdkBackedSetBuilderImpl                  : loaded 2 times (x 72B)
Class com.google.common.base.Splitter$SplittingIterator                               : loaded 2 times (x 80B)
Class android.databinding.tool.ext.Collection_extKt$joinToCamelCase$1                 : loaded 2 times (x 121B)
Class com.sun.xml.bind.v2.runtime.output.XmlOutput                                    : loaded 2 times (x 66B)
Class com.sun.xml.bind.v2.model.runtime.RuntimeReferencePropertyInfo                  : loaded 2 times (x 66B)
Class javax.xml.bind.annotation.XmlRootElement                                        : loaded 2 times (x 66B)
Class com.sun.xml.bind.v2.model.core.Ref                                              : loaded 2 times (x 68B)
Class com.sun.xml.bind.v2.model.runtime.RuntimeElementInfo                            : loaded 2 times (x 66B)
Class com.sun.xml.bind.v2.model.impl.RuntimeModelBuilder                              : loaded 2 times (x 96B)
Class com.sun.xml.bind.v2.runtime.JAXBContextImpl$6                                   : loaded 2 times (x 87B)
Class com.google.gson.internal.bind.TypeAdapters$12                                   : loaded 2 times (x 71B)
Class [Lcom.google.gson.ToNumberStrategy;                                             : loaded 2 times (x 65B)
Class org.jetbrains.plugins.gradle.model.ProjectImportModelProvider                   : loaded 2 times (x 66B)
Class com.amazon.ion.impl.bin.IonManagedBinaryWriter$SymbolState$2                    : loaded 2 times (x 76B)
Class com.amazon.ion.IonNull                                                          : loaded 2 times (x 66B)
Class com.sun.xml.bind.v2.model.runtime.RuntimeTypeRef                                : loaded 2 times (x 66B)
Class com.android.builder.model.v2.ide.Installation                                   : loaded 2 times (x 66B)
Class com.google.common.collect.ImmutableSortedAsList                                 : loaded 2 times (x 217B)
Class kotlin.text.RegexKt                                                             : loaded 2 times (x 67B)
Class kotlin.coroutines.intrinsics.IntrinsicsKt__IntrinsicsKt                         : loaded 2 times (x 67B)
Class com.google.common.io.Closer$SuppressingSuppressor                               : loaded 2 times (x 71B)
Class com.google.common.util.concurrent.AbstractFuture$UnsafeAtomicHelper             : loaded 2 times (x 74B)
Class com.google.common.cache.LocalCache$LocalManualCache$1                           : loaded 2 times (x 71B)
Class com.sun.xml.bind.v2.runtime.property.SingleMapNodeProperty                      : loaded 2 times (x 98B)
Class com.android.tools.build.jetifier.core.pom.PomDependency                         : loaded 2 times (x 68B)
Class com.sun.xml.bind.v2.runtime.unmarshaller.UnmarshallingContext                   : loaded 2 times (x 99B)
Class com.sun.xml.bind.v2.runtime.LifecycleMethods                                    : loaded 2 times (x 68B)
Class com.sun.xml.bind.v2.model.annotation.MethodLocatable                            : loaded 2 times (x 74B)
Class com.sun.xml.bind.v2.model.runtime.RuntimeMapPropertyInfo                        : loaded 2 times (x 66B)
Class com.sun.xml.bind.v2.model.nav.TypeVisitor                                       : loaded 2 times (x 72B)
Class org.gradle.api.internal.ClassPathProvider                                       : loaded 2 times (x 66B)
Class [Lorg.gradle.api.internal.ClassPathProvider;                                    : loaded 2 times (x 65B)
Class com.google.gson.internal.bind.DateTypeAdapter$1                                 : loaded 2 times (x 71B)
Class com.google.gson.internal.bind.TypeAdapters$13                                   : loaded 2 times (x 71B)
Class com.google.common.collect.MapMakerInternalMap$Strength$1                        : loaded 2 times (x 76B)
Class com.amazon.ion.impl.bin.IonRawBinaryWriter$ContainerInfo                        : loaded 2 times (x 72B)
Class com.amazon.ion.impl.bin.IonManagedBinaryWriter$SymbolState$3                    : loaded 2 times (x 76B)
Class com.amazon.ion.impl.bin.IonRawBinaryWriter$StreamFlushMode                      : loaded 2 times (x 75B)
Class com.amazon.ion.IonBinaryWriter                                                  : loaded 2 times (x 66B)
Class com.intellij.gradle.toolingExtension.impl.model.sourceSetArtifactIndex.GradleSourceSetArtifactBuildRequest: loaded 2 times (x 66B)
Class org.gradle.tooling.ToolingModelContract                                         : loaded 2 times (x 66B)
Class com.android.builder.model.v2.models.ModelBuilderParameter                       : loaded 2 times (x 66B)
Class com.google.common.collect.Lists$TransformingRandomAccessList                    : loaded 2 times (x 195B)
Class org.gradle.api.internal.classpath.DefaultModuleRegistry                         : loaded 2 times (x 82B)
Class kotlin.sequences.SequenceScope                                                  : loaded 2 times (x 69B)
Class kotlin.collections.IndexedValue                                                 : loaded 2 times (x 68B)
Class com.squareup.javapoet.TypeName                                                  : loaded 2 times (x 77B)
Class javax.xml.bind.Unmarshaller                                                     : loaded 2 times (x 66B)
Class com.android.builder.model.v2.models.BasicAndroidProject                         : loaded 2 times (x 66B)
Class kotlin.text.MatchResult                                                         : loaded 2 times (x 66B)
Class com.google.common.collect.NaturalOrdering                                       : loaded 2 times (x 111B)
Class com.google.gson.internal.bind.NumberTypeAdapter$1                               : loaded 2 times (x 72B)
Class com.google.gson.internal.bind.TypeAdapters$1                                    : loaded 2 times (x 71B)
Class com.google.gson.internal.bind.TypeAdapters$14                                   : loaded 2 times (x 71B)
Class com.amazon.ion.SymbolToken                                                      : loaded 2 times (x 66B)
Class com.amazon.ion.impl.bin.IonRawBinaryWriter                                      : loaded 2 times (x 165B)
Class com.amazon.ion.impl.bin.IonManagedBinaryWriter$SymbolState$4                    : loaded 2 times (x 76B)
Class org.jetbrains.plugins.gradle.tooling.serialization.internal.IdeaProjectSerializationService$WriteContext$1: loaded 2 times (x 79B)
Class org.jetbrains.plugins.gradle.model.ExternalProject                              : loaded 2 times (x 66B)
Class com.google.common.util.concurrent.ListenableFuture                              : loaded 2 times (x 66B)
Class com.google.common.cache.ReferenceEntry                                          : loaded 2 times (x 66B)
Class com.google.common.base.CharMatcher$Any                                          : loaded 2 times (x 108B)
Class jdk.internal.jimage.BasicImageReader$2                                          : loaded 2 times (x 73B)
Class com.sun.xml.bind.v2.runtime.Coordinator                                         : loaded 2 times (x 79B)
Class javax.xml.bind.ValidationEventHandler                                           : loaded 2 times (x 66B)
Class com.sun.xml.bind.v2.model.annotation.XmlRootElementQuick                        : loaded 2 times (x 88B)
Class com.sun.xml.bind.v2.runtime.NameBuilder                                         : loaded 2 times (x 68B)
Class com.amazon.ion.impl.SharedSymbolTable                                           : loaded 2 times (x 89B)
Class com.google.gson.FieldNamingStrategy                                             : loaded 2 times (x 66B)
Class com.google.gson.internal.bind.TypeAdapters$2                                    : loaded 2 times (x 71B)
Class com.google.gson.internal.bind.TypeAdapters$15                                   : loaded 2 times (x 71B)
Class com.google.gson.internal.sql.SqlTypesSupport$1                                  : loaded 2 times (x 70B)
Class com.google.gson.JsonArray                                                       : loaded 2 times (x 96B)
Class com.amazon.ion.impl.bin.utf8.Pool                                               : loaded 2 times (x 70B)
Class com.amazon.ion.impl._Private_SymtabExtendsCache                                 : loaded 2 times (x 68B)
Class org.jetbrains.plugins.gradle.tooling.serialization.internal.IdeaProjectSerializationService$WriteContext$2: loaded 2 times (x 79B)
Class [Lcom.android.builder.model.v2.ide.CodeShrinker;                                : loaded 2 times (x 65B)
Class com.google.common.util.concurrent.AbstractFuture                                : loaded 2 times (x 102B)
Class com.google.common.base.FunctionalEquivalence                                    : loaded 2 times (x 79B)
Class com.google.common.collect.AbstractMapBasedMultimap                              : loaded 2 times (x 135B)
Class com.sun.xml.bind.v2.runtime.unmarshaller.IntData                                : loaded 2 times (x 85B)
Class android.databinding.tool.store.ResourceBundle$BindingTargetBundle$BindingBundle : loaded 2 times (x 78B)
Class javax.xml.bind.annotation.XmlSeeAlso                                            : loaded 2 times (x 66B)
Class com.sun.xml.bind.v2.model.core.PropertyKind                                     : loaded 2 times (x 75B)
Class [Lcom.sun.xml.bind.v2.model.impl.ClassInfoImpl$PropertyGroup;                   : loaded 2 times (x 65B)
Class com.sun.xml.bind.v2.runtime.unmarshaller.Receiver                               : loaded 2 times (x 66B)
Class [Lcom.sun.xml.bind.v2.model.annotation.Quick;                                   : loaded 2 times (x 65B)
Class com.sun.xml.bind.v2.runtime.JAXBContextImpl$5                                   : loaded 2 times (x 70B)
Class com.google.gson.internal.bind.TypeAdapters$16                                   : loaded 2 times (x 71B)
Class com.google.gson.internal.bind.TypeAdapters$3                                    : loaded 2 times (x 71B)
Class com.google.gson.internal.sql.SqlTypesSupport$2                                  : loaded 2 times (x 70B)
Class kotlin.LazyKt__LazyJVMKt                                                        : loaded 2 times (x 67B)
Class com.amazon.ion.impl._Private_IonSymbol                                          : loaded 2 times (x 66B)
Class com.amazon.ion.impl.lite.IonValueLite                                           : loaded 2 times (x 143B)
Class com.amazon.ion.IonContainer                                                     : loaded 2 times (x 66B)
Class com.amazon.ion.impl.bin.PooledBlockAllocatorProvider                            : loaded 2 times (x 69B)
Class org.jetbrains.plugins.gradle.tooling.serialization.AnnotationProcessingModelSerializationService$ReadContext: loaded 2 times (x 68B)
Class org.jetbrains.plugins.gradle.tooling.serialization.internal.IdeaProjectSerializationService$WriteContext$3: loaded 2 times (x 79B)
Class com.android.ide.gradle.model.artifacts.AdditionalClassifierArtifacts            : loaded 2 times (x 66B)
Class org.gradle.util.internal.DefaultGradleVersion$Stage                             : loaded 2 times (x 71B)
Class kotlin.coroutines.jvm.internal.RestrictedContinuationImpl                       : loaded 2 times (x 83B)
Class com.google.common.io.CharStreams                                                : loaded 2 times (x 67B)
Class com.google.common.reflect.TypeResolver$TypeTable                                : loaded 2 times (x 69B)
Class org.objectweb.asm.RecordComponentVisitor                                        : loaded 2 times (x 73B)
Class com.google.common.cache.CacheLoader$SupplierToCacheLoader                       : loaded 2 times (x 71B)
Class com.sun.xml.bind.v2.model.runtime.RuntimeValuePropertyInfo                      : loaded 2 times (x 66B)
Class com.sun.xml.bind.v2.model.impl.ClassInfoImpl$PropertyGroup                      : loaded 2 times (x 75B)
Class com.sun.xml.bind.v2.runtime.unmarshaller.SAXConnector$TagNameImpl               : loaded 2 times (x 71B)
Class javax.xml.bind.JAXBElement                                                      : loaded 2 times (x 77B)
Class javax.xml.bind.annotation.XmlAccessorOrder                                      : loaded 2 times (x 66B)
Class android.databinding.tool.processing.scopes.FileScopeProvider                    : loaded 2 times (x 66B)
Class org.apache.commons.io.file.AccumulatorPathVisitor                               : loaded 2 times (x 91B)
Class com.sun.xml.bind.v2.model.core.ID                                               : loaded 2 times (x 75B)
Class com.google.gson.internal.bind.TypeAdapters$17                                   : loaded 2 times (x 71B)
Class com.google.gson.internal.bind.TypeAdapters$4                                    : loaded 2 times (x 71B)
Class android.databinding.internal.org.antlr.v4.runtime.tree.RuleNode                 : loaded 2 times (x 66B)
Class com.sun.xml.bind.v2.runtime.property.ArrayProperty                              : loaded 2 times (x 98B)
Class com.sun.xml.bind.v2.runtime.property.PropertyFactory$1                          : loaded 2 times (x 67B)
Class org.jetbrains.kotlin.idea.gradleTooling.AndroidAwareGradleModelProvider         : loaded 2 times (x 79B)
Class org.jetbrains.plugins.gradle.tooling.serialization.internal.IdeaProjectSerializationService$WriteContext$4: loaded 2 times (x 79B)
Class com.intellij.gradle.toolingExtension.impl.model.sourceSetDependencyModel.GradleSourceSetDependencySerialisationService$Companion: loaded 2 times (x 67B)
Class com.google.common.collect.UsingToStringOrdering                                 : loaded 2 times (x 110B)
Class kotlin.text.MatchNamedGroupCollection                                           : loaded 2 times (x 66B)
Class kotlin.jvm.internal.markers.KMutableList                                        : loaded 2 times (x 66B)
Class org.gradle.internal.time.MonotonicClock                                         : loaded 2 times (x 73B)
Class com.google.common.reflect.TypeResolver$TypeTable$1                              : loaded 2 times (x 69B)
Class org.gradle.internal.service.ServiceLookupException                              : loaded 2 times (x 78B)
Class android.databinding.internal.org.antlr.v4.runtime.CharStream                    : loaded 2 times (x 66B)
Class com.squareup.javapoet.LineWrapper                                               : loaded 2 times (x 68B)
Class com.sun.xml.bind.v2.runtime.reflect.PrimitiveArrayListerCharacter               : loaded 2 times (x 72B)
Class com.sun.xml.bind.v2.runtime.reflect.Lister$IDREFS                               : loaded 2 times (x 73B)
Class com.sun.xml.bind.v2.model.core.TypeRef                                          : loaded 2 times (x 66B)
Class com.sun.xml.bind.v2.model.impl.FieldPropertySeed                                : loaded 2 times (x 86B)
Class org.gradle.api.internal.DefaultClassPathProvider                                : loaded 2 times (x 72B)
Class com.sun.xml.bind.v2.runtime.ArrayBeanInfoImpl                                   : loaded 2 times (x 85B)
Class com.google.gson.annotations.JsonAdapter                                         : loaded 2 times (x 66B)
Class com.google.gson.internal.bind.SerializationDelegatingTypeAdapter                : loaded 2 times (x 70B)
Class com.google.gson.internal.bind.TypeAdapters$18                                   : loaded 2 times (x 71B)
Class com.google.gson.internal.bind.TypeAdapters$5                                    : loaded 2 times (x 71B)
Class com.amazon.ion.BufferConfiguration$Builder                                      : loaded 2 times (x 74B)
Class org.jetbrains.plugins.gradle.tooling.serialization.internal.IdeaProjectSerializationService$WriteContext$5: loaded 2 times (x 79B)
Class com.intellij.gradle.toolingExtension.impl.model.sourceSetDependencyModel.GradleSourceSetDependencySerialisationService$SourceSetDependencyModelWriteContext: loaded 2 times (x 68B)
Class [Lkotlin.sequences.Sequence;                                                    : loaded 2 times (x 65B)
Class kotlin.sequences.SequencesKt___SequencesKt$sortedWith$1                         : loaded 2 times (x 71B)
Class com.google.common.collect.Lists$ReverseList                                     : loaded 2 times (x 196B)
Class com.google.common.primitives.Booleans                                           : loaded 2 times (x 67B)
Class com.google.common.base.Splitter                                                 : loaded 2 times (x 68B)
Class [Lcom.google.common.cache.LocalCache$EntryFactory;                              : loaded 2 times (x 65B)
Class com.google.common.base.CharMatcher$JavaLetter                                   : loaded 2 times (x 107B)
Class org.gradle.internal.classloader.ClassLoaderFactory                              : loaded 2 times (x 66B)
Class org.objectweb.asm.AnnotationVisitor                                             : loaded 2 times (x 74B)
Class com.sun.xml.bind.v2.runtime.reflect.PrimitiveArrayListerByte                    : loaded 2 times (x 72B)
Class com.sun.xml.bind.v2.runtime.property.SingleReferenceNodeProperty$1              : loaded 2 times (x 81B)
Class com.sun.xml.bind.v2.runtime.unmarshaller.XsiNilLoader                           : loaded 2 times (x 76B)
Class javax.xml.bind.MarshalException                                                 : loaded 2 times (x 81B)
Class com.google.common.collect.Iterators$EmptyModifiableIterator                     : loaded 2 times (x 82B)
Class [Lorg.apache.commons.io.FileSystem;                                             : loaded 2 times (x 65B)
Class com.google.common.collect.ComparatorOrdering                                    : loaded 2 times (x 111B)
Class com.google.gson.internal.bind.ReflectiveTypeAdapterFactory$FieldReflectionAdapter: loaded 2 times (x 73B)
Class com.google.gson.internal.bind.TypeAdapters$19                                   : loaded 2 times (x 71B)
Class com.google.gson.internal.bind.TypeAdapters$6                                    : loaded 2 times (x 71B)
Class com.amazon.ion.impl.bin.IntList                                                 : loaded 2 times (x 73B)
Class com.amazon.ion.impl.lite._Private_LiteDomTrampoline                             : loaded 2 times (x 67B)
Class com.amazon.ion.IonType                                                          : loaded 2 times (x 75B)
Class org.jetbrains.plugins.gradle.tooling.serialization.internal.IdeaProjectSerializationService$WriteContext$6: loaded 2 times (x 79B)
Class org.jetbrains.plugins.gradle.tooling.util.IntObjectMap                          : loaded 2 times (x 69B)
Class com.android.ide.common.gradle.Numeric                                           : loaded 2 times (x 73B)
Class kotlin.jvm.internal.ArrayIteratorKt                                             : loaded 2 times (x 67B)
Class com.android.builder.model.v2.ide.LibraryInfo                                    : loaded 2 times (x 66B)
Class com.google.common.cache.LocalCache$LocalManualCache                             : loaded 2 times (x 95B)
Class org.gradle.internal.service.CachingServiceLocator                               : loaded 2 times (x 78B)
Class org.jetbrains.kotlin.idea.gradleTooling.model.allopen.AllOpenModel              : loaded 2 times (x 66B)
Class org.apache.commons.io.filefilter.ConditionalFileFilter                          : loaded 2 times (x 66B)
Class com.google.gson.internal.$Gson$Preconditions                                    : loaded 2 times (x 67B)
Class com.google.gson.annotations.SerializedName                                      : loaded 2 times (x 66B)
Class com.google.gson.internal.bind.TypeAdapters$7                                    : loaded 2 times (x 71B)
Class com.amazon.ion.impl.lite.ValueFactoryLite                                       : loaded 2 times (x 214B)
Class org.jetbrains.plugins.gradle.tooling.serialization.internal.IdeaProjectSerializationService$WriteContext$7: loaded 2 times (x 79B)
Class org.jetbrains.plugins.gradle.model.RepositoryModels                             : loaded 2 times (x 66B)
Class org.gradle.internal.impldep.gnu.trove.TObjectIntHashMap                         : loaded 2 times (x 105B)
Class kotlin.collections.AbstractList$SubList                                         : loaded 2 times (x 194B)
Class com.google.common.collect.Streams                                               : loaded 2 times (x 67B)
Class com.google.common.collect.AbstractMapBasedMultimap$KeySet                       : loaded 2 times (x 133B)
Class com.google.common.math.IntMath                                                  : loaded 2 times (x 67B)
Class kotlin.properties.ReadOnlyProperty                                              : loaded 2 times (x 66B)
Class android.databinding.tool.ext.Replacement                                        : loaded 2 times (x 68B)
Class com.sun.xml.bind.v2.runtime.reflect.TransducedAccessor$CompositeContextDependentTransducedAccessorImpl: loaded 2 times (x 75B)
Class com.sun.xml.bind.v2.runtime.reflect.Accessor                                    : loaded 2 times (x 81B)
Class com.sun.xml.bind.v2.model.impl.RuntimeAttributePropertyInfoImpl                 : loaded 2 times (x 140B)
Class com.sun.xml.bind.api.AccessorException                                          : loaded 2 times (x 78B)
Class com.intellij.gradle.toolingExtension.impl.model.buildScriptClasspathModel.GradleBuildScriptClasspathSerializationService$ReadContext: loaded 2 times (x 68B)
Class com.amazon.ion.impl._Private_IonContainer                                       : loaded 2 times (x 66B)
Class org.apache.commons.io.filefilter.FileEqualsFileFilter                           : loaded 2 times (x 112B)
Class com.google.gson.FieldNamingPolicy                                               : loaded 2 times (x 79B)
Class com.google.gson.internal.bind.CollectionTypeAdapterFactory$Adapter              : loaded 2 times (x 70B)
Class com.google.gson.internal.bind.TypeAdapters$8                                    : loaded 2 times (x 71B)
Class com.google.gson.internal.bind.TypeAdapters                                      : loaded 2 times (x 67B)
Class com.amazon.ion.impl.bin.WriteBuffer                                             : loaded 2 times (x 74B)
Class com.amazon.ion.impl.bin.IonManagedBinaryWriter                                  : loaded 2 times (x 162B)
Class org.jetbrains.plugins.gradle.tooling.serialization.internal.IdeaProjectSerializationService$WriteContext$8: loaded 2 times (x 79B)
Class [Lorg.gradle.api.JavaVersion;                                                   : loaded 2 times (x 65B)
Class org.gradle.tooling.model.idea.IdeaDependencyScope                               : loaded 2 times (x 66B)
Class org.gradle.internal.time.TimeSource                                             : loaded 2 times (x 66B)
Class org.gradle.tooling.model.kotlin.dsl.KotlinDslScriptsModel                       : loaded 2 times (x 66B)
Class com.google.common.collect.MapMakerInternalMap$InternalEntry                     : loaded 2 times (x 66B)
Class com.google.common.reflect.Types$TypeVariableInvocationHandler                   : loaded 2 times (x 71B)
Class com.google.common.base.CharMatcher$JavaDigit                                    : loaded 2 times (x 107B)
Class android.databinding.tool.util.FileUtil$listAndSortFiles$$inlined$sortedBy$2     : loaded 2 times (x 85B)
Class com.sun.xml.bind.v2.runtime.reflect.Lister$1                                    : loaded 2 times (x 72B)
Class android.databinding.tool.store.Location                                         : loaded 2 times (x 74B)
Class com.sun.xml.bind.v2.model.nav.ReflectionNavigator$1                             : loaded 2 times (x 77B)
Class com.sun.xml.bind.v2.util.TypeCast                                               : loaded 2 times (x 67B)
Class com.sun.xml.bind.v2.model.core.Element                                          : loaded 2 times (x 66B)
Class com.sun.xml.bind.v2.model.impl.DummyPropertyInfo                                : loaded 2 times (x 66B)
Class com.google.gson.internal.bind.TypeAdapters$9                                    : loaded 2 times (x 71B)
Class android.databinding.tool.LibTypes$viewBinding$2                                 : loaded 2 times (x 75B)
Class com.sun.xml.bind.v2.model.impl.MapPropertyInfoImpl                              : loaded 2 times (x 115B)
Class com.sun.xml.bind.v2.model.impl.RuntimeMapPropertyInfoImpl                       : loaded 2 times (x 133B)
Class com.amazon.ion.impl.lite.IonBlobLite                                            : loaded 2 times (x 215B)
Class com.amazon.ion.impl.LocalSymbolTable                                            : loaded 2 times (x 117B)
Class org.jetbrains.plugins.gradle.tooling.serialization.SerializationService         : loaded 2 times (x 66B)
Class com.android.builder.model.v2.ide.TestInfo                                       : loaded 2 times (x 66B)
Class org.gradle.tooling.internal.gradle.GradleBuildIdentity                          : loaded 2 times (x 66B)
Class com.sun.xml.bind.v2.runtime.reflect.Lister$2                                    : loaded 2 times (x 73B)
Class com.sun.xml.bind.v2.runtime.reflect.DefaultTransducedAccessor                   : loaded 2 times (x 75B)
Class com.sun.xml.bind.v2.model.annotation.XmlTransientQuick                          : loaded 2 times (x 86B)
Class javax.xml.bind.annotation.XmlAccessorType                                       : loaded 2 times (x 66B)
Class com.sun.xml.bind.v2.model.nav.ReflectionNavigator$2                             : loaded 2 times (x 77B)
Class com.sun.xml.bind.v2.model.impl.EnumLeafInfoImpl                                 : loaded 2 times (x 124B)
Class com.sun.xml.bind.v2.model.impl.AttributePropertyInfoImpl                        : loaded 2 times (x 120B)
Class [Lkotlin.reflect.KCallable;                                                     : loaded 2 times (x 65B)
Class com.google.gson.JsonParseException                                              : loaded 2 times (x 78B)
Class org.gradle.kotlin.dsl.Accessors377twfxlhpj2n65rquy9ybeqsKt                      : loaded 2 times (x 67B)
Class com.amazon.ion.IonList                                                          : loaded 2 times (x 66B)
Class org.jetbrains.plugins.gradle.tooling.serialization.internal.adapter.Supplier    : loaded 2 times (x 66B)
Class com.android.builder.model.v2.ide.JavaCompileOptions                             : loaded 2 times (x 66B)
Class org.gradle.tooling.internal.adapter.ProtocolToModelAdapter$MixInMappingAction   : loaded 2 times (x 76B)
Class org.gradle.internal.exceptions.ResolutionProvider                               : loaded 2 times (x 66B)
Class com.google.common.collect.IndexedImmutableSet$1                                 : loaded 2 times (x 208B)
Class com.google.common.cache.CacheBuilder$OneWeigher                                 : loaded 2 times (x 78B)
Class kotlin.reflect.KProperty$Accessor                                               : loaded 2 times (x 66B)
Class org.gradle.tooling.internal.gradle.DefaultProjectIdentifier                     : loaded 2 times (x 82B)
Class com.android.tools.build.jetifier.core.type.JavaType                             : loaded 2 times (x 68B)
Class com.sun.xml.bind.v2.model.nav.ReflectionNavigator$3                             : loaded 2 times (x 73B)
Class com.sun.xml.bind.v2.model.annotation.XmlValueQuick                              : loaded 2 times (x 86B)
Class com.sun.istack.Pool                                                             : loaded 2 times (x 66B)
Class com.android.builder.model.v2.models.AndroidDsl                                  : loaded 2 times (x 66B)
Class android.databinding.tool.LibTypes$appCompatResources$2                          : loaded 2 times (x 75B)
Class org.gradle.kotlin.dsl.TestImplementationConfigurationAccessorsKt                : loaded 2 times (x 67B)
Class com.amazon.ion.IonSystem                                                        : loaded 2 times (x 66B)
Class com.amazon.ion.impl.bin.IonManagedBinaryWriter$ImportedSymbolContext            : loaded 2 times (x 68B)
Class kotlin.text.MatchResult$DefaultImpls                                            : loaded 2 times (x 67B)
Class org.gradle.tooling.model.idea.IdeaCompilerOutput                                : loaded 2 times (x 66B)
Class org.gradle.tooling.model.ProjectIdentifier                                      : loaded 2 times (x 66B)
Class com.google.common.reflect.Types$ClassOwnership$1LocalClass                      : loaded 2 times (x 67B)
Class org.gradle.internal.classloader.ClasspathUtil                                   : loaded 2 times (x 67B)
Class [Lcom.google.common.base.StandardSystemProperty;                                : loaded 2 times (x 65B)
Class com.sun.istack.SAXException2                                                    : loaded 2 times (x 79B)
Class com.sun.xml.bind.v2.runtime.output.IndentingUTF8XmlOutput                       : loaded 2 times (x 97B)
Class com.sun.xml.bind.v2.runtime.property.UnmarshallerChain                          : loaded 2 times (x 68B)
Class com.sun.xml.bind.v2.runtime.unmarshaller.TextLoader                             : loaded 2 times (x 74B)
Class android.databinding.internal.org.antlr.v4.runtime.tree.SyntaxTree               : loaded 2 times (x 66B)
Class com.sun.xml.bind.v2.TODO                                                        : loaded 2 times (x 67B)
Class com.sun.xml.bind.v2.model.runtime.RuntimeElementPropertyInfo                    : loaded 2 times (x 66B)
Class com.sun.xml.bind.v2.model.impl.RuntimeBuiltinLeafInfoImpl$20                    : loaded 2 times (x 132B)
Class com.amazon.ion.IonWriter                                                        : loaded 2 times (x 66B)
Class androidx.databinding.InverseMethod                                              : loaded 2 times (x 66B)
Class com.intellij.gradle.toolingExtension.impl.model.sourceSetModel.GradleSourceSetSerialisationService: loaded 2 times (x 73B)
Class com.android.builder.model.v2.ide.ComponentInfo                                  : loaded 2 times (x 66B)
Class com.android.builder.model.v2.ide.ProjectType                                    : loaded 2 times (x 75B)
Class com.google.common.collect.ComparisonChain                                       : loaded 2 times (x 76B)
Class com.google.common.base.Charsets                                                 : loaded 2 times (x 67B)
Class com.google.common.util.concurrent.Uninterruptibles                              : loaded 2 times (x 67B)
Class com.squareup.javapoet.TypeVariableName                                          : loaded 2 times (x 77B)
Class kotlin.jvm.internal.PropertyReference1                                          : loaded 2 times (x 123B)
Class com.sun.xml.bind.v2.model.nav.ReflectionNavigator$5                             : loaded 2 times (x 73B)
Class com.sun.xml.bind.v2.model.impl.RuntimeBuiltinLeafInfoImpl$21                    : loaded 2 times (x 132B)
Class com.sun.xml.bind.v2.model.runtime.RuntimeTypeInfo                               : loaded 2 times (x 66B)
Class com.amazon.ion.impl.bin._Private_IonRawWriter                                   : loaded 2 times (x 66B)
Class com.amazon.ion.impl.bin.IonRawBinaryWriter$PreallocationMode                    : loaded 2 times (x 78B)
Class com.amazon.ion.impl.lite.IonIntLite                                             : loaded 2 times (x 185B)
Class com.amazon.ion.util._Private_FastAppendable                                     : loaded 2 times (x 66B)
Class [Lcom.amazon.ion.impl.bin.IonRawBinaryWriter$PreallocationMode;                 : loaded 2 times (x 65B)
Class kotlin.sequences.DistinctSequence                                               : loaded 2 times (x 71B)
Class com.android.builder.model.v2.dsl.BaseConfig                                     : loaded 2 times (x 66B)
Class org.gradle.internal.time.TimeSource$1                                           : loaded 2 times (x 73B)
Class com.google.common.base.CharMatcher$JavaUpperCase                                : loaded 2 times (x 107B)
Class org.gradle.api.specs.Spec                                                       : loaded 2 times (x 66B)
Class com.amazon.ion.impl.lite.IonSystemLite                                          : loaded 2 times (x 271B)
Class com.android.tools.build.jetifier.core.rule.RewriteRulesMap$Companion            : loaded 2 times (x 67B)
Class com.sun.xml.bind.v2.model.impl.RuntimeBuiltinLeafInfoImpl$22                    : loaded 2 times (x 132B)
Class com.sun.xml.bind.v2.model.nav.ReflectionNavigator$6                             : loaded 2 times (x 77B)
Class com.google.gson.internal.bind.TypeAdapters$34                                   : loaded 2 times (x 72B)
Class android.databinding.tool.util.FileUtil$listAndSortFiles$$inlined$sortedBy$1     : loaded 2 times (x 85B)
Class com.google.gson.internal.sql.SqlDateTypeAdapter                                 : loaded 2 times (x 70B)
Class kotlin.UnsafeLazyImpl                                                           : loaded 2 times (x 72B)
Class kotlin.LazyKt__LazyJVMKt$WhenMappings                                           : loaded 2 times (x 67B)
Class com.amazon.ion.impl.lite.IonSexpLite                                            : loaded 2 times (x 486B)
Class com.amazon.ion.impl.lite.IonListLite                                            : loaded 2 times (x 486B)
Class com.amazon.ion.IonFloat                                                         : loaded 2 times (x 66B)
Class com.google.common.collect.MapMaker                                              : loaded 2 times (x 68B)
Class com.google.common.reflect.Types$JavaVersion                                     : loaded 2 times (x 79B)
Class com.android.tools.build.jetifier.core.pom.PomRewriteRule$JsonData               : loaded 2 times (x 68B)
Class com.sun.xml.bind.v2.model.nav.ParameterizedTypeImpl                             : loaded 2 times (x 81B)
Class com.sun.xml.bind.v2.runtime.reflect.Accessor$GetterSetterReflection             : loaded 2 times (x 81B)
Class com.sun.xml.bind.v2.model.impl.RuntimeBuiltinLeafInfoImpl$23                    : loaded 2 times (x 132B)
Class javax.activation.DataHandler                                                    : loaded 2 times (x 88B)
Class com.sun.xml.bind.v2.model.runtime.RuntimeTypeInfoSet                            : loaded 2 times (x 66B)
Class com.sun.xml.bind.v2.model.impl.TypeInfoSetImpl                                  : loaded 2 times (x 107B)
Class kotlin.LazyThreadSafetyMode                                                     : loaded 2 times (x 75B)
Class javax.xml.bind.JAXBException                                                    : loaded 2 times (x 81B)
Class com.amazon.ion.impl.LocalSymbolTable$Factory                                    : loaded 2 times (x 73B)
Class com.amazon.ion.impl.bin.IonManagedBinaryWriter$ImportedSymbolResolverMode       : loaded 2 times (x 76B)
Class com.intellij.gradle.toolingExtension.impl.model.buildScriptClasspathModel.GradleBuildScriptClasspathSerializationService: loaded 2 times (x 73B)
Class ijInit1_crcd0q1udiokoy4kb7qnjsvpo                                               : loaded 2 times (x 175B)
Class kotlin.jvm.internal.ArrayIterator                                               : loaded 2 times (x 75B)
Class com.google.common.cache.LocalCache$LoadingValueReference                        : loaded 2 times (x 92B)
Class com.android.tools.build.jetifier.core.config.ConfigParser                       : loaded 2 times (x 67B)
Class com.squareup.javapoet.ArrayTypeName                                             : loaded 2 times (x 77B)
Class com.sun.xml.bind.v2.runtime.JAXBContextImpl$3                                   : loaded 2 times (x 70B)
Class com.sun.xml.bind.v2.runtime.reflect.Lister                                      : loaded 2 times (x 72B)
Class com.sun.xml.bind.v2.model.core.NonElementRef                                    : loaded 2 times (x 66B)
Class com.sun.xml.bind.v2.model.annotation.XmlAttributeQuick                          : loaded 2 times (x 89B)
Class com.sun.xml.bind.v2.model.impl.RuntimeBuiltinLeafInfoImpl$24                    : loaded 2 times (x 133B)
Class com.sun.xml.bind.Util                                                           : loaded 2 times (x 67B)
Class org.apache.commons.io.filefilter.AndFileFilter                                  : loaded 2 times (x 123B)
Class android.databinding.tool.store.ResourceBundle                                   : loaded 2 times (x 80B)
Class com.sun.istack.Pool$Impl                                                        : loaded 2 times (x 73B)
Class kotlin.SynchronizedLazyImpl                                                     : loaded 2 times (x 72B)
Class com.google.gson.internal.bind.ReflectiveTypeAdapterFactory$RecordAdapter        : loaded 2 times (x 73B)
Class androidx.databinding.BindingMethods                                             : loaded 2 times (x 66B)
Class com.sun.xml.bind.v2.runtime.Transducer                                          : loaded 2 times (x 66B)
Class com.sun.xml.bind.v2.model.impl.RuntimeClassInfoImpl                             : loaded 2 times (x 158B)
Class jdk.internal.jimage.decompressor.ResourceDecompressorRepository                 : loaded 2 times (x 67B)
Class org.jetbrains.plugins.gradle.model.FileCollectionDependency                     : loaded 2 times (x 66B)
Class com.amazon.ion.impl.LocalSymbolTableAsStruct                                    : loaded 2 times (x 122B)
Class com.amazon.ion.impl.lite.IonTimestampLite                                       : loaded 2 times (x 188B)
Class org.gradle.internal.impldep.gnu.trove.TObjectHashingStrategy                    : loaded 2 times (x 66B)
Class com.intellij.gradle.toolingExtension.impl.model.utilDummyModel.DummyModel       : loaded 2 times (x 66B)
Class org.gradle.internal.time.Clock                                                  : loaded 2 times (x 66B)
Class com.google.common.io.LineReader$1                                               : loaded 2 times (x 71B)
Class com.google.common.collect.CollectSpliterators                                   : loaded 2 times (x 67B)
Class com.google.common.collect.AbstractMapBasedMultimap$AsMap                        : loaded 2 times (x 124B)
Class com.google.common.collect.MapMakerInternalMap$StrongKeyDummyValueEntry          : loaded 2 times (x 78B)
Class com.google.common.reflect.Invokable$MethodInvokable                             : loaded 2 times (x 103B)
Class com.sun.xml.bind.v2.model.impl.RuntimeBuiltinLeafInfoImpl$StringImplImpl        : loaded 2 times (x 132B)
Class com.sun.xml.bind.v2.runtime.reflect.Accessor$FieldReflection                    : loaded 2 times (x 81B)
Class com.sun.xml.bind.v2.model.runtime.RuntimeNonElementRef                          : loaded 2 times (x 66B)
Class com.sun.xml.bind.v2.runtime.unmarshaller.Base64Data                             : loaded 2 times (x 85B)
Class android.databinding.internal.org.antlr.v4.runtime.ParserRuleContext             : loaded 2 times (x 127B)
Class com.google.gson.internal.reflect.ReflectionHelper$RecordNotSupportedHelper      : loaded 2 times (x 74B)
Class com.google.gson.internal.$Gson$Types                                            : loaded 2 times (x 67B)
Class com.google.gson.JsonIOException                                                 : loaded 2 times (x 78B)
Class androidx.databinding.InverseBindingAdapter                                      : loaded 2 times (x 66B)
Class com.sun.xml.bind.v2.runtime.reflect.ListTransducedAccessorImpl                  : loaded 2 times (x 76B)
Class javax.xml.bind.PropertyException                                                : loaded 2 times (x 81B)
Class com.sun.xml.bind.v2.runtime.unmarshaller.TagName                                : loaded 2 times (x 71B)
Class com.android.tools.build.jetifier.core.rule.RewriteRule$JsonData                 : loaded 2 times (x 68B)
Class Build_gradle$2                                                                  : loaded 2 times (x 75B)
Class com.amazon.ion.IonString                                                        : loaded 2 times (x 66B)
Class org.jetbrains.plugins.gradle.model.jar.JarTaskManifestConfiguration             : loaded 2 times (x 66B)
Class org.jetbrains.plugins.gradle.model.GradleSourceSetDependencyModel               : loaded 2 times (x 66B)
Class [Lcom.android.builder.model.v2.ide.TestInfo$Execution;                          : loaded 2 times (x 65B)
Class kotlin.io.FilePathComponents                                                    : loaded 2 times (x 68B)
Class com.android.builder.model.v2.dsl.ProductFlavor                                  : loaded 2 times (x 66B)
Class com.google.common.collect.CompoundOrdering                                      : loaded 2 times (x 111B)
Class kotlin.coroutines.jvm.internal.RestrictedSuspendLambda                          : loaded 2 times (x 87B)
Class org.gradle.tooling.internal.adapter.TypeInspector                               : loaded 2 times (x 69B)
Class org.gradle.tooling.internal.adapter.ProtocolToModelAdapter$NoOpDecoration       : loaded 2 times (x 75B)
Class org.gradle.tooling.model.Element                                                : loaded 2 times (x 66B)
Class com.google.common.collect.AbstractMapBasedMultimap$WrappedList                  : loaded 2 times (x 201B)
Class [Lorg.objectweb.asm.AnnotationWriter;                                           : loaded 2 times (x 65B)
Class com.android.tools.build.jetifier.core.PackageMap$PackageRule                    : loaded 2 times (x 68B)
Class [Lcom.sun.xml.bind.v2.runtime.property.StructureLoaderBuilder;                  : loaded 2 times (x 65B)
Class com.sun.xml.bind.v2.model.impl.RuntimeBuiltinLeafInfoImpl$26                    : loaded 2 times (x 132B)
Class com.sun.xml.bind.v2.model.impl.RuntimeBuiltinLeafInfoImpl$10$1                  : loaded 2 times (x 352B)
Class com.sun.xml.bind.v2.runtime.BinderImpl                                          : loaded 2 times (x 82B)
Class com.sun.xml.bind.v2.model.core.TypeInfo                                         : loaded 2 times (x 66B)
Class org.apache.commons.io.filefilter.SuffixFileFilter                               : loaded 2 times (x 112B)
Class kotlin.LazyKt__LazyKt                                                           : loaded 2 times (x 67B)
Class org.gradle.api.internal.classpath.EffectiveClassPath                            : loaded 2 times (x 86B)
Class com.google.common.base.Enums$StringConverter                                    : loaded 2 times (x 86B)
Class com.amazon.ion.BufferConfiguration                                              : loaded 2 times (x 69B)
Class com.amazon.ion.system.SimpleCatalog                                             : loaded 2 times (x 87B)
Class com.intellij.gradle.toolingExtension.impl.model.taskModel.GradleTaskSerialisationService: loaded 2 times (x 72B)
Class com.android.ide.gradle.model.LegacyV1AgpVersionModel                            : loaded 2 times (x 66B)
Class com.google.common.collect.Lists$ReverseList$1                                   : loaded 2 times (x 95B)
Class kotlin.sequences.SequencesKt___SequencesKt$flatMap$2                            : loaded 2 times (x 121B)
Class kotlin.sequences.SequencesKt__SequenceBuilderKt$sequence$$inlined$Sequence$1    : loaded 2 times (x 71B)
Class [Lcom.google.common.collect.Iterators$EmptyModifiableIterator;                  : loaded 2 times (x 65B)
Class com.google.common.cache.LocalCache$StrongValueReference                         : loaded 2 times (x 86B)
Class com.google.common.util.concurrent.AbstractFuture$SynchronizedHelper             : loaded 2 times (x 74B)
Class com.google.common.base.CharMatcher$Invisible                                    : loaded 2 times (x 108B)
Class kotlin.jvm.internal.ReflectionFactory                                           : loaded 2 times (x 87B)
Class com.sun.xml.bind.v2.runtime.unmarshaller.SAXConnector                           : loaded 2 times (x 97B)
Class [Lcom.sun.xml.bind.v2.model.annotation.Locatable;                               : loaded 2 times (x 65B)
Class com.sun.xml.bind.v2.model.impl.RuntimeBuiltinLeafInfoImpl$27                    : loaded 2 times (x 132B)
Class com.sun.xml.bind.v2.model.impl.ModelBuilder                                     : loaded 2 times (x 88B)
Class [Lcom.android.ide.common.repository.AgpVersion$PreviewKind;                     : loaded 2 times (x 65B)
Class com.google.gson.LongSerializationPolicy$1                                       : loaded 2 times (x 76B)
Class kotlin.UNINITIALIZED_VALUE                                                      : loaded 2 times (x 67B)
Class org.jetbrains.plugins.gradle.tooling.util.IntObjectMap$1                        : loaded 2 times (x 73B)
Class org.gradle.internal.impldep.com.google.common.base.Preconditions                : loaded 2 times (x 67B)
Class org.gradle.tooling.model.internal.ImmutableDomainObjectSet                      : loaded 2 times (x 151B)
Class com.google.common.graph.SuccessorsFunction                                      : loaded 2 times (x 66B)
Class org.objectweb.asm.Type                                                          : loaded 2 times (x 68B)
Class org.gradle.internal.classloader.VisitableURLClassLoader$InstrumentingVisitableURLClassLoader: loaded 2 times (x 119B)
Class android.databinding.internal.org.antlr.v4.runtime.tree.ParseTreeListener        : loaded 2 times (x 66B)
Class android.databinding.tool.processing.Scope$ScopeEntry                            : loaded 2 times (x 68B)
Class com.google.common.collect.Ordering                                              : loaded 2 times (x 110B)
Class android.databinding.tool.util.ParserHelper                                      : loaded 2 times (x 67B)
Class com.sun.xml.bind.v2.runtime.unmarshaller.UnmarshallerImpl                       : loaded 2 times (x 135B)
Class com.sun.xml.bind.v2.runtime.output.NamespaceContextImpl$1                       : loaded 2 times (x 71B)
Class com.sun.xml.bind.marshaller.DataWriter                                          : loaded 2 times (x 167B)
Class com.sun.xml.bind.v2.runtime.property.StructureLoaderBuilder                     : loaded 2 times (x 66B)
Class com.sun.xml.bind.v2.model.impl.RuntimeElementPropertyInfoImpl                   : loaded 2 times (x 135B)
Class com.sun.xml.bind.v2.model.impl.RuntimeBuiltinLeafInfoImpl$28                    : loaded 2 times (x 72B)
Class [Lcom.sun.xml.bind.v2.util.QNameMap$Entry;                                      : loaded 2 times (x 65B)
Class com.sun.xml.bind.unmarshaller.InfosetScanner                                    : loaded 2 times (x 66B)
Class org.jetbrains.plugins.gradle.tooling.serialization.internal.IdeaProjectSerializationService: loaded 2 times (x 73B)
Class com.google.common.collect.Maps$FilteredEntryMap$EntrySet                        : loaded 2 times (x 148B)
Class android.databinding.tool.LibTypes$dataBinderMapper$2                            : loaded 2 times (x 75B)
Class com.google.gson.internal.bind.TypeAdapters$33                                   : loaded 2 times (x 72B)
Class com.google.gson.LongSerializationPolicy$2                                       : loaded 2 times (x 76B)
Class android.databinding.tool.LibTypes$viewStubProxy$2                               : loaded 2 times (x 75B)
Class com.google.gson.internal.bind.ObjectTypeAdapter                                 : loaded 2 times (x 70B)
Class kotlin.io.FileTreeWalk$FileTreeWalkIterator                                     : loaded 2 times (x 79B)
Class [Landroid.databinding.tool.CompilerArguments$Type;                              : loaded 2 times (x 65B)
Class org.gradle.kotlin.dsl.AndroidTestImplementationConfigurationAccessorsKt         : loaded 2 times (x 67B)
Class [Lcom.amazon.ion.impl.bin.IonRawBinaryWriter$StreamFlushMode;                   : loaded 2 times (x 65B)
Class com.amazon.ion.UnsupportedIonVersionException                                   : loaded 2 times (x 81B)
Class [Lcom.android.builder.model.v2.ide.AndroidGradlePluginProjectFlags$BooleanFlag; : loaded 2 times (x 65B)
Class com.android.builder.model.v2.ide.AndroidGradlePluginProjectFlags                : loaded 2 times (x 66B)
Class com.android.builder.model.v2.ide.BasicVariant                                   : loaded 2 times (x 66B)
Class kotlin.coroutines.Continuation                                                  : loaded 2 times (x 66B)
Class com.google.common.collect.MapMakerInternalMap$StrongKeyDummyValueEntry$Helper   : loaded 2 times (x 75B)
Class com.google.common.io.Files$FileByteSink                                         : loaded 2 times (x 73B)
Class org.objectweb.asm.ByteVector                                                    : loaded 2 times (x 75B)
Class [Lcom.google.common.cache.CacheBuilder$NullListener;                            : loaded 2 times (x 65B)
Class com.google.common.math.IntMath$1                                                : loaded 2 times (x 67B)
Class org.gradle.internal.classloader.VisitableURLClassLoader$Spec                    : loaded 2 times (x 70B)
Class org.gradle.internal.classpath.DefaultClassPath                                  : loaded 2 times (x 86B)
Class com.sun.xml.bind.api.impl.NameConverter                                         : loaded 2 times (x 66B)
Class com.sun.xml.bind.v2.model.core.NonElement                                       : loaded 2 times (x 66B)
Class com.sun.xml.bind.v2.ContextFactory                                              : loaded 2 times (x 67B)
Class com.google.common.collect.Maps$FilteredEntryMap                                 : loaded 2 times (x 124B)
Class com.sun.xml.bind.v2.runtime.JAXBContextImpl$2                                   : loaded 2 times (x 74B)
Class javax.xml.bind.annotation.XmlEnum                                               : loaded 2 times (x 66B)
Class android.databinding.tool.LibTypes$dataBindingKtx$2                              : loaded 2 times (x 74B)
Class [Lcom.sun.xml.bind.v2.runtime.property.Property;                                : loaded 2 times (x 65B)
Class jdk.internal.jimage.decompressor.ZipDecompressorFactory                         : loaded 2 times (x 70B)
Class com.amazon.ion.impl.bin.IonManagedBinaryWriter$SymbolState                      : loaded 2 times (x 76B)
Class com.amazon.ion.IonStruct                                                        : loaded 2 times (x 66B)
Class org.jetbrains.plugins.gradle.model.GradleBuildScriptClasspathModel              : loaded 2 times (x 66B)
Class com.android.builder.model.v2.ide.BundleInfo                                     : loaded 2 times (x 66B)
Class com.android.builder.model.v2.ide.SourceProvider                                 : loaded 2 times (x 66B)
Class kotlin.coroutines.jvm.internal.BaseContinuationImpl                             : loaded 2 times (x 83B)
Class kotlin.Result$Companion                                                         : loaded 2 times (x 67B)
Class org.gradle.util.internal.DefaultGradleVersion                                   : loaded 2 times (x 80B)
Class com.google.common.reflect.Types$ClassOwnership                                  : loaded 2 times (x 76B)
Class org.objectweb.asm.Symbol                                                        : loaded 2 times (x 69B)
Class com.google.common.base.AbstractIterator                                         : loaded 2 times (x 76B)
Class kotlin.reflect.KType                                                            : loaded 2 times (x 66B)
Class com.sun.xml.bind.v2.runtime.unmarshaller.UnmarshallingContext$DefaultRootLoader : loaded 2 times (x 76B)
Class com.sun.xml.bind.v2.runtime.reflect.PrimitiveArrayListerLong                    : loaded 2 times (x 72B)
Class com.sun.xml.bind.v2.model.core.ClassInfo                                        : loaded 2 times (x 66B)
Class com.google.common.collect.Sets$FilteredSet                                      : loaded 2 times (x 133B)
Class com.sun.xml.bind.v2.runtime.reflect.Utils                                       : loaded 2 times (x 67B)
Class com.google.gson.reflect.TypeToken                                               : loaded 2 times (x 71B)
Class javax.xml.bind.DatatypeConverterInterface                                       : loaded 2 times (x 66B)
Class com.google.common.base.StandardSystemProperty                                   : loaded 2 times (x 75B)
Class com.google.common.io.Java8Compatibility                                         : loaded 2 times (x 67B)
Class com.google.common.io.Closer                                                     : loaded 2 times (x 74B)
Class com.google.common.base.CharMatcher$Ascii                                        : loaded 2 times (x 108B)
Class org.gradle.internal.classloader.ClassLoaderSpec                                 : loaded 2 times (x 67B)
Class android.databinding.internal.org.antlr.v4.runtime.IntStream                     : loaded 2 times (x 66B)
Class com.sun.xml.bind.AccessorFactoryImpl                                            : loaded 2 times (x 77B)
Class com.sun.xml.bind.v2.model.core.MapPropertyInfo                                  : loaded 2 times (x 66B)
Class jdk.internal.jrtfs.ExplodedImage                                                : loaded 2 times (x 73B)
Class com.google.gson.internal.sql.SqlTimestampTypeAdapter$1                          : loaded 2 times (x 71B)
Class com.google.gson.JsonPrimitive                                                   : loaded 2 times (x 89B)
Class kotlin.text.DelimitedRangesSequence                                             : loaded 2 times (x 71B)
Class com.amazon.ion.impl.IonWriterSystemTextMarkup                                   : loaded 2 times (x 188B)
Class com.amazon.ion.impl.bin.BlockAllocator                                          : loaded 2 times (x 76B)
Class org.objectweb.asm.AnnotationWriter                                              : loaded 2 times (x 75B)
Class com.google.common.cache.CacheStats                                              : loaded 2 times (x 67B)
Class com.sun.xml.bind.DatatypeConverterImpl                                          : loaded 2 times (x 107B)
Class com.sun.xml.bind.v2.ClassFactory                                                : loaded 2 times (x 67B)
Class org.gradle.internal.classloader.ClassLoaderVisitor                              : loaded 2 times (x 72B)
Class com.google.common.base.CharMatcher$None                                         : loaded 2 times (x 108B)
Class [Lcom.google.gson.ReflectionAccessFilter$FilterResult;                          : loaded 2 times (x 65B)
Class com.google.gson.JsonElement                                                     : loaded 2 times (x 88B)
Class kotlin.text.MatcherMatchResult$groupValues$1                                    : loaded 2 times (x 194B)
Class com.google.common.collect.ReverseNaturalOrdering                                : loaded 2 times (x 110B)
Class com.amazon.ion.system.IonWriterBuilderBase                                      : loaded 2 times (x 79B)
Class com.amazon.ion.impl.bin.IonManagedBinaryWriter$ImportedSymbolResolverMode$2     : loaded 2 times (x 76B)
Class [Lcom.android.builder.model.v2.ide.ProjectType;                                 : loaded 2 times (x 65B)
Class kotlin.jvm.internal.markers.KMutableIterable                                    : loaded 2 times (x 66B)
Class org.gradle.tooling.internal.adapter.ProtocolToModelAdapter$DefaultViewBuilder   : loaded 2 times (x 76B)
Class com.google.common.collect.Interners                                             : loaded 2 times (x 67B)
Class com.google.common.io.Closer$Suppressor                                          : loaded 2 times (x 66B)
Class com.google.common.io.LineProcessor                                              : loaded 2 times (x 66B)
Class org.objectweb.asm.RecordComponentWriter                                         : loaded 2 times (x 74B)
Class com.google.common.util.concurrent.AbstractFuture$Listener                       : loaded 2 times (x 68B)
Class Settings_gradle$1$1                                                             : loaded 2 times (x 70B)
Class com.android.tools.build.jetifier.core.pom.PomRewriteRule$Companion              : loaded 2 times (x 67B)
Class com.sun.xml.bind.v2.runtime.reflect.ListIterator                                : loaded 2 times (x 66B)
Class javax.xml.bind.annotation.XmlElementRefs                                        : loaded 2 times (x 66B)
Class com.sun.xml.bind.v2.model.runtime.RuntimeElement                                : loaded 2 times (x 66B)
Class com.google.common.collect.ForwardingSet                                         : loaded 2 times (x 147B)
Class com.google.gson.internal.bind.CollectionTypeAdapterFactory                      : loaded 2 times (x 71B)
Class android.databinding.tool.LibTypes$typeRewriter$2                                : loaded 2 times (x 74B)
Class sync_studio_tooling16_2qgms1ezin2nb653ttxitzdgx                                 : loaded 2 times (x 175B)
Class com.android.ide.common.gradle.Version$Companion$ParseState                      : loaded 2 times (x 66B)
Class [Lcom.android.builder.model.v2.ide.AaptOptions$Namespacing;                     : loaded 2 times (x 65B)
Class org.gradle.tooling.internal.adapter.ProtocolToModelAdapter$ViewGraphDetails$1   : loaded 2 times (x 73B)
Class org.objectweb.asm.Attribute                                                     : loaded 2 times (x 73B)
Class com.google.common.base.Supplier                                                 : loaded 2 times (x 66B)
Class org.gradle.internal.classloader.VisitableURLClassLoader                         : loaded 2 times (x 113B)
Class com.sun.xml.bind.v2.runtime.unmarshaller.Scope                                  : loaded 2 times (x 68B)
Class javax.xml.bind.helpers.DefaultValidationEventHandler                            : loaded 2 times (x 71B)
Class android.databinding.tool.store.ResourceBundle$VariableDeclaration               : loaded 2 times (x 68B)
Class javax.xml.bind.annotation.XmlElement$DEFAULT                                    : loaded 2 times (x 67B)
Class com.sun.xml.bind.v2.runtime.InternalBridge                                      : loaded 2 times (x 83B)
Class com.google.gson.internal.bind.TypeAdapters$32                                   : loaded 2 times (x 72B)
Class com.sun.xml.bind.v2.runtime.JAXBContextImpl$1                                   : loaded 2 times (x 74B)
Class android.databinding.tool.store.ResourceBundle$ValidateAndFilterCallback         : loaded 2 times (x 66B)
Class com.sun.xml.bind.v2.model.impl.TypeInfoImpl                                     : loaded 2 times (x 81B)
Class com.amazon.ion.impl.bin.IonRawBinaryWriter$1                                    : loaded 2 times (x 73B)
Class [Lcom.amazon.ion.SymbolTable;                                                   : loaded 2 times (x 65B)
Class com.amazon.ion.impl.bin.IonBinaryWriterAdapter$Factory                          : loaded 2 times (x 66B)
Class com.amazon.ion.impl.BlockedBuffer$BufferedOutputStream                          : loaded 2 times (x 86B)
Class org.jetbrains.plugins.gradle.tooling.serialization.ExternalTestsSerializationService$ReadContext: loaded 2 times (x 68B)
Class com.sun.xml.bind.v2.runtime.property.Utils$1                                    : loaded 2 times (x 73B)
Class com.android.ide.common.repository.AgpVersion$Companion                          : loaded 2 times (x 67B)
Class kotlin.sequences.FlatteningSequence$iterator$1                                  : loaded 2 times (x 75B)
Class com.sun.xml.bind.marshaller.XMLWriter                                           : loaded 2 times (x 163B)
Class com.android.tools.build.jetifier.core.pom.DependencyVersionsMap                 : loaded 2 times (x 68B)
Class org.gradle.tooling.model.idea.IdeaDependency                                    : loaded 2 times (x 66B)
Class com.google.common.util.concurrent.AbstractFuture$Waiter                         : loaded 2 times (x 68B)
Class Settings_gradle                                                                 : loaded 2 times (x 124B)
Class org.gradle.internal.classloader.DefaultClassLoaderFactory                       : loaded 2 times (x 78B)
Class com.sun.xml.bind.v2.runtime.unmarshaller.LocatorEx                              : loaded 2 times (x 66B)
Class com.sun.xml.bind.v2.model.core.ElementPropertyInfo                              : loaded 2 times (x 66B)
Class com.sun.xml.bind.v2.model.impl.RuntimeElementInfoImpl                           : loaded 2 times (x 115B)
Class com.google.gson.internal.bind.TreeTypeAdapter                                   : loaded 2 times (x 71B)
Class com.google.gson.internal.sql.SqlTimeTypeAdapter                                 : loaded 2 times (x 70B)
Class com.google.common.base.Suppliers                                                : loaded 2 times (x 67B)
Class [Lcom.google.common.cache.CacheBuilder$OneWeigher;                              : loaded 2 times (x 65B)
Class jdk.internal.jimage.decompressor.ZipDecompressor                                : loaded 2 times (x 71B)
Class com.amazon.ion.impl.bin.AbstractIonWriter$WriteValueOptimization                : loaded 2 times (x 75B)
Class org.objectweb.asm.MethodTooLargeException                                       : loaded 2 times (x 79B)
Class com.android.ide.common.gradle.Version$Companion                                 : loaded 2 times (x 67B)
Class [Lcom.android.builder.model.v2.ide.BytecodeTransformation;                      : loaded 2 times (x 65B)
Class com.android.builder.model.v2.ide.AaptOptions                                    : loaded 2 times (x 66B)
Class kotlin.collections.AbstractMutableList                                          : loaded 2 times (x 202B)
Class com.google.common.collect.MapMakerInternalMap                                   : loaded 2 times (x 157B)
Class org.objectweb.asm.Handler                                                       : loaded 2 times (x 68B)
Class com.google.common.base.Ticker                                                   : loaded 2 times (x 68B)
Class com.sun.xml.bind.v2.runtime.unmarshaller.StructureLoader                        : loaded 2 times (x 74B)
Class com.sun.xml.bind.v2.runtime.reflect.Accessor$SetterOnlyReflection               : loaded 2 times (x 81B)
Class com.sun.xml.bind.v2.model.impl.ElementPropertyInfoImpl                          : loaded 2 times (x 119B)
Class com.sun.xml.bind.v2.model.impl.TypeInfoSetImpl$1                                : loaded 2 times (x 76B)
Class com.sun.xml.bind.v2.model.runtime.RuntimeArrayInfo                              : loaded 2 times (x 66B)
Class com.google.common.collect.MapMakerInternalMap$Strength                          : loaded 2 times (x 76B)
Class com.google.gson.internal.bind.TypeAdapters$20                                   : loaded 2 times (x 71B)
Class com.google.common.collect.MapMakerInternalMap$StrongKeyDummyValueEntry$LinkedStrongKeyDummyValueEntry: loaded 2 times (x 78B)
Class org.jetbrains.kotlin.idea.gradleTooling.model.noarg.NoArgModel                  : loaded 2 times (x 66B)
Class com.amazon.ion.impl.bin.BlockAllocatorProvider                                  : loaded 2 times (x 68B)
Class org.jetbrains.plugins.gradle.tooling.serialization.internal.IdeaProjectSerializationService$WriteContext: loaded 2 times (x 68B)
Class com.intellij.gradle.toolingExtension.impl.model.sourceSetDependencyModel.GradleSourceSetDependencySerialisationService: loaded 2 times (x 73B)
Class org.jetbrains.plugins.gradle.model.GradleSourceSetModel                         : loaded 2 times (x 66B)
Class com.android.builder.model.v2.models.ndk.NativeModelBuilderParameter             : loaded 2 times (x 66B)
Class kotlin.KotlinNothingValueException                                              : loaded 2 times (x 78B)
Class [Lcom.google.common.cache.LocalCache$Segment;                                   : loaded 2 times (x 65B)
Class [Lcom.google.common.cache.LocalCache$Strength;                                  : loaded 2 times (x 65B)
Class com.google.common.cache.CacheBuilder$1                                          : loaded 2 times (x 81B)
Class org.gradle.internal.classpath.DefaultClassPath$ImmutableUniqueList$Builder      : loaded 2 times (x 71B)
Class com.android.tools.build.jetifier.core.pom.PomRewriteRule                        : loaded 2 times (x 68B)
Class com.sun.xml.bind.v2.runtime.unmarshaller.Intercepter                            : loaded 2 times (x 66B)
Class android.databinding.internal.org.antlr.v4.runtime.tree.Tree                     : loaded 2 times (x 66B)
Class [Ljavax.xml.bind.annotation.XmlAccessOrder;                                     : loaded 2 times (x 65B)
Class javax.xml.bind.annotation.adapters.XmlJavaTypeAdapters                          : loaded 2 times (x 66B)
Class com.intellij.util.containers.IntObjectHashMap$ArrayProducer                     : loaded 2 times (x 66B)
Class kotlin.io.FileTreeWalk$WalkState                                                : loaded 2 times (x 69B)
Class com.google.gson.internal.bind.TypeAdapters$21                                   : loaded 2 times (x 71B)
Class com.google.gson.FieldNamingPolicy$1                                             : loaded 2 times (x 79B)
Class com.amazon.ion.impl.bin.IonManagedBinaryWriter$ImportedSymbolResolverMode$1     : loaded 2 times (x 76B)
Class com.amazon.ion.impl.lite.IonSequenceLite                                        : loaded 2 times (x 428B)
Class com.amazon.ion.impl._Private_Utils$1                                            : loaded 2 times (x 85B)
Class com.amazon.ion.impl.SymbolTableAsStruct                                         : loaded 2 times (x 66B)
Class com.amazon.ion.impl.lite.IonSymbolLite                                          : loaded 2 times (x 242B)
Class [Lcom.amazon.ion.impl.bin.IonRawBinaryWriter$StreamCloseMode;                   : loaded 2 times (x 65B)
Class org.gradle.tooling.internal.adapter.WeakIdentityHashMap$AbsentValueProvider     : loaded 2 times (x 66B)
Class com.google.common.collect.MapMakerInternalMap$WeakValueReference                : loaded 2 times (x 66B)
Class com.google.common.cache.LocalCache                                              : loaded 2 times (x 183B)
Class com.google.common.cache.CacheBuilder$2                                          : loaded 2 times (x 68B)
Class org.jetbrains.kotlin.idea.gradleTooling.AndroidAwareGradleModelProvider$Companion: loaded 2 times (x 67B)
Class com.android.tools.build.jetifier.core.utils.Log                                 : loaded 2 times (x 67B)
Class [Lcom.sun.xml.bind.v2.runtime.property.PropertyImpl;                            : loaded 2 times (x 65B)
Class com.sun.xml.bind.v2.model.impl.RuntimeEnumLeafInfoImpl                          : loaded 2 times (x 145B)
Class javax.xml.bind.JAXBIntrospector                                                 : loaded 2 times (x 69B)
Class android.databinding.tool.store.GenClassInfoLog$GenClass                         : loaded 2 times (x 68B)
Class com.google.gson.JsonSyntaxException                                             : loaded 2 times (x 78B)
Class com.google.gson.internal.bind.TypeAdapters$31                                   : loaded 2 times (x 72B)
Class kotlin.io.LinesSequence                                                         : loaded 2 times (x 71B)
Class [Lkotlin.reflect.KClass;                                                        : loaded 2 times (x 65B)
Class com.google.gson.internal.bind.TypeAdapters$22                                   : loaded 2 times (x 71B)
Class com.google.gson.TypeAdapter$1                                                   : loaded 2 times (x 70B)
Class com.google.gson.FieldNamingPolicy$2                                             : loaded 2 times (x 79B)
Class com.google.gson.internal.Excluder$1                                             : loaded 2 times (x 70B)
Class android.databinding.tool.LibTypes$dataBindingUtil$2                             : loaded 2 times (x 75B)
Class android.databinding.tool.LibTypes$mutableStateFlow$2                            : loaded 2 times (x 74B)
Class com.amazon.ion.impl.bin.AbstractIonWriter                                       : loaded 2 times (x 157B)
Class org.jetbrains.plugins.gradle.tooling.util.ObjectCollector$Processor             : loaded 2 times (x 66B)
Class org.jetbrains.kotlin.idea.gradleTooling.model.samWithReceiver.SamWithReceiverModel: loaded 2 times (x 66B)
Class kotlin.collections.State                                                        : loaded 2 times (x 75B)
Class kotlin.jvm.functions.Function4                                                  : loaded 2 times (x 66B)
Class org.objectweb.asm.ClassVisitor                                                  : loaded 2 times (x 84B)
Class org.gradle.internal.exceptions.NonGradleCauseExceptionsHolder                   : loaded 2 times (x 66B)
Class org.gradle.tooling.model.idea.IdeaModuleDependency                              : loaded 2 times (x 66B)
Class org.gradle.tooling.internal.adapter.ViewBuilder                                 : loaded 2 times (x 66B)
Class com.google.common.collect.ArrayListMultimap                                     : loaded 2 times (x 168B)
Class com.google.common.base.AbstractIterator$1                                       : loaded 2 times (x 67B)
Class com.google.common.base.CharMatcher$Digit                                        : loaded 2 times (x 108B)
Class [Lorg.objectweb.asm.Symbol;                                                     : loaded 2 times (x 65B)
Class com.google.common.collect.TransformedListIterator                               : loaded 2 times (x 89B)
Class javax.xml.bind.helpers.AbstractMarshallerImpl                                   : loaded 2 times (x 121B)
Class com.sun.xml.bind.v2.runtime.reflect.Accessor$ReadOnlyFieldReflection            : loaded 2 times (x 81B)
Class com.sun.xml.bind.v2.model.core.AttributePropertyInfo                            : loaded 2 times (x 66B)
Class com.sun.xml.bind.v2.model.impl.RuntimeReferencePropertyInfoImpl                 : loaded 2 times (x 137B)
Class javax.xml.bind.Binder                                                           : loaded 2 times (x 81B)
Class javax.xml.bind.JAXBContext                                                      : loaded 2 times (x 74B)
Class com.google.common.reflect.TypeCapture                                           : loaded 2 times (x 67B)
Class com.google.common.cache.LocalCache$Values                                       : loaded 2 times (x 114B)
Class org.gradle.internal.operations.MultipleBuildOperationFailures                   : loaded 2 times (x 91B)
Class com.google.gson.internal.bind.TypeAdapters$23                                   : loaded 2 times (x 71B)
Class com.google.gson.FieldNamingPolicy$3                                             : loaded 2 times (x 79B)
Class org.gradle.tooling.internal.adapter.MethodInvocation                            : loaded 2 times (x 81B)
Class com.amazon.ion.system.IonReaderBuilder                                          : loaded 2 times (x 89B)
Class org.jetbrains.plugins.gradle.model.AnnotationProcessingConfig                   : loaded 2 times (x 66B)
Class com.amazon.ion.IonReader                                                        : loaded 2 times (x 66B)
Class gnu.trove.Equality                                                              : loaded 2 times (x 66B)
Class com.android.ide.common.gradle.Version                                           : loaded 2 times (x 71B)
Class com.android.builder.model.v2.ide.AndroidLibraryData                             : loaded 2 times (x 66B)
Class com.android.builder.model.v2.ide.ApiVersion                                     : loaded 2 times (x 66B)
Class com.google.common.base.Suppliers$MemoizingSupplier                              : loaded 2 times (x 75B)
Class com.google.common.base.CharMatcher$JavaIsoControl                               : loaded 2 times (x 108B)
Class com.sun.xml.bind.v2.runtime.reflect.PrimitiveArrayListerBoolean                 : loaded 2 times (x 72B)
Class com.sun.xml.bind.v2.runtime.property.Property                                   : loaded 2 times (x 66B)
Class com.sun.xml.bind.v2.model.impl.ClassInfoImpl$1                                  : loaded 2 times (x 67B)
Class com.sun.xml.bind.v2.runtime.reflect.Accessor$GetterOnlyReflection               : loaded 2 times (x 81B)
Class javax.xml.bind.annotation.XmlMixed                                              : loaded 2 times (x 66B)
Class com.sun.xml.bind.v2.model.nav.ReflectionNavigator                               : loaded 2 times (x 119B)
Class com.sun.xml.bind.v2.model.annotation.AnnotationReader                           : loaded 2 times (x 66B)
Class com.google.common.collect.Maps$AbstractFilteredMap                              : loaded 2 times (x 123B)
Class org.apache.commons.io.file.Counters$NoopPathCounters                            : loaded 2 times (x 78B)
Class com.android.utils.FileUtils                                                     : loaded 2 times (x 67B)
Class com.google.gson.internal.bind.TypeAdapters$34$1                                 : loaded 2 times (x 70B)
Class com.google.gson.internal.bind.TypeAdapters$24                                   : loaded 2 times (x 71B)
Class com.google.gson.FieldNamingPolicy$4                                             : loaded 2 times (x 79B)
Class android.databinding.tool.LibTypes$bindable$2                                    : loaded 2 times (x 75B)
Class com.android.builder.model.v2.ide.AaptOptions$Namespacing                        : loaded 2 times (x 75B)
Class com.intellij.util.ThrowableConsumer                                             : loaded 2 times (x 66B)
Class jdk.internal.jimage.decompressor.StringSharingDecompressorFactory               : loaded 2 times (x 70B)
Class com.amazon.ion.IonClob                                                          : loaded 2 times (x 66B)
Class org.jetbrains.plugins.gradle.tooling.ModelBuilderService$Parameter              : loaded 2 times (x 66B)
Class com.android.builder.model.v2.models.Versions$Version                            : loaded 2 times (x 66B)
Class [Lcom.google.common.collect.MapMakerInternalMap$Strength;                       : loaded 2 times (x 65B)
Class [Lcom.google.common.io.FileWriteMode;                                           : loaded 2 times (x 65B)
Class com.google.common.base.CharMatcher$JavaLowerCase                                : loaded 2 times (x 107B)
Class javax.xml.bind.annotation.XmlInlineBinaryData                                   : loaded 2 times (x 66B)
Class com.sun.xml.bind.v2.runtime.Location                                            : loaded 2 times (x 66B)
Class com.google.gson.internal.bind.TypeAdapters$25                                   : loaded 2 times (x 71B)
Class com.google.gson.FieldNamingPolicy$5                                             : loaded 2 times (x 79B)
Class com.google.gson.TypeAdapterFactory                                              : loaded 2 times (x 66B)
Class Build_gradle$1$1                                                                : loaded 2 times (x 74B)
Class com.amazon.ion.impl.lite.IonLobLite                                             : loaded 2 times (x 180B)
Class com.amazon.ion.impl.lite.IonTextLite                                            : loaded 2 times (x 177B)
Class com.amazon.ion.IonNumber                                                        : loaded 2 times (x 66B)
Class org.gradle.internal.impldep.gnu.trove.TObjectIntProcedure                       : loaded 2 times (x 66B)
Class gnu.trove.TObjectHashingStrategy                                                : loaded 2 times (x 66B)
Class org.gradle.tooling.internal.adapter.ProtocolToModelAdapter$ReflectionMethodInvoker: loaded 2 times (x 72B)
Class com.google.common.collect.Iterables$4                                           : loaded 2 times (x 77B)
Class com.google.common.collect.MapMakerInternalMap$StrongKeyDummyValueSegment        : loaded 2 times (x 138B)
Class com.google.common.cache.LocalCache$WriteThroughEntry                            : loaded 2 times (x 75B)
Class com.google.common.cache.LocalCache$HashIterator                                 : loaded 2 times (x 82B)
Class com.google.common.io.Files                                                      : loaded 2 times (x 67B)
Class com.google.common.cache.LocalCache$EntryFactory                                 : loaded 2 times (x 79B)
Class com.squareup.javapoet.Util                                                      : loaded 2 times (x 67B)
Class com.sun.xml.bind.v2.runtime.JaxBeanInfo$1                                       : loaded 2 times (x 73B)
Class javax.xml.bind.ValidationEvent                                                  : loaded 2 times (x 66B)
Class com.sun.xml.bind.v2.model.impl.Utils                                            : loaded 2 times (x 67B)
Class com.google.gson.internal.bind.JsonTreeReader                                    : loaded 2 times (x 94B)
Class com.google.gson.internal.bind.ArrayTypeAdapter                                  : loaded 2 times (x 70B)
Class com.google.gson.internal.bind.TypeAdapters$26                                   : loaded 2 times (x 71B)
Class com.google.gson.FieldNamingPolicy$6                                             : loaded 2 times (x 79B)
Class com.sun.xml.bind.api.Bridge                                                     : loaded 2 times (x 81B)
Class com.sun.xml.bind.v2.model.impl.RuntimeTypeInfoSetImpl                           : loaded 2 times (x 119B)
Class Build_gradle$1$2                                                                : loaded 2 times (x 74B)
Class [Lcom.amazon.ion.impl.bin.IonManagedBinaryWriter$UserState;                     : loaded 2 times (x 65B)
Class com.amazon.ion.impl.bin.utf8.Utf8StringEncoder                                  : loaded 2 times (x 76B)
Class com.amazon.ion.IonBool                                                          : loaded 2 times (x 66B)
Class org.jetbrains.kotlin.idea.gradleTooling.model.assignment.AssignmentModel        : loaded 2 times (x 66B)
Class [Lcom.android.ide.common.gradle.Separator;                                      : loaded 2 times (x 65B)
Class com.google.common.collect.NullsLastOrdering                                     : loaded 2 times (x 111B)
Class com.sun.xml.bind.v2.model.impl.Utils$1                                          : loaded 2 times (x 73B)
Class [Lcom.google.common.collect.MapMaker$Dummy;                                     : loaded 2 times (x 65B)
Class com.google.common.reflect.Types$NativeTypeVariableEquals                        : loaded 2 times (x 67B)
Class com.google.common.reflect.TypeParameter                                         : loaded 2 times (x 68B)
Class com.google.common.cache.LocalCache$AbstractReferenceEntry                       : loaded 2 times (x 103B)
Class com.google.common.base.Splitter$1$1                                             : loaded 2 times (x 82B)
Class com.google.common.base.CharMatcher$Whitespace                                   : loaded 2 times (x 108B)
Class [Lkotlin.reflect.KClassifier;                                                   : loaded 2 times (x 65B)
Class com.sun.xml.bind.v2.runtime.MarshallerImpl                                      : loaded 2 times (x 124B)
Class com.sun.xml.bind.v2.runtime.property.ArrayERProperty$ReceiverImpl               : loaded 2 times (x 71B)
Class com.sun.xml.bind.v2.runtime.reflect.Utils$1                                     : loaded 2 times (x 73B)
Class [Ljavax.xml.bind.annotation.XmlElement;                                         : loaded 2 times (x 65B)
Class javax.xml.bind.annotation.XmlType                                               : loaded 2 times (x 66B)
Class com.sun.xml.bind.v2.model.annotation.XmlEnumQuick                               : loaded 2 times (x 87B)
Class javax.xml.bind.annotation.XmlAccessType                                         : loaded 2 times (x 75B)
Class com.sun.xml.bind.v2.model.annotation.RuntimeInlineAnnotationReader              : loaded 2 times (x 102B)
Class javax.xml.bind.annotation.XmlMimeType                                           : loaded 2 times (x 66B)
Class com.google.gson.internal.reflect.ReflectionHelper                               : loaded 2 times (x 67B)
Class com.google.gson.internal.bind.TypeAdapters$27                                   : loaded 2 times (x 71B)
Class com.google.gson.FieldNamingPolicy$7                                             : loaded 2 times (x 79B)
Class androidx.databinding.Untaggable                                                 : loaded 2 times (x 66B)
Class [Lkotlin.LazyThreadSafetyMode;                                                  : loaded 2 times (x 65B)
Class Build_gradle$1$3                                                                : loaded 2 times (x 75B)
Class com.amazon.ion.IonLoader                                                        : loaded 2 times (x 66B)
Class org.jetbrains.plugins.gradle.model.GradleProperty                               : loaded 2 times (x 66B)
Class com.sun.xml.bind.v2.runtime.unmarshaller.XmlVisitor                             : loaded 2 times (x 66B)
Class javax.xml.bind.UnmarshalException                                               : loaded 2 times (x 81B)
Class com.android.builder.model.v2.models.VariantDependencies                         : loaded 2 times (x 66B)
Class com.google.common.collect.ImmutableMapKeySet                                    : loaded 2 times (x 146B)
Class org.objectweb.asm.SymbolTable                                                   : loaded 2 times (x 68B)
Class com.google.common.cache.CacheLoader$InvalidCacheLoadException                   : loaded 2 times (x 78B)
Class com.google.common.base.Enums                                                    : loaded 2 times (x 67B)
Class com.google.common.base.CharMatcher$SingleWidth                                  : loaded 2 times (x 108B)
Class org.gradle.internal.classloader.SystemClassLoaderSpec                           : loaded 2 times (x 67B)
Class com.google.common.io.ByteArrayDataOutput                                        : loaded 2 times (x 66B)
Class org.gradle.tooling.internal.adapter.TargetTypeProvider                          : loaded 2 times (x 66B)
Class android.databinding.internal.org.antlr.v4.runtime.tree.ParseTreeVisitor         : loaded 2 times (x 66B)
Class com.sun.xml.bind.v2.runtime.reflect.PrimitiveArrayListerFloat                   : loaded 2 times (x 72B)
Class com.sun.xml.bind.v2.util.FlattenIterator                                        : loaded 2 times (x 75B)
Class com.sun.xml.bind.v2.model.runtime.RuntimePropertyInfo                           : loaded 2 times (x 66B)
Class com.sun.xml.bind.v2.model.annotation.XmlElementRefsQuick                        : loaded 2 times (x 87B)
Class javax.xml.bind.annotation.XmlElementRef                                         : loaded 2 times (x 66B)
Class com.google.gson.internal.bind.TypeAdapters$EnumTypeAdapter                      : loaded 2 times (x 70B)
Class com.google.gson.internal.bind.TypeAdapters$28                                   : loaded 2 times (x 71B)
Class [Lcom.google.gson.LongSerializationPolicy;                                      : loaded 2 times (x 65B)
Class com.android.builder.model.v2.ide.AndroidArtifact                                : loaded 2 times (x 66B)
Class org.jetbrains.plugins.gradle.model.AnnotationProcessingModel                    : loaded 2 times (x 66B)
Class Build_gradle$1$4                                                                : loaded 2 times (x 74B)
Class com.amazon.ion.impl._Private_Utils                                              : loaded 2 times (x 67B)
Class com.android.builder.model.v2.ide.TestedTargetVariant                            : loaded 2 times (x 66B)
Class kotlin.text.MatcherMatchResult$groups$1                                         : loaded 2 times (x 147B)
Class kotlin.jvm.internal.markers.KMutableCollection                                  : loaded 2 times (x 66B)
Class kotlin.coroutines.intrinsics.IntrinsicsKt                                       : loaded 2 times (x 67B)
Class org.gradle.internal.exceptions.MultiCauseException                              : loaded 2 times (x 66B)
Class org.gradle.internal.time.CountdownTimer                                         : loaded 2 times (x 66B)
Class com.google.common.collect.FluentIterable                                        : loaded 2 times (x 77B)
Class com.google.common.cache.LocalCache$StrongEntry                                  : loaded 2 times (x 104B)
Class com.google.common.util.concurrent.AbstractFuture$TrustedFuture                  : loaded 2 times (x 110B)
Class com.google.common.cache.LoadingCache                                            : loaded 2 times (x 66B)
Class org.jetbrains.plugins.gradle.model.GradleExtensions                             : loaded 2 times (x 66B)
Class javax.xml.bind.annotation.W3CDomHandler                                         : loaded 2 times (x 81B)
Class com.sun.xml.bind.v2.runtime.reflect.TransducedAccessor$IDREFTransducedAccessorImpl: loaded 2 times (x 76B)
Class com.sun.xml.bind.v2.runtime.unmarshaller.WildcardLoader                         : loaded 2 times (x 75B)
Class com.sun.xml.bind.v2.runtime.unmarshaller.XsiTypeLoader                          : loaded 2 times (x 74B)
Class com.sun.xml.bind.v2.runtime.reflect.AdaptedAccessor                             : loaded 2 times (x 81B)
Class com.sun.xml.bind.v2.model.impl.LeafInfoImpl                                     : loaded 2 times (x 98B)
Class com.google.gson.internal.Streams$AppendableWriter                               : loaded 2 times (x 95B)
Class com.amazon.ion.system.IonBinaryWriterBuilder                                    : loaded 2 times (x 93B)
Class com.amazon.ion.impl.bin.IonManagedBinaryWriter$UserState$4                      : loaded 2 times (x 81B)
Class com.google.gson.internal.bind.MapTypeAdapterFactory                             : loaded 2 times (x 71B)
Class com.google.gson.internal.bind.TypeAdapters$29                                   : loaded 2 times (x 71B)
Class com.google.gson.JsonNull                                                        : loaded 2 times (x 88B)
Class org.jetbrains.plugins.gradle.model.UnresolvedExternalDependency                 : loaded 2 times (x 66B)
Class org.gradle.kotlin.dsl.ImplementationConfigurationAccessorsKt                    : loaded 2 times (x 67B)
Class com.intellij.gradle.toolingExtension.impl.model.projectModel.GradleExternalProjectSerializationService$ReadContext: loaded 2 times (x 69B)
Class com.intellij.gradle.toolingExtension.impl.model.dependencyModel.DependencyWriteContext: loaded 2 times (x 68B)
Class org.jetbrains.kotlin.idea.gradleTooling.model.parcelize.ParcelizeGradleModel    : loaded 2 times (x 66B)
Class kotlin.sequences.SequencesKt__SequencesKt$flatten$1                             : loaded 2 times (x 74B)
Class kotlin.coroutines.intrinsics.CoroutineSingletons                                : loaded 2 times (x 75B)
Class org.gradle.tooling.model.ProjectModel                                           : loaded 2 times (x 66B)
Class com.google.common.base.Suppliers$NonSerializableMemoizingSupplier               : loaded 2 times (x 75B)
Class com.google.common.io.ByteStreams$LimitedInputStream                             : loaded 2 times (x 88B)
Class org.objectweb.asm.MethodWriter                                                  : loaded 2 times (x 102B)
Class [Lcom.google.common.cache.Weigher;                                              : loaded 2 times (x 65B)
Class android.databinding.internal.org.antlr.v4.runtime.tree.AbstractParseTreeVisitor : loaded 2 times (x 80B)
Class javax.xml.bind.ValidationEventLocator                                           : loaded 2 times (x 66B)
Class com.sun.xml.bind.v2.runtime.ElementBeanInfoImpl$IntercepterLoader               : loaded 2 times (x 77B)
Class com.sun.xml.bind.v2.model.annotation.XmlElementDeclQuick                        : loaded 2 times (x 92B)
Class android.databinding.tool.CompilerArguments$Companion                            : loaded 2 times (x 67B)
Class kotlin.text.Charsets                                                            : loaded 2 times (x 67B)
Class android.databinding.tool.LibTypes$propertyChangedInverseListener$2              : loaded 2 times (x 75B)
Class android.databinding.tool.LibTypes$inverseBindingListener$2                      : loaded 2 times (x 75B)
Class org.apache.commons.io.FileSystem                                                : loaded 2 times (x 76B)
Class org.apache.commons.io.file.Counters$NoopCounter                                 : loaded 2 times (x 76B)
Class jdk.internal.jimage.decompressor.CompressedResourceHeader                       : loaded 2 times (x 67B)
Class org.jetbrains.plugins.gradle.model.GradleConfiguration                          : loaded 2 times (x 66B)
Class com.amazon.ion.impl.bin.utf8.Utf8StringEncoderPool                              : loaded 2 times (x 70B)
Class com.amazon.ion.impl._Private_IonSystem                                          : loaded 2 times (x 66B)
Class com.amazon.ion.BufferConfiguration$OversizedValueHandler                        : loaded 2 times (x 66B)
Class com.android.ide.common.gradle.Version$Companion$ParseState$EMPTY                : loaded 2 times (x 70B)
Class kotlin.sequences.SequenceBuilderIterator                                        : loaded 2 times (x 81B)
Class com.google.common.collect.AbstractMapBasedMultimap$RandomAccessWrappedList      : loaded 2 times (x 201B)
Class com.sun.xml.bind.v2.runtime.property.SingleMapNodeProperty$1                    : loaded 2 times (x 74B)
Class javax.xml.bind.annotation.XmlList                                               : loaded 2 times (x 66B)
Class com.sun.xml.bind.v2.model.core.EnumLeafInfo                                     : loaded 2 times (x 66B)
Class com.sun.xml.bind.api.CompositeStructure                                         : loaded 2 times (x 68B)
Class javax.xml.bind.annotation.XmlValue                                              : loaded 2 times (x 66B)
Class com.sun.xml.bind.v2.runtime.reflect.Accessor$2                                  : loaded 2 times (x 83B)
Class com.google.gson.internal.bind.DefaultDateTypeAdapter$DateType$1                 : loaded 2 times (x 69B)
Class android.databinding.tool.LibTypes$liveData$2                                    : loaded 2 times (x 75B)
Class com.sun.xml.bind.v2.runtime.unmarshaller.DefaultValueLoaderDecorator            : loaded 2 times (x 74B)
Class com.amazon.ion.IonDecimal                                                       : loaded 2 times (x 66B)
Class org.jetbrains.plugins.gradle.model.tests.ExternalTestsModel                     : loaded 2 times (x 66B)
Class kotlin.sequences.SequencesKt__SequencesKt$flatten$3                             : loaded 2 times (x 74B)
Class org.gradle.api.internal.classpath.ManifestUtil                                  : loaded 2 times (x 67B)
Class com.google.common.util.concurrent.ExecutionError                                : loaded 2 times (x 78B)
Class com.android.ide.common.repository.AgpVersion$Companion$WhenMappings             : loaded 2 times (x 67B)
Class org.gradle.tooling.model.idea.IdeaLanguageLevel                                 : loaded 2 times (x 66B)
Class org.gradle.tooling.internal.adapter.ProtocolToModelAdapter$SafeMethodInvoker    : loaded 2 times (x 72B)
Class org.gradle.tooling.internal.adapter.WeakIdentityHashMap$WeakKey                 : loaded 2 times (x 75B)
Class org.gradle.internal.exceptions.DefaultMultiCauseException                       : loaded 2 times (x 91B)
Class com.google.common.reflect.Types$JavaVersion$1                                   : loaded 2 times (x 79B)
Class com.google.common.cache.LocalCache$ValueReference                               : loaded 2 times (x 66B)
Class android.databinding.tool.ext.ExtKt                                              : loaded 2 times (x 67B)
Class com.google.common.collect.AbstractMapBasedMultimap$WrappedCollection            : loaded 2 times (x 120B)
Class javax.xml.bind.helpers.AbstractUnmarshallerImpl                                 : loaded 2 times (x 126B)
Class com.sun.xml.bind.v2.runtime.property.SingleMapNodeProperty$2                    : loaded 2 times (x 74B)
Class com.sun.xml.bind.v2.model.core.ValuePropertyInfo                                : loaded 2 times (x 66B)
Class com.sun.xml.bind.v2.runtime.RuntimeUtil                                         : loaded 2 times (x 67B)
Class com.google.gson.internal.Streams                                                : loaded 2 times (x 67B)
Class org.gradle.tooling.internal.adapter.ProtocolToModelAdapter$InvocationHandlerImpl: loaded 2 times (x 73B)
Class org.gradle.tooling.model.build.GradleEnvironment                                : loaded 2 times (x 66B)
Class com.google.gson.internal.LazilyParsedNumber                                     : loaded 2 times (x 74B)
Class com.android.builder.model.v2.models.VariantDependenciesAdjacencyList            : loaded 2 times (x 66B)
Class org.jetbrains.plugins.gradle.tooling.util.IntObjectMap$ObjectFactory            : loaded 2 times (x 66B)
Class com.amazon.ion.impl.bin.IonRawBinaryWriter$StreamCloseMode                      : loaded 2 times (x 75B)
Class com.amazon.ion.impl._Private_IonBinaryWriterBuilder$Mutable                     : loaded 2 times (x 105B)
Class com.intellij.gradle.toolingExtension.impl.model.projectModel.GradleExternalProjectSerializationService: loaded 2 times (x 73B)
Class com.android.builder.model.v2.ide.ProjectInfo                                    : loaded 2 times (x 66B)
Class kotlin.collections.ArrayDeque$Companion                                         : loaded 2 times (x 67B)
Class org.gradle.tooling.model.HierarchicalElement                                    : loaded 2 times (x 66B)
Class com.google.common.reflect.Types$JavaVersion$2                                   : loaded 2 times (x 79B)
Class com.google.common.reflect.Types                                                 : loaded 2 times (x 67B)
Class com.google.common.util.concurrent.AbstractFuture$Failure                        : loaded 2 times (x 68B)
Class com.google.common.base.Equivalence$Equals                                       : loaded 2 times (x 78B)
Class com.amazon.ion.IonException                                                     : loaded 2 times (x 80B)
Class com.sun.xml.bind.v2.runtime.unmarshaller.ChildLoader                            : loaded 2 times (x 68B)
Class javax.xml.bind.annotation.XmlSchemaTypes                                        : loaded 2 times (x 66B)
Class javax.xml.bind.annotation.XmlIDREF                                              : loaded 2 times (x 66B)
Class javax.xml.bind.annotation.XmlElement                                            : loaded 2 times (x 66B)
Class com.sun.xml.bind.v2.model.runtime.RuntimeLeafInfo                               : loaded 2 times (x 66B)
Class com.amazon.ion.impl.bin.IonManagedBinaryWriter$UserState$3                      : loaded 2 times (x 81B)
Class com.google.gson.JsonObject                                                      : loaded 2 times (x 89B)
Class com.sun.xml.bind.v2.runtime.reflect.Accessor$1                                  : loaded 2 times (x 81B)
Class com.sun.xml.bind.v2.runtime.property.SingleReferenceNodeProperty                : loaded 2 times (x 98B)
Class kotlin.LazyKt                                                                   : loaded 2 times (x 67B)
Class com.amazon.ion.impl.bin.IonRawBinaryWriter$PatchPoint                           : loaded 2 times (x 67B)
Class com.amazon.ion.IonBlob                                                          : loaded 2 times (x 66B)
Class com.amazon.ion.IonLob                                                           : loaded 2 times (x 66B)
Class com.amazon.ion.IonSequence                                                      : loaded 2 times (x 66B)
Class org.jetbrains.plugins.gradle.tooling.serialization.ExternalTestsSerializationService: loaded 2 times (x 73B)
Class com.sun.xml.bind.v2.runtime.unmarshaller.StructureLoader$1                      : loaded 2 times (x 67B)
Class com.sun.xml.bind.v2.runtime.output.XmlOutputAbstractImpl                        : loaded 2 times (x 92B)
Class com.android.builder.model.v2.dsl.DependenciesInfo                               : loaded 2 times (x 66B)
Class com.google.common.collect.ByFunctionOrdering                                    : loaded 2 times (x 111B)
Class kotlin.coroutines.EmptyCoroutineContext                                         : loaded 2 times (x 73B)
Class org.gradle.internal.time.Time                                                   : loaded 2 times (x 67B)
Class com.google.common.reflect.Types$JavaVersion$3                                   : loaded 2 times (x 79B)
Class com.google.common.io.CharSink                                                   : loaded 2 times (x 75B)
Class org.objectweb.asm.Label                                                         : loaded 2 times (x 69B)
Class org.objectweb.asm.CurrentFrame                                                  : loaded 2 times (x 69B)
Class org.objectweb.asm.ClassTooLargeException                                        : loaded 2 times (x 79B)
Class com.sun.xml.bind.v2.runtime.property.TagAndType                                 : loaded 2 times (x 68B)
Class javax.xml.bind.annotation.XmlSchema                                             : loaded 2 times (x 66B)
Class kotlin.jvm.internal.PropertyReference1Impl                                      : loaded 2 times (x 123B)
Class com.google.gson.internal.reflect.ReflectionHelper$RecordSupportedHelper         : loaded 2 times (x 74B)
Class androidx.databinding.BindingConversion                                          : loaded 2 times (x 66B)
Class androidx.databinding.Bindable                                                   : loaded 2 times (x 66B)
Class com.android.tools.build.jetifier.core.PackageMap                                : loaded 2 times (x 68B)
Class com.amazon.ion.system.IonTextWriterBuilder                                      : loaded 2 times (x 93B)
Class com.amazon.ion.impl.bin.IonManagedBinaryWriter$ImportedSymbolResolverMode$1$1$1 : loaded 2 times (x 72B)
Class com.amazon.ion.impl._Private_LocalSymbolTableFactory                            : loaded 2 times (x 66B)
Class org.jetbrains.plugins.gradle.tooling.serialization.AnnotationProcessingModelSerializationService: loaded 2 times (x 73B)
Class org.gradle.internal.classloader.ClassLoaderHierarchy                            : loaded 2 times (x 66B)
Class [Lcom.google.common.base.AbstractIterator$State;                                : loaded 2 times (x 65B)
Class com.android.ide.common.gradle.Version$Companion$ParseState$NUMERIC              : loaded 2 times (x 70B)
Class com.google.common.io.FileWriteMode                                              : loaded 2 times (x 75B)
Class com.android.ide.common.repository.AgpVersion$PreviewKind                        : loaded 2 times (x 75B)
Class com.android.builder.model.v2.models.ProjectGraph                                : loaded 2 times (x 66B)
Class com.google.common.collect.MapMakerInternalMap$InternalEntryHelper               : loaded 2 times (x 66B)
Class com.google.common.reflect.Types$JavaVersion$4                                   : loaded 2 times (x 79B)
Class com.google.common.collect.Maps$IteratorBasedAbstractMap                         : loaded 2 times (x 121B)
Class com.google.common.collect.Table                                                 : loaded 2 times (x 66B)
Class org.objectweb.asm.Frame                                                         : loaded 2 times (x 69B)
Class org.objectweb.asm.MethodVisitor                                                 : loaded 2 times (x 101B)
Class com.google.common.cache.LocalCache$EntryFactory$1                               : loaded 2 times (x 79B)
Class [Lcom.google.common.cache.RemovalListener;                                      : loaded 2 times (x 65B)
Class [Lcom.google.common.collect.MapMakerInternalMap$Segment;                        : loaded 2 times (x 65B)
Class com.sun.istack.SAXParseException2                                               : loaded 2 times (x 84B)
Class com.sun.xml.bind.v2.runtime.output.NamespaceContextImpl                         : loaded 2 times (x 77B)
Class com.sun.xml.bind.marshaller.CharacterEscapeHandler                              : loaded 2 times (x 66B)
Class com.sun.xml.bind.v2.runtime.unmarshaller.DomLoader                              : loaded 2 times (x 74B)
Class android.databinding.tool.util.RelativizableFile                                 : loaded 2 times (x 68B)
Class com.sun.xml.bind.v2.runtime.ValueListBeanInfoImpl                               : loaded 2 times (x 85B)
Class com.google.gson.internal.bind.JsonAdapterAnnotationTypeAdapterFactory           : loaded 2 times (x 71B)
Class android.databinding.tool.LibTypes$viewDataBinding$2                             : loaded 2 times (x 75B)
Class com.google.common.cache.LocalCache$ValueIterator                                : loaded 2 times (x 82B)
Class com.amazon.ion.impl.lite.IonNullLite                                            : loaded 2 times (x 171B)
Class [Lcom.intellij.openapi.externalSystem.model.project.dependencies.ResolutionState;: loaded 2 times (x 65B)
Class org.gradle.internal.impldep.gnu.trove.TObjectHash                               : loaded 2 times (x 90B)
Class org.jetbrains.plugins.gradle.model.DependencyAccessorsModel                     : loaded 2 times (x 66B)
Class kotlin.jvm.internal.CollectionToArray                                           : loaded 2 times (x 67B)
Class com.google.common.reflect.Types$JavaVersion$5                                   : loaded 2 times (x 67B)
Class [Lcom.google.common.reflect.Types$ClassOwnership;                               : loaded 2 times (x 65B)
Class com.google.common.cache.LocalCache$EntryFactory$2                               : loaded 2 times (x 79B)
Class org.gradle.api.internal.classpath.GlobalCacheRootsProvider                      : loaded 2 times (x 66B)
Class [Lcom.android.tools.build.jetifier.core.utils.LogLevel;                         : loaded 2 times (x 65B)
Class com.android.tools.build.jetifier.core.utils.LogLevel                            : loaded 2 times (x 75B)
Class com.sun.xml.bind.v2.runtime.NamespaceContext2                                   : loaded 2 times (x 66B)
Class com.sun.xml.bind.v2.runtime.reflect.TransducedAccessor$CompositeTransducedAccessorImpl: loaded 2 times (x 75B)
Class com.sun.xml.bind.v2.runtime.unmarshaller.XsiNilLoader$Single                    : loaded 2 times (x 76B)
Class android.databinding.tool.store.ResourceBundle$BindingTargetBundle               : loaded 2 times (x 91B)
Class javax.xml.bind.annotation.XmlSchemaType                                         : loaded 2 times (x 66B)
Class com.sun.xml.bind.v2.model.impl.RuntimeBuiltinLeafInfoImpl                       : loaded 2 times (x 129B)
Class com.sun.xml.bind.v2.model.impl.BuiltinLeafInfoImpl                              : loaded 2 times (x 101B)
Class com.intellij.gradle.toolingExtension.impl.model.sourceSetModel.GradleSourceSetSerialisationService$Companion: loaded 2 times (x 67B)
Class com.google.gson.internal.$Gson$Types$ParameterizedTypeImpl                      : loaded 2 times (x 77B)
Class com.google.gson.internal.bind.NumberTypeAdapter                                 : loaded 2 times (x 70B)
Class android.databinding.tool.LibTypes$observable$2                                  : loaded 2 times (x 75B)
Class kotlin.Lazy                                                                     : loaded 2 times (x 66B)
Class com.amazon.ion.impl._Private_IonValue                                           : loaded 2 times (x 66B)
Class com.amazon.ion.impl.bin.IonManagedBinaryWriter$UserState$2                      : loaded 2 times (x 81B)
Class com.amazon.ion.impl.lite.IonClobLite                                            : loaded 2 times (x 216B)
Class com.amazon.ion.impl._Private_ValueFactory                                       : loaded 2 times (x 66B)
Class com.amazon.ion.impl.bin.IonRawBinaryWriter$PreallocationMode$1                  : loaded 2 times (x 78B)
Class [Lcom.amazon.ion.impl.bin._Private_IonManagedBinaryWriterBuilder$AllocatorMode; : loaded 2 times (x 65B)
Class org.jetbrains.kotlin.idea.gradleTooling.KotlinMPPGradleModel                    : loaded 2 times (x 66B)
Class com.intellij.gradle.toolingExtension.impl.model.dependencyDownloadPolicyModel.GradleDependencyDownloadPolicy: loaded 2 times (x 66B)
Class org.gradle.tooling.model.BuildIdentifier                                        : loaded 2 times (x 66B)
Class com.google.common.collect.CollectCollectors                                     : loaded 2 times (x 67B)
Class org.objectweb.asm.ModuleWriter                                                  : loaded 2 times (x 78B)
Class com.google.common.cache.LocalCache$EntryFactory$3                               : loaded 2 times (x 79B)
Class com.google.common.base.Ticker$1                                                 : loaded 2 times (x 68B)
Class com.sun.xml.bind.v2.runtime.NameList                                            : loaded 2 times (x 68B)
Class com.sun.xml.bind.v2.runtime.reflect.TransducedAccessor                          : loaded 2 times (x 74B)
Class com.sun.xml.bind.v2.model.impl.RuntimeClassInfoImpl$RuntimePropertySeed         : loaded 2 times (x 80B)
Class javax.xml.bind.annotation.XmlAttachmentRef                                      : loaded 2 times (x 66B)
Class com.google.gson.ToNumberPolicy$1                                                : loaded 2 times (x 79B)
Class [Lcom.google.gson.FieldNamingStrategy;                                          : loaded 2 times (x 65B)
Class com.google.gson.internal.Excluder                                               : loaded 2 times (x 71B)
Class androidx.databinding.BindingAdapter                                             : loaded 2 times (x 66B)
Class com.amazon.ion.IonInt                                                           : loaded 2 times (x 66B)
Class com.amazon.ion.impl.bin.IonRawBinaryWriter$PreallocationMode$2                  : loaded 2 times (x 78B)
Class org.jetbrains.kotlin.idea.gradleTooling.PrepareKotlinIdeImportTaskModel         : loaded 2 times (x 66B)
Class android.databinding.tool.LibTypes$stateFlow$2                                   : loaded 2 times (x 74B)
Class com.sun.xml.bind.v2.model.impl.ArrayInfoImpl                                    : loaded 2 times (x 94B)
Class com.sun.xml.bind.v2.model.impl.ModelBuilder$1                                   : loaded 2 times (x 72B)
Class com.android.builder.model.v2.ide.VectorDrawablesOptions                         : loaded 2 times (x 66B)
Class com.google.common.collect.CollectSpliterators$1                                 : loaded 2 times (x 86B)
Class com.google.common.cache.LocalCache$EntryFactory$4                               : loaded 2 times (x 79B)
Class com.android.tools.build.jetifier.core.type.TypesMap$JsonData                    : loaded 2 times (x 68B)
Class com.sun.xml.bind.v2.runtime.unmarshaller.LocatorExWrapper                       : loaded 2 times (x 82B)
Class com.sun.xml.bind.InternalAccessorFactory                                        : loaded 2 times (x 66B)
Class com.sun.xml.bind.v2.model.impl.SingleTypePropertyInfoImpl                       : loaded 2 times (x 109B)
Class com.sun.xml.bind.v2.model.core.LeafInfo                                         : loaded 2 times (x 66B)
Class kotlin.sequences.ConstrainedOnceSequence                                        : loaded 2 times (x 71B)
Class com.google.gson.internal.reflect.ReflectionHelper$RecordHelper                  : loaded 2 times (x 71B)
Class com.google.gson.internal.ReflectionAccessFilterHelper                           : loaded 2 times (x 67B)
Class com.google.gson.ToNumberPolicy$2                                                : loaded 2 times (x 79B)
Class com.amazon.ion.impl.bin.IonRawBinaryWriter$PreallocationMode$3                  : loaded 2 times (x 78B)
Class com.android.ide.gradle.model.GradlePluginModel                                  : loaded 2 times (x 66B)
Class com.android.builder.model.v2.ide.Edge                                           : loaded 2 times (x 66B)
Class com.google.common.collect.ReverseOrdering                                       : loaded 2 times (x 111B)
Class com.android.builder.model.v2.models.VariantDependenciesFlatList                 : loaded 2 times (x 66B)
Class org.gradle.tooling.model.build.JavaEnvironment                                  : loaded 2 times (x 66B)
Class com.google.common.io.ByteStreams$1                                              : loaded 2 times (x 81B)
Class com.google.common.cache.LocalCache$EntryFactory$5                               : loaded 2 times (x 79B)
Class [Lkotlin.reflect.KProperty;                                                     : loaded 2 times (x 65B)
Class com.sun.xml.bind.IDResolver                                                     : loaded 2 times (x 71B)
Class com.sun.xml.bind.v2.runtime.output.NamespaceContextImpl$Element                 : loaded 2 times (x 68B)
Class com.sun.xml.bind.v2.model.impl.Util                                             : loaded 2 times (x 67B)
Class [Lcom.sun.xml.bind.v2.model.core.PropertyKind;                                  : loaded 2 times (x 65B)
Class [Lcom.sun.xml.bind.v2.runtime.Location;                                         : loaded 2 times (x 65B)
Class com.sun.xml.bind.api.JAXBRIContext                                              : loaded 2 times (x 85B)
Class com.sun.xml.bind.v2.runtime.property.Utils                                      : loaded 2 times (x 67B)
Class com.google.gson.ToNumberPolicy$3                                                : loaded 2 times (x 79B)
Class android.databinding.tool.processing.Scope                                       : loaded 2 times (x 67B)
Class org.gradle.internal.classloader.FilteringClassLoader                            : loaded 2 times (x 101B)
Class org.jetbrains.plugins.gradle.model.GradleExtension                              : loaded 2 times (x 66B)
Class com.amazon.ion.impl.lite.IonDecimalLite                                         : loaded 2 times (x 184B)
Class com.amazon.ion.IonBufferConfiguration$Builder                                   : loaded 2 times (x 74B)
Class com.android.builder.model.v2.ide.SourceSetContainer                             : loaded 2 times (x 66B)
Class org.gradle.internal.time.Timer                                                  : loaded 2 times (x 66B)
Class com.google.common.cache.LocalCache$EntryFactory$6                               : loaded 2 times (x 79B)
Class org.gradle.internal.installation.CurrentGradleInstallationLocator               : loaded 2 times (x 67B)
Class com.sun.xml.bind.v2.util.XmlFactory$1                                           : loaded 2 times (x 72B)
Class android.databinding.internal.org.antlr.v4.runtime.tree.ParseTree                : loaded 2 times (x 66B)
Class com.google.common.base.Equivalence$Identity                                     : loaded 2 times (x 78B)
Class com.google.common.base.PairwiseEquivalence                                      : loaded 2 times (x 79B)
Class android.databinding.tool.store.GenClassInfoLog                                  : loaded 2 times (x 68B)
Class com.google.common.io.LineReader                                                 : loaded 2 times (x 68B)
Class kotlin.sequences.FlatteningSequence                                             : loaded 2 times (x 71B)
Class kotlin.text.MatcherMatchResult                                                  : loaded 2 times (x 76B)
Class [Lkotlin.io.FileWalkDirection;                                                  : loaded 2 times (x 65B)
Class com.google.gson.ToNumberPolicy$4                                                : loaded 2 times (x 79B)
Class com.amazon.ion.impl.bin.IonRawBinaryWriter$PatchList$1                          : loaded 2 times (x 79B)
Class [Lcom.amazon.ion.impl.bin.IonRawBinaryWriter$ContainerType;                     : loaded 2 times (x 65B)
Class com.android.builder.model.v2.ide.LintOptions                                    : loaded 2 times (x 66B)
Class org.gradle.tooling.internal.adapter.ProtocolToModelAdapter$ViewGraphDetails     : loaded 2 times (x 68B)
Class org.gradle.tooling.model.idea.IdeaProject                                       : loaded 2 times (x 66B)
Class org.gradle.tooling.model.DomainObjectSet                                        : loaded 2 times (x 66B)
Class com.google.common.cache.LocalCache$EntryFactory$7                               : loaded 2 times (x 79B)
Class com.google.common.collect.ImmutableSet$EmptySetBuilderImpl                      : loaded 2 times (x 72B)
Class org.gradle.internal.service.DefaultServiceLocator                               : loaded 2 times (x 79B)
Class kotlin.text.MatchGroupCollection                                                : loaded 2 times (x 66B)
Class kotlin.reflect.KMutableProperty0                                                : loaded 2 times (x 66B)
Class kotlin.reflect.KClassifier                                                      : loaded 2 times (x 66B)
Class [Lcom.sun.xml.bind.v2.model.core.ID;                                            : loaded 2 times (x 65B)
Class javax.xml.bind.annotation.XmlAttribute                                          : loaded 2 times (x 66B)
Class com.android.builder.model.v2.ide.ViewBindingOptions                             : loaded 2 times (x 66B)
Class kotlin.io.FileTreeWalk                                                          : loaded 2 times (x 71B)
Class com.google.gson.internal.sql.SqlTypesSupport                                    : loaded 2 times (x 67B)
Class com.google.gson.Gson                                                            : loaded 2 times (x 68B)
Class com.amazon.ion.impl.bin.utf8.Utf8StringEncoder$Result                           : loaded 2 times (x 70B)
Class com.amazon.ion.impl.bin.utf8.Pool$Allocator                                     : loaded 2 times (x 66B)
Class com.amazon.ion.IonText                                                          : loaded 2 times (x 66B)
Class com.amazon.ion.impl.SymbolTokenImpl                                             : loaded 2 times (x 77B)
Class com.amazon.ion.SubstituteSymbolTableException                                   : loaded 2 times (x 80B)
Class com.android.builder.model.v2.ide.BasicArtifact                                  : loaded 2 times (x 66B)
Class com.google.common.collect.ComparisonChain$InactiveComparisonChain               : loaded 2 times (x 76B)
Class org.jetbrains.plugins.gradle.tooling.serialization.internal.IdeaProjectSerializationService$ReadContext: loaded 2 times (x 68B)
Class kotlin.coroutines.jvm.internal.SuspendFunction                                  : loaded 2 times (x 66B)
Class org.gradle.util.GradleVersion                                                   : loaded 2 times (x 79B)
Class com.google.common.cache.LocalCache$SoftValueReference                           : loaded 2 times (x 93B)
Class com.google.common.collect.Maps$EntrySet                                         : loaded 2 times (x 132B)
Class com.google.common.cache.LocalCache$EntryFactory$8                               : loaded 2 times (x 79B)
Class org.gradle.internal.installation.CurrentGradleInstallation                      : loaded 2 times (x 69B)
Class com.android.tools.build.jetifier.core.rule.RewriteRulesMap                      : loaded 2 times (x 68B)
Class kotlin.reflect.KMutableProperty1                                                : loaded 2 times (x 66B)
Class com.sun.xml.bind.v2.model.impl.TypeRefImpl                                      : loaded 2 times (x 83B)
Class com.amazon.ion.impl.bin.IonManagedBinaryWriter$UserState$1                      : loaded 2 times (x 81B)
Class android.databinding.tool.processing.ScopedException                             : loaded 2 times (x 82B)
Class com.google.gson.internal.UnsafeAllocator                                        : loaded 2 times (x 68B)
Class com.google.gson.Gson$1                                                          : loaded 2 times (x 72B)
Class android.databinding.tool.LibTypes$lifecycleOwner$2                              : loaded 2 times (x 75B)
Class com.amazon.ion.impl.bin.IonManagedBinaryWriter$ImportDescriptor                 : loaded 2 times (x 72B)
Class com.amazon.ion.SymbolTable                                                      : loaded 2 times (x 66B)
Class org.jetbrains.plugins.gradle.tooling.serialization.GradleExtensionsSerializationService$WriteContext: loaded 2 times (x 68B)
Class com.intellij.gradle.toolingExtension.impl.model.taskModel.GradleTaskSerialisationService$Companion: loaded 2 times (x 67B)
Class [Lkotlin.collections.State;                                                     : loaded 2 times (x 65B)
Class kotlin.jvm.internal.Ref$BooleanRef                                              : loaded 2 times (x 67B)
Class kotlin.jvm.internal.StringCompanionObject                                       : loaded 2 times (x 67B)
Class kotlin.coroutines.intrinsics.IntrinsicsKt__IntrinsicsJvmKt                      : loaded 2 times (x 67B)
Class kotlin.coroutines.jvm.internal.CoroutineStackFrame                              : loaded 2 times (x 66B)
Class org.gradle.tooling.internal.adapter.ProtocolToModelAdapter$MethodInvocationCache$MethodInvocationKey: loaded 2 times (x 69B)
Class com.google.common.cache.CacheLoader$1                                           : loaded 2 times (x 71B)
Class org.gradle.util.internal.GUtil                                                  : loaded 2 times (x 67B)
Class kotlin.reflect.KMutableProperty2                                                : loaded 2 times (x 66B)
Class javax.xml.bind.UnmarshallerHandler                                              : loaded 2 times (x 66B)
Class com.sun.xml.bind.v2.runtime.XMLSerializer                                       : loaded 2 times (x 80B)
Class com.sun.xml.bind.v2.model.impl.ClassInfoImpl$DuplicateException                 : loaded 2 times (x 78B)
Class javax.xml.bind.annotation.XmlElementDecl                                        : loaded 2 times (x 66B)
Class [Ljavax.xml.bind.annotation.XmlAccessType;                                      : loaded 2 times (x 65B)
Class com.google.gson.internal.bind.ObjectTypeAdapter$1                               : loaded 2 times (x 72B)
Class com.google.gson.internal.UnsafeAllocator$1                                      : loaded 2 times (x 69B)
Class com.google.gson.Gson$FutureTypeAdapter                                          : loaded 2 times (x 72B)
Class com.google.gson.Gson$2                                                          : loaded 2 times (x 72B)
Class [Lcom.amazon.ion.impl.bin.IonManagedBinaryWriter$SymbolState;                   : loaded 2 times (x 65B)
Class com.amazon.ion.impl._Private_IonWriterBase                                      : loaded 2 times (x 158B)
Class com.amazon.ion.system.IonSystemBuilder                                          : loaded 2 times (x 71B)
Class com.amazon.ion.IonCatalog                                                       : loaded 2 times (x 66B)
Class com.intellij.gradle.toolingExtension.impl.model.sourceSetModel.GradleSourceSetSerialisationService$SourceSetModelReadContext: loaded 2 times (x 68B)
Class com.intellij.gradle.toolingExtension.impl.model.utilTurnOffDefaultTasksModel.TurnOffDefaultTasks: loaded 2 times (x 66B)
Class com.android.utils.StringHelper                                                  : loaded 2 times (x 67B)
Class com.google.common.io.ByteSource                                                 : loaded 2 times (x 80B)
Class com.google.common.util.concurrent.AbstractFuture$SetFuture                      : loaded 2 times (x 71B)
Class com.google.common.cache.AbstractCache$StatsCounter                              : loaded 2 times (x 66B)
Class javax.xml.bind.annotation.DomHandler                                            : loaded 2 times (x 66B)
Class com.sun.xml.bind.v2.runtime.property.PropertyFactory                            : loaded 2 times (x 67B)
Class android.databinding.internal.org.antlr.v4.runtime.Token                         : loaded 2 times (x 66B)
Class javax.activation.DataSource                                                     : loaded 2 times (x 66B)
Class com.sun.xml.bind.v2.model.runtime.RuntimeBuiltinLeafInfo                        : loaded 2 times (x 66B)
Class kotlin.io.TextStreamsKt                                                         : loaded 2 times (x 67B)
Class android.databinding.tool.processing.scopes.ScopeProvider                        : loaded 2 times (x 66B)
Class com.google.gson.internal.UnsafeAllocator$2                                      : loaded 2 times (x 69B)
Class com.google.gson.internal.bind.ReflectiveTypeAdapterFactory$BoundField           : loaded 2 times (x 71B)
Class com.google.gson.Gson$3                                                          : loaded 2 times (x 71B)
Class com.intellij.gradle.toolingExtension.impl.model.sourceSetModel.GradleSourceSetSerialisationService$SourceSetModelWriteContext: loaded 2 times (x 68B)
Class kotlin.collections.AbstractIterator$WhenMappings                                : loaded 2 times (x 67B)
Class kotlin.ranges.IntProgressionIterator                                            : loaded 2 times (x 78B)
Class com.android.builder.model.v2.dsl.BuildType                                      : loaded 2 times (x 66B)
Class com.sun.xml.bind.api.RawAccessor                                                : loaded 2 times (x 69B)
Class kotlin.coroutines.CoroutineContext                                              : loaded 2 times (x 66B)
Class kotlin.coroutines.jvm.internal.DebugProbesKt                                    : loaded 2 times (x 67B)
Class org.gradle.tooling.internal.adapter.WeakIdentityHashMap                         : loaded 2 times (x 72B)
Class org.gradle.tooling.GradleConnectionException                                    : loaded 2 times (x 78B)
Class org.gradle.tooling.internal.adapter.ProtocolToModelAdapter$1                    : loaded 2 times (x 71B)
Class org.gradle.tooling.internal.adapter.ProtocolToModelAdapter$ViewDecoration       : loaded 2 times (x 66B)
Class com.google.common.io.LineBuffer                                                 : loaded 2 times (x 71B)
Class com.google.common.collect.MapMakerInternalMap$1                                 : loaded 2 times (x 79B)
Class com.google.common.reflect.Types$TypeVariableImpl                                : loaded 2 times (x 68B)
Class org.gradle.internal.installation.GradleInstallation                             : loaded 2 times (x 71B)
Class com.android.tools.build.jetifier.core.utils.StdOutLogConsumer                   : loaded 2 times (x 73B)
Class com.squareup.javapoet.ClassName                                                 : loaded 2 times (x 80B)
Class com.google.common.collect.ForwardingMapEntry                                    : loaded 2 times (x 82B)
Class com.sun.xml.bind.v2.ClassFactory$1                                              : loaded 2 times (x 79B)
Class com.sun.xml.bind.v2.runtime.property.ArrayElementNodeProperty                   : loaded 2 times (x 101B)
Class com.sun.xml.bind.v2.model.annotation.XmlElementRefQuick                         : loaded 2 times (x 90B)
Class com.sun.xml.bind.v2.runtime.JaxBeanInfo                                         : loaded 2 times (x 85B)
Class com.sun.xml.bind.v2.model.impl.ClassInfoImpl                                    : loaded 2 times (x 133B)
Class com.google.gson.internal.UnsafeAllocator$3                                      : loaded 2 times (x 69B)
Class com.google.gson.Gson$4                                                          : loaded 2 times (x 72B)
Class com.google.gson.internal.ConstructorConstructor                                 : loaded 2 times (x 68B)
Class android.databinding.tool.LibTypes$mutableLiveData$2                             : loaded 2 times (x 75B)
Class jdk.internal.jimage.decompressor.ResourceDecompressor$StringsProvider           : loaded 2 times (x 66B)
Class com.amazon.ion.impl.lite.ContainerlessContext                                   : loaded 2 times (x 76B)
Class org.jetbrains.plugins.gradle.tooling.serialization.GradleExtensionsSerializationService$ReadContext: loaded 2 times (x 68B)
Class com.sun.xml.bind.v2.model.impl.RuntimeBuiltinLeafInfoImpl$StringImpl            : loaded 2 times (x 130B)
Class com.google.common.collect.LexicographicalOrdering                               : loaded 2 times (x 111B)
Class org.gradle.tooling.internal.adapter.MethodInvoker                               : loaded 2 times (x 66B)
Class com.google.common.base.Splitter$Strategy                                        : loaded 2 times (x 66B)
Class com.sun.xml.bind.v2.model.annotation.Quick                                      : loaded 2 times (x 84B)
Class com.sun.xml.bind.v2.runtime.unmarshaller.LeafPropertyLoader                     : loaded 2 times (x 74B)
Class com.sun.xml.bind.v2.model.impl.RuntimeTypeRefImpl                               : loaded 2 times (x 92B)
Class com.sun.xml.bind.v2.model.core.ReferencePropertyInfo                            : loaded 2 times (x 66B)
Class com.sun.xml.bind.v2.model.annotation.XmlTypeQuick                               : loaded 2 times (x 91B)
Class com.google.gson.internal.UnsafeAllocator$4                                      : loaded 2 times (x 68B)
Class com.google.gson.ReflectionAccessFilter$FilterResult                             : loaded 2 times (x 75B)
Class kotlin.io.FileWalkDirection                                                     : loaded 2 times (x 75B)
Class com.google.gson.Gson$5                                                          : loaded 2 times (x 72B)
Class android.databinding.tool.LibTypes$observableMap$2                               : loaded 2 times (x 75B)
Class com.sun.xml.bind.v2.model.impl.PropertySeed                                     : loaded 2 times (x 66B)
Class com.amazon.ion.UnexpectedEofException                                           : loaded 2 times (x 80B)
Class com.amazon.ion.IonSexp                                                          : loaded 2 times (x 66B)
Class com.amazon.ion.impl._Private_LocalSymbolTable                                   : loaded 2 times (x 66B)
Class com.amazon.ion.BufferConfiguration$DataHandler                                  : loaded 2 times (x 66B)
Class com.amazon.ion.ReadOnlyValueException                                           : loaded 2 times (x 80B)
Class com.amazon.ion.impl._Private_IonBinaryWriterBuilder                             : loaded 2 times (x 105B)
Class org.jetbrains.plugins.gradle.tooling.serialization.RepositoriesModelSerializationService$WriteContext: loaded 2 times (x 68B)
Class com.android.ide.gradle.model.LegacyAndroidGradlePluginProperties                : loaded 2 times (x 66B)
Class com.android.ide.common.gradle.Part                                              : loaded 2 times (x 73B)
Class com.google.common.collect.Lists$RandomAccessReverseList                         : loaded 2 times (x 196B)
Class org.gradle.tooling.model.gradle.GradleScript                                    : loaded 2 times (x 66B)

---------------  S Y S T E M  ---------------

OS:
 Windows 11 , 64 bit Build 22621 (10.0.22621.4391)
OS uptime: 0 days 2:03 hours
Hyper-V role detected

CPU: total 8 (initial active 8) (4 cores per cpu, 2 threads per core) family 6 model 140 stepping 1 microcode 0xb8, cx8, cmov, fxsr, ht, mmx, 3dnowpref, sse, sse2, sse3, ssse3, sse4.1, sse4.2, popcnt, lzcnt, tsc, tscinvbit, avx, avx2, aes, erms, clmul, bmi1, bmi2, adx, avx512f, avx512dq, avx512cd, avx512bw, avx512vl, sha, fma, vzeroupper, avx512_vpopcntdq, avx512_vpclmulqdq, avx512_vaes, avx512_vnni, clflush, clflushopt, clwb, avx512_vbmi2, avx512_vbmi, hv, rdtscp, rdpid, fsrm, gfni, avx512_bitalg, f16c, cet_ibt, cet_ss, avx512_ifma
Processor Information for all 8 processors :
  Max Mhz: 2611, Current Mhz: 2611, Mhz Limit: 2611

Memory: 4k page, system-wide physical 16064M (463M free)
TotalPageFile size 16064M (AvailPageFile size 5M)
current process WorkingSet (physical memory assigned to process): 1198M, peak: 1198M
current process commit charge ("private bytes"): 1250M, peak: 1251M

vm_info: OpenJDK 64-Bit Server VM (21.0.4+-12508038-b607.1) for windows-amd64 JRE (21.0.4+-12508038-b607.1), built on 2024-10-16T17:23:34Z by "builder" with MS VC++ 16.10 / 16.11 (VS2019)

END.
